state,district,block,panchayat,village,village_id,year,week,demand,date,program,previous_demand,demand_2w_ago,demand_4w_ago,weekly_growth,2_week_growth,4_week_growth,consecutive_growth_weeks,rolling_mean_4,rolling_std_4,rolling_mean_8,rolling_std_8,rolling_mean_12,rolling_std_12,rolling_mean,rolling_std,z_score,demand_ratio_to_average,same_week_last_year,same_week_2y_ago,seasonal_baseline,seasonal_deviation,volume_dampener,zscore_abnormality,isoforest_abnormality,abnormality_score,anomaly_detected,speed_score,intensity_score,dms,risk,risk_emoji,recommendation,explanation
Tamil Nadu,Salem,Attur,Chinnakoundampalayam Gp,Chinnakoundampalayam,Tamil Nadu|Salem|Attur|Chinnakoundampalayam,2024,1,103.0,2024-01-01,MGNREGA (historical),,,,,,,0,,,,,,,,,0.0,1.0,,,,,1.0,0.0,0.0,0.0,False,0.0,10.0,3.0,LOW,🟢,Continue routine monitoring. No administrative action required at this time.,No significant deviation from normal demand patterns detected
Tamil Nadu,Salem,Attur,Chinnakoundampalayam Gp,Chinnakoundampalayam,Tamil Nadu|Salem|Attur|Chinnakoundampalayam,2024,2,118.0,2024-01-08,MGNREGA (historical),103.0,,,14.563106796116504,,,1,,,,,,,,,0.0,1.0,,,,,1.0,0.0,0.0,0.0,False,44.12621359223301,10.0,20.7,LOW,🟢,Continue routine monitoring. No administrative action required at this time.,Demand increased 15% in the latest week
Tamil Nadu,Salem,Attur,Chinnakoundampalayam Gp,Chinnakoundampalayam,Tamil Nadu|Salem|Attur|Chinnakoundampalayam,2024,3,118.0,2024-01-15,MGNREGA (historical),118.0,103.0,,0.0,14.563106796116504,,0,,,,,,,,,0.0,1.0,,,,,1.0,0.0,0.0,0.0,False,0.0,10.0,3.0,LOW,🟢,Continue routine monitoring. No administrative action required at this time.,No significant deviation from normal demand patterns detected
Tamil Nadu,Salem,Attur,Chinnakoundampalayam Gp,Chinnakoundampalayam,Tamil Nadu|Salem|Attur|Chinnakoundampalayam,2024,4,116.0,2024-01-22,MGNREGA (historical),118.0,118.0,,-1.694915254237288,-1.694915254237288,,0,113.0,8.660254037844387,,,,,113.0,8.660254037844387,0.3464101615137754,1.0265486725663717,,,,,1.0,6.928203230275508,0.0,4.156921938165304,False,0.0,13.318584070796465,5.2,LOW,🟢,Continue routine monitoring. No administrative action required at this time.,No significant deviation from normal demand patterns detected
Tamil Nadu,Salem,Attur,Chinnakoundampalayam Gp,Chinnakoundampalayam,Tamil Nadu|Salem|Attur|Chinnakoundampalayam,2024,5,114.0,2024-01-29,MGNREGA (historical),116.0,118.0,103.0,-1.7241379310344827,-3.389830508474576,10.679611650485436,0,113.75,7.22841614740048,113.75,7.22841614740048,,,113.75,7.22841614740048,0.03458572319330373,1.0021978021978022,,,,,1.0,0.6917144638660747,2.314561889975928,1.340853434310016,False,0.0,10.274725274725274,3.5,LOW,🟢,Continue routine monitoring. No administrative action required at this time.,No significant deviation from normal demand patterns detected
Tamil Nadu,Salem,Attur,Chinnakoundampalayam Gp,Chinnakoundampalayam,Tamil Nadu|Salem|Attur|Chinnakoundampalayam,2024,6,131.0,2024-02-05,MGNREGA (historical),114.0,116.0,118.0,14.912280701754385,12.931034482758621,11.016949152542372,1,116.5,1.9148542155126793,113.8,6.260990336999411,,,113.8,6.260990336999411,2.7471692294997423,1.1511423550087874,,,,,1.0,54.94338458999485,17.47780985375475,39.957154695498815,False,44.82456140350877,28.892794376098426,38.6,LOW,🟢,Continue routine monitoring. No administrative action required at this time.,Demand increased 15% in the latest week · Current demand is 15% above its historical baseline · Current demand is 2.7 standard deviations above baseline
Tamil Nadu,Salem,Attur,Chinnakoundampalayam Gp,Chinnakoundampalayam,Tamil Nadu|Salem|Attur|Chinnakoundampalayam,2024,7,133.0,2024-02-12,MGNREGA (historical),131.0,114.0,118.0,1.5267175572519083,16.666666666666664,12.711864406779661,2,119.75,7.67571929311297,116.66666666666667,8.981462390204989,116.66666666666667,8.981462390204989,116.66666666666667,8.981462390204989,1.8185605666117524,1.14,,,,,1.0,36.37121133223505,10.882426477135354,26.17569739019517,False,6.106870229007633,27.499999999999993,18.5,LOW,🟢,Continue routine monitoring. No administrative action required at this time.,Current demand is 14% above its historical baseline · Current demand is 1.8 standard deviations above baseline
Tamil Nadu,Salem,Attur,Chinnakoundampalayam Gp,Chinnakoundampalayam,Tamil Nadu|Salem|Attur|Chinnakoundampalayam,2024,8,130.0,2024-02-19,MGNREGA (historical),133.0,131.0,116.0,-2.2556390977443606,-0.7633587786259541,12.068965517241379,0,123.5,9.882644720249065,119.0,10.263202878893773,119.0,10.263202878893773,119.0,10.263202878893773,1.0717901740616904,1.0924369747899159,,,,,1.0,21.43580348123381,3.566065067362592,14.287908115685322,False,0.0,21.554621848739487,10.8,LOW,🟢,Continue routine monitoring. No administrative action required at this time.,No significant deviation from normal demand patterns detected
Tamil Nadu,Salem,Attur,Chinnakoundampalayam Gp,Chinnakoundampalayam,Tamil Nadu|Salem|Attur|Chinnakoundampalayam,2024,9,145.0,2024-02-26,MGNREGA (historical),130.0,133.0,114.0,11.538461538461538,9.022556390977442,27.192982456140353,1,127.0,8.755950357709134,120.375,10.266972011538476,120.375,10.266972011538476,120.375,10.266972011538476,2.398467627293163,1.2045690550363448,,,,,1.0,47.96935254586326,17.56883585102805,35.809145867929175,False,38.07692307692308,35.38075458636207,36.6,LOW,🟢,Continue routine monitoring. No administrative action required at this time.,Demand increased 12% in the latest week · Current demand is 20% above its historical baseline · Current demand is 2.4 standard deviations above baseline
Tamil Nadu,Salem,Attur,Chinnakoundampalayam Gp,Chinnakoundampalayam,Tamil Nadu|Salem|Attur|Chinnakoundampalayam,2024,10,127.0,2024-03-04,MGNREGA (historical),145.0,130.0,131.0,-12.413793103448276,-2.307692307692308,-3.0534351145038165,0,134.75,6.946221994724899,125.625,10.835622468770058,123.11111111111111,12.633729105498158,123.11111111111111,12.633729105498158,0.3078179733327077,1.0315884476534296,,,,,1.0,6.156359466654155,6.913746524453986,6.4593142897740865,False,0.0,13.948555956678701,6.1,LOW,🟢,Continue routine monitoring. No administrative action required at this time.,No significant deviation from normal demand patterns detected
Tamil Nadu,Salem,Attur,Chinnakoundampalayam Gp,Chinnakoundampalayam,Tamil Nadu|Salem|Attur|Chinnakoundampalayam,2024,11,126.0,2024-03-11,MGNREGA (historical),127.0,145.0,133.0,-0.7874015748031495,-13.10344827586207,-5.263157894736842,0,133.75,7.889866919029748,126.75,10.388867668257774,123.5,11.97450996445738,123.5,11.97450996445738,0.2087768106937549,1.0202429149797572,,,,,1.0,4.175536213875098,1.0804417830916648,2.9374984415617247,False,0.0,12.530364372469647,4.6,LOW,🟢,Continue routine monitoring. No administrative action required at this time.,No significant deviation from normal demand patterns detected
Tamil Nadu,Salem,Attur,Chinnakoundampalayam Gp,Chinnakoundampalayam,Tamil Nadu|Salem|Attur|Chinnakoundampalayam,2024,12,132.0,2024-03-18,MGNREGA (historical),126.0,127.0,130.0,4.761904761904762,3.937007874015748,1.5384615384615385,1,132.0,8.831760866327844,127.75,9.794313218831208,123.72727272727273,11.384998103565147,123.72727272727273,11.384998103565147,0.7266340492526484,1.0668626010286553,,,,,1.0,14.532680985052968,0.16212301584639685,8.78445779737034,False,19.047619047619047,18.357825128581908,15.8,LOW,🟢,Continue routine monitoring. No administrative action required at this time.,No significant deviation from normal demand patterns detected
Tamil Nadu,Salem,Attur,Chinnakoundampalayam Gp,Chinnakoundampalayam,Tamil Nadu|Salem|Attur|Chinnakoundampalayam,2024,13,137.0,2024-03-25,MGNREGA (historical),132.0,126.0,145.0,3.787878787878788,8.73015873015873,-5.517241379310345,2,132.5,8.736894948054102,129.75,8.61477136749932,124.41666666666667,11.114759502026077,124.41666666666667,11.114759502026077,1.1321282598188067,1.101138647019424,,,,,1.0,22.642565196376136,12.588987521596778,18.62113412646439,False,15.151515151515152,22.642330877428,18.4,LOW,🟢,Continue routine monitoring. No administrative action required at this time.,Current demand is 10% above its historical baseline
Tamil Nadu,Salem,Attur,Chinnakoundampalayam Gp,Chinnakoundampalayam,Tamil Nadu|Salem|Attur|Chinnakoundampalayam,2024,14,139.0,2024-04-01,MGNREGA (historical),137.0,132.0,127.0,1.4598540145985401,5.303030303030303,9.448818897637794,3,130.5,5.06622805119022,132.625,6.06953752062594,127.25,9.35292856421308,127.25,9.35292856421308,1.2562910022598468,1.0923379174852652,,,,,1.0,25.125820045196935,17.414229578843145,22.04118385865542,False,5.839416058394161,21.542239685658153,15.4,LOW,🟢,Continue routine monitoring. No administrative action required at this time.,Momentum has increased for 3 consecutive weeks
Tamil Nadu,Salem,Attur,Chinnakoundampalayam Gp,Chinnakoundampalayam,Tamil Nadu|Salem|Attur|Chinnakoundampalayam,2024,15,136.0,2024-04-08,MGNREGA (historical),139.0,137.0,126.0,-2.158273381294964,-0.7299270072992701,7.936507936507936,0,133.5,5.802298395176405,133.625,6.412877669190359,129.0,9.429161728864933,129.0,9.429161728864933,0.7423777639290368,1.054263565891473,,,,,1.0,14.847555278580735,1.7567878509775365,9.611248307539455,False,0.0,16.782945736434122,7.9,LOW,🟢,Continue routine monitoring. No administrative action required at this time.,No significant deviation from normal demand patterns detected
Tamil Nadu,Salem,Attur,Chinnakoundampalayam Gp,Chinnakoundampalayam,Tamil Nadu|Salem|Attur|Chinnakoundampalayam,2024,16,139.0,2024-04-15,MGNREGA (historical),136.0,139.0,132.0,2.2058823529411766,0.0,5.303030303030303,1,136.0,2.9439202887759515,134.0,6.458659745975638,130.5,8.939188492759907,130.5,8.939188492759907,0.9508693106633093,1.0651340996168583,,,,,1.0,19.017386213266185,0.42071650167540026,11.578718328629872,False,8.823529411764707,18.141762452107294,12.4,LOW,🟢,Continue routine monitoring. No administrative action required at this time.,No significant deviation from normal demand patterns detected
Tamil Nadu,Salem,Attur,Chinnakoundampalayam Gp,Chinnakoundampalayam,Tamil Nadu|Salem|Attur|Chinnakoundampalayam,2024,17,127.0,2024-04-22,MGNREGA (historical),139.0,136.0,137.0,-8.633093525179856,-6.61764705882353,-7.2992700729927,0,137.75,1.4999999999999993,135.125,6.44620597162174,132.41666666666666,7.959652040514136,132.41666666666666,7.959652040514136,-0.6805155098610038,0.959093769666457,,,,,1.0,0.0,1.3662000240036245,0.5464800096014498,False,0.0,9.59093769666457,3.0,LOW,🟢,Continue routine monitoring. No administrative action required at this time.,No significant deviation from normal demand patterns detected
Tamil Nadu,Salem,Attur,Chinnakoundampalayam Gp,Chinnakoundampalayam,Tamil Nadu|Salem|Attur|Chinnakoundampalayam,2024,18,144.0,2024-04-29,MGNREGA (historical),127.0,139.0,139.0,13.385826771653544,3.597122302158273,3.597122302158273,1,135.25,5.678908345800274,132.875,5.591766907056974,133.5,5.82315128681122,133.5,5.82315128681122,1.803147382377187,1.0786516853932584,,,,,1.0,36.062947647543744,9.551305132506666,25.45829064152891,False,41.77165354330709,19.831460674157302,30.3,LOW,🟢,Continue routine monitoring. No administrative action required at this time.,Demand increased 13% in the latest week · Current demand is 1.8 standard deviations above baseline
Tamil Nadu,Salem,Attur,Chinnakoundampalayam Gp,Chinnakoundampalayam,Tamil Nadu|Salem|Attur|Chinnakoundampalayam,2024,19,141.0,2024-05-06,MGNREGA (historical),144.0,127.0,136.0,-2.083333333333333,11.023622047244094,3.6764705882352944,0,136.5,7.14142842854285,135.0,6.233549779791866,134.58333333333334,6.48716681867621,134.58333333333334,6.48716681867621,0.9891323664120081,1.0476780185758514,,,,,1.0,19.78264732824016,2.239589389179688,12.76542415261597,False,0.0,15.959752321981428,8.6,LOW,🟢,Continue routine monitoring. No administrative action required at this time.,No significant deviation from normal demand patterns detected
Tamil Nadu,Salem,Attur,Chinnakoundampalayam Gp,Chinnakoundampalayam,Tamil Nadu|Salem|Attur|Chinnakoundampalayam,2024,20,138.0,2024-05-13,MGNREGA (historical),141.0,144.0,139.0,-2.127659574468085,-4.166666666666666,-0.7194244604316548,0,137.75,7.455423082115015,136.875,5.330170192940809,135.25,6.716668546507015,135.25,6.716668546507015,0.40942916580722594,1.0203327171903882,,,,,1.0,8.188583316144518,1.042538454934933,5.3301653716606845,False,0.0,12.541589648798526,5.4,LOW,🟢,Continue routine monitoring. No administrative action required at this time.,No significant deviation from normal demand patterns detected
Tamil Nadu,Salem,Attur,Chinnakoundampalayam Gp,Chinnakoundampalayam,Tamil Nadu|Salem|Attur|Chinnakoundampalayam,2024,21,130.0,2024-05-20,MGNREGA (historical),138.0,141.0,127.0,-5.797101449275362,-7.801418439716312,2.3622047244094486,0,137.5,7.416198487095665,137.625,4.955156044825611,135.91666666666666,6.5429814351415025,135.91666666666666,6.5429814351415025,-0.9042768538038347,0.9564684242795831,,,,,1.0,0.0,1.7024272125198594,0.6809708850079438,False,0.0,9.564684242795831,3.1,LOW,🟢,Continue routine monitoring. No administrative action required at this time.,No significant deviation from normal demand patterns detected
Tamil Nadu,Salem,Attur,Chinnakoundampalayam Gp,Chinnakoundampalayam,Tamil Nadu|Salem|Attur|Chinnakoundampalayam,2024,22,129.0,2024-05-27,MGNREGA (historical),130.0,138.0,144.0,-0.7692307692307693,-6.521739130434782,-10.416666666666668,0,138.25,6.02079728939615,136.75,5.650537269018921,134.66666666666666,6.065301211636491,134.66666666666666,6.065301211636491,-0.934276216289961,0.957920792079208,,,,,1.0,0.0,1.4084461299610032,0.5633784519844013,False,0.0,9.57920792079208,3.0,LOW,🟢,Continue routine monitoring. No administrative action required at this time.,No significant deviation from normal demand patterns detected
Tamil Nadu,Salem,Attur,Chinnakoundampalayam Gp,Chinnakoundampalayam,Tamil Nadu|Salem|Attur|Chinnakoundampalayam,2024,23,127.0,2024-06-03,MGNREGA (historical),129.0,130.0,141.0,-1.550387596899225,-2.307692307692308,-9.929078014184398,0,134.5,5.916079783099621,135.5,6.164414002969005,134.83333333333334,5.85946527708234,134.83333333333334,5.85946527708234,-1.3368682913731456,0.9419035846724351,,,,,1.0,0.0,1.800532318658978,0.7202129274635912,False,0.0,9.41903584672435,3.0,LOW,🟢,Continue routine monitoring. No administrative action required at this time.,No significant deviation from normal demand patterns detected
Tamil Nadu,Salem,Attur,Chinnakoundampalayam Gp,Chinnakoundampalayam,Tamil Nadu|Salem|Attur|Chinnakoundampalayam,2024,24,123.0,2024-06-10,MGNREGA (historical),127.0,129.0,138.0,-3.149606299212598,-4.651162790697675,-10.869565217391305,0,131.0,4.8304589153964885,134.375,6.843923269169962,134.91666666666666,5.728054299725725,134.91666666666666,5.728054299725725,-2.080403928300271,0.9116738727609637,,,,,1.0,0.0,4.5156077122862435,1.8062430849144975,False,0.0,9.116738727609636,3.3,LOW,🟢,Continue routine monitoring. No administrative action required at this time.,No significant deviation from normal demand patterns detected
Tamil Nadu,Salem,Attur,Chinnakoundampalayam Gp,Chinnakoundampalayam,Tamil Nadu|Salem|Attur|Chinnakoundampalayam,2024,25,121.0,2024-06-17,MGNREGA (historical),123.0,127.0,130.0,-1.6260162601626018,-4.724409448818897,-6.923076923076923,0,127.25,3.09569593683446,132.375,7.595816517756925,134.16666666666666,6.658328118479414,134.16666666666666,6.658328118479414,-1.97747338857094,0.9018633540372671,,,,,1.0,0.0,3.4406625083245745,1.3762650033298298,False,0.0,9.018633540372672,3.1,LOW,🟢,Continue routine monitoring. No administrative action required at this time.,No significant deviation from normal demand patterns detected
Tamil Nadu,Salem,Attur,Chinnakoundampalayam Gp,Chinnakoundampalayam,Tamil Nadu|Salem|Attur|Chinnakoundampalayam,2024,26,122.0,2024-06-24,MGNREGA (historical),121.0,123.0,129.0,0.8264462809917356,-0.8130081300813009,-5.426356589147287,1,125.0,3.6514837167011125,131.625,8.450486038430846,132.83333333333334,7.577878490992233,132.83333333333334,7.577878490992233,-1.4295997680895576,0.918444165621079,,,,,1.0,0.0,7.448089542477322,2.979235816990929,False,3.3057851239669422,9.18444165621079,5.0,LOW,🟢,Continue routine monitoring. No administrative action required at this time.,No significant deviation from normal demand patterns detected
Tamil Nadu,Salem,Attur,Chinnakoundampalayam Gp,Chinnakoundampalayam,Tamil Nadu|Salem|Attur|Chinnakoundampalayam,2024,27,111.0,2024-07-01,MGNREGA (historical),122.0,121.0,127.0,-9.01639344262295,-8.264462809917356,-12.598425196850393,0,123.25,2.629955639676592,128.875,7.356969484781105,131.41666666666666,7.902339507827414,131.41666666666666,7.902339507827414,-2.5836230709201455,0.8446417247939125,,,,,1.0,0.0,7.861836495873183,3.1447345983492734,False,0.0,8.446417247939126,3.5,LOW,🟢,Continue routine monitoring. No administrative action required at this time.,No significant deviation from normal demand patterns detected
Tamil Nadu,Salem,Attur,Chinnakoundampalayam Gp,Chinnakoundampalayam,Tamil Nadu|Salem|Attur|Chinnakoundampalayam,2024,28,111.0,2024-07-08,MGNREGA (historical),111.0,122.0,123.0,0.0,-9.01639344262295,-9.75609756097561,0,119.25,5.56027577253743,125.125,7.918107638282579,129.33333333333334,9.679719505077106,129.33333333333334,9.679719505077106,-1.8939942757346773,0.8582474226804123,,,,,1.0,0.0,3.6400814464564135,1.4560325785825654,False,0.0,8.582474226804123,3.0,LOW,🟢,Continue routine monitoring. No administrative action required at this time.,No significant deviation from normal demand patterns detected
Tamil Nadu,Salem,Attur,Chinnakoundampalayam Gp,Chinnakoundampalayam,Tamil Nadu|Salem|Attur|Chinnakoundampalayam,2024,29,103.0,2024-07-15,MGNREGA (historical),111.0,111.0,121.0,-7.207207207207207,-7.207207207207207,-14.87603305785124,0,116.25,6.075908711186066,121.75,7.382411530116726,127.0,10.479417055265168,127.0,10.479417055265168,-2.290203727309592,0.8110236220472441,,,,,1.0,0.0,6.282259835473444,2.512903934189378,False,0.0,8.11023622047244,3.2,LOW,🟢,Continue routine monitoring. No administrative action required at this time.,No significant deviation from normal demand patterns detected
Tamil Nadu,Salem,Attur,Chinnakoundampalayam Gp,Chinnakoundampalayam,Tamil Nadu|Salem|Attur|Chinnakoundampalayam,2024,30,110.0,2024-07-22,MGNREGA (historical),103.0,111.0,122.0,6.796116504854369,-0.9009009009009009,-9.836065573770492,1,111.75,7.804912982645401,118.375,9.054399088682983,125.0,12.562570669181632,125.0,12.562570669181632,-1.1940231338795844,0.88,,,,,1.0,0.0,5.192011824223936,2.0768047296895746,False,25.388349514563107,8.8,13.4,LOW,🟢,Continue routine monitoring. No administrative action required at this time.,Demand increased 7% in the latest week
Tamil Nadu,Salem,Attur,Chinnakoundampalayam Gp,Chinnakoundampalayam,Tamil Nadu|Salem|Attur|Chinnakoundampalayam,2024,31,93.0,2024-07-29,MGNREGA (historical),110.0,103.0,111.0,-15.454545454545453,-9.70873786407767,-16.216216216216218,0,108.75,3.86221007541883,116.0,8.332380897952985,122.16666666666667,11.6917479316384,122.16666666666667,11.6917479316384,-2.4946369727780695,0.7612551159618008,,,,,1.0,0.0,14.320058973405247,5.728023589362099,False,0.0,7.612551159618008,4.0,LOW,🟢,Continue routine monitoring. No administrative action required at this time.,No significant deviation from normal demand patterns detected
Tamil Nadu,Salem,Attur,Chinnakoundampalayam Gp,Chinnakoundampalayam,Tamil Nadu|Salem|Attur|Chinnakoundampalayam,2024,32,106.0,2024-08-05,MGNREGA (historical),93.0,110.0,111.0,13.978494623655912,-3.6363636363636362,-4.504504504504505,1,104.25,8.301606270274851,111.75,10.347532487092222,118.16666666666667,12.819256348686332,118.16666666666667,12.819256348686332,-0.9490930156735233,0.8970380818053596,,,,,1.0,0.0,6.990782950116062,2.796313180046425,False,42.956989247311824,8.970380818053595,20.7,LOW,🟢,Continue routine monitoring. No administrative action required at this time.,Demand increased 14% in the latest week
Tamil Nadu,Salem,Attur,Chinnakoundampalayam Gp,Chinnakoundampalayam,Tamil Nadu|Salem|Attur|Chinnakoundampalayam,2024,33,91.0,2024-08-12,MGNREGA (historical),106.0,93.0,103.0,-14.150943396226415,-2.1505376344086025,-11.650485436893204,0,103.0,7.257180352359084,109.625,9.410290719662799,115.5,11.587610938961019,115.5,11.587610938961019,-2.1143271144549445,0.7878787878787878,,,,,1.0,0.0,9.286414523957744,3.714565809583098,False,0.0,7.878787878787879,3.5,LOW,🟢,Continue routine monitoring. No administrative action required at this time.,No significant deviation from normal demand patterns detected
Tamil Nadu,Salem,Attur,Chinnakoundampalayam Gp,Chinnakoundampalayam,Tamil Nadu|Salem|Attur|Chinnakoundampalayam,2024,34,80.0,2024-08-19,MGNREGA (historical),91.0,106.0,110.0,-12.087912087912088,-24.528301886792452,-27.27272727272727,0,100.0,9.416297927883694,105.875,10.176127526155113,112.25,12.577938839672722,112.25,12.577938839672722,-2.5640131035045757,0.7126948775055679,,,,,1.0,0.0,25.110333936105377,10.044133574442151,False,0.0,7.126948775055679,5.2,LOW,🟢,Continue routine monitoring. No administrative action required at this time.,No significant deviation from normal demand patterns detected
Tamil Nadu,Salem,Attur,Chinnakoundampalayam Gp,Chinnakoundampalayam,Tamil Nadu|Salem|Attur|Chinnakoundampalayam,2024,35,88.0,2024-08-26,MGNREGA (historical),80.0,91.0,93.0,10.0,-3.296703296703297,-5.376344086021505,1,92.5,10.661457061146322,100.625,11.426004175938838,108.16666666666667,14.458928247301339,108.16666666666667,14.458928247301339,-1.394755290415847,0.8135593220338982,,,,,1.0,0.0,13.843086449986949,5.53723457999478,False,35.0,8.135593220338983,18.1,LOW,🟢,Continue routine monitoring. No administrative action required at this time.,Demand increased 10% in the latest week
Tamil Nadu,Salem,Attur,Chinnakoundampalayam Gp,Chinnakoundampalayam,Tamil Nadu|Salem|Attur|Chinnakoundampalayam,2024,36,81.0,2024-09-02,MGNREGA (historical),88.0,80.0,106.0,-7.954545454545454,1.25,-23.58490566037736,0,91.25,10.874281585465777,97.75,11.335784048754647,104.91666666666667,14.221995342256104,104.91666666666667,14.221995342256104,-1.6816674517960188,0.7720413026211278,,,,,1.0,0.0,10.890132157541506,4.356052863016603,False,0.0,7.720413026211278,3.6,LOW,🟢,Continue routine monitoring. No administrative action required at this time.,No significant deviation from normal demand patterns detected
Tamil Nadu,Salem,Attur,Chinnakoundampalayam Gp,Chinnakoundampalayam,Tamil Nadu|Salem|Attur|Chinnakoundampalayam,2024,37,90.0,2024-09-09,MGNREGA (historical),81.0,88.0,91.0,11.11111111111111,2.272727272727273,-1.098901098901099,1,85.0,5.354126134736342,94.0,11.288426437221965,101.41666666666667,14.531835480222227,101.41666666666667,14.531835480222227,-0.7856314284733481,0.8874281018898932,,,,,1.0,0.0,5.449213248332144,2.1796852993328577,False,37.22222222222222,8.874281018898932,18.2,LOW,🟢,Continue routine monitoring. No administrative action required at this time.,Demand increased 11% in the latest week
Tamil Nadu,Salem,Attur,Chinnakoundampalayam Gp,Chinnakoundampalayam,Tamil Nadu|Salem|Attur|Chinnakoundampalayam,2024,38,79.0,2024-09-16,MGNREGA (historical),90.0,81.0,80.0,-12.222222222222221,-2.4691358024691357,-1.25,0,84.75,4.991659710623985,92.375,10.729631866937483,98.83333333333333,13.449118479617587,98.83333333333333,13.449118479617587,-1.4746939261031233,0.7993254637436763,,,,,1.0,0.0,10.248100849453941,4.099240339781576,False,0.0,7.993254637436763,3.6,LOW,🟢,Continue routine monitoring. No administrative action required at this time.,No significant deviation from normal demand patterns detected
Tamil Nadu,Salem,Attur,Chinnakoundampalayam Gp,Chinnakoundampalayam,Tamil Nadu|Salem|Attur|Chinnakoundampalayam,2024,39,80.0,2024-09-23,MGNREGA (historical),79.0,90.0,88.0,1.2658227848101267,-11.11111111111111,-9.090909090909092,1,84.5,5.3229064742237755,88.5,8.89622712968017,95.25,12.403262034276013,95.25,12.403262034276013,-1.2295152644406866,0.8398950131233596,,,,,1.0,0.0,8.000339278220164,3.2001357112880657,False,5.063291139240507,8.398950131233596,5.5,LOW,🟢,Continue routine monitoring. No administrative action required at this time.,No significant deviation from normal demand patterns detected
Tamil Nadu,Salem,Attur,Chinnakoundampalayam Gp,Chinnakoundampalayam,Tamil Nadu|Salem|Attur|Chinnakoundampalayam,2024,40,70.0,2024-09-30,MGNREGA (historical),80.0,79.0,81.0,-12.5,-11.39240506329114,-13.580246913580247,0,82.5,5.066228051190226,86.875,9.140764269390814,92.66666666666667,12.047884260380284,92.66666666666667,12.047884260380284,-1.881381508719043,0.7553956834532374,,,,,1.0,0.0,8.734395287745025,3.4937581150980104,False,0.0,7.553956834532373,3.3,LOW,🟢,Continue routine monitoring. No administrative action required at this time.,No significant deviation from normal demand patterns detected
Tamil Nadu,Salem,Attur,Chinnakoundampalayam Gp,Chinnakoundampalayam,Tamil Nadu|Salem|Attur|Chinnakoundampalayam,2024,41,80.0,2024-10-07,MGNREGA (historical),70.0,80.0,90.0,14.285714285714285,0.0,-11.11111111111111,1,79.75,8.180260794538688,82.375,6.988510979764292,89.25,12.188854819800996,89.25,12.188854819800996,-0.7588899971942583,0.896358543417367,,,,,1.0,0.0,8.112401386015783,3.2449605544063136,False,43.57142857142857,8.96358543417367,21.1,LOW,🟢,Continue routine monitoring. No administrative action required at this time.,Demand increased 14% in the latest week
Tamil Nadu,Salem,Attur,Chinnakoundampalayam Gp,Chinnakoundampalayam,Tamil Nadu|Salem|Attur|Chinnakoundampalayam,2024,42,67.0,2024-10-14,MGNREGA (historical),80.0,70.0,79.0,-16.25,-4.285714285714286,-15.18987341772152,0,77.25,4.856267428111159,81.0,6.071008388821679,87.33333333333333,11.62546838417788,87.33333333333333,11.62546838417788,-1.7490334721486789,0.767175572519084,,,,,1.0,0.0,10.620426756838125,4.24817070273525,False,0.0,7.67175572519084,3.6,LOW,🟢,Continue routine monitoring. No administrative action required at this time.,No significant deviation from normal demand patterns detected
Tamil Nadu,Salem,Attur,Chinnakoundampalayam Gp,Chinnakoundampalayam,Tamil Nadu|Salem|Attur|Chinnakoundampalayam,2024,43,74.0,2024-10-21,MGNREGA (historical),67.0,80.0,80.0,10.44776119402985,-7.5,-7.5,1,74.25,6.751543033509702,79.375,7.854707414756383,83.75,10.584078952498976,83.75,10.584078952498976,-0.9211949423051078,0.8835820895522388,,,,,1.0,0.0,4.796105549474842,1.9184422197899371,False,35.8955223880597,8.835820895522389,17.6,LOW,🟢,Continue routine monitoring. No administrative action required at this time.,Demand increased 10% in the latest week
Tamil Nadu,Salem,Attur,Chinnakoundampalayam Gp,Chinnakoundampalayam,Tamil Nadu|Salem|Attur|Chinnakoundampalayam,2024,44,91.0,2024-10-28,MGNREGA (historical),74.0,67.0,70.0,22.972972972972975,35.82089552238806,30.0,2,72.75,5.6199051000291265,77.625,7.1900228491590275,82.16666666666667,10.49530919751866,82.16666666666667,10.49530919751866,0.84164584073633,1.1075050709939147,,,,,1.0,16.8329168147266,28.4701781487382,21.48782134833124,False,59.45945945945947,23.43813387423934,37.3,LOW,🟢,Continue routine monitoring. No administrative action required at this time.,Demand increased 23% in the latest week · Current demand is 11% above its historical baseline
Tamil Nadu,Salem,Attur,Chinnakoundampalayam Gp,Chinnakoundampalayam,Tamil Nadu|Salem|Attur|Chinnakoundampalayam,2024,45,93.0,2024-11-04,MGNREGA (historical),91.0,74.0,80.0,2.197802197802198,25.675675675675674,16.25,3,78.0,10.165300454651272,78.875,8.59297886150583,80.91666666666667,7.993842327161565,80.91666666666667,7.993842327161565,1.511580143665887,1.149330587023687,,,,,1.0,30.23160287331774,18.385702435468364,25.49324269817799,False,8.791208791208792,28.666323377960875,19.8,LOW,🟢,Continue routine monitoring. No administrative action required at this time.,Current demand is 15% above its historical baseline · Current demand is 1.5 standard deviations above baseline · Momentum has increased for 3 consecutive weeks
Tamil Nadu,Salem,Attur,Chinnakoundampalayam Gp,Chinnakoundampalayam,Tamil Nadu|Salem|Attur|Chinnakoundampalayam,2024,46,89.0,2024-11-11,MGNREGA (historical),93.0,91.0,67.0,-4.301075268817205,-2.197802197802198,32.83582089552239,0,81.25,12.763881332363864,79.25,9.192388155425137,81.08333333333333,8.240237566449153,81.08333333333333,8.240237566449153,0.9607328190269746,1.0976361767728675,,,,,1.0,19.21465638053949,16.94357650796652,18.3062244315103,False,0.0,22.204522096608443,12.2,LOW,🟢,Continue routine monitoring. No administrative action required at this time.,No significant deviation from normal demand patterns detected
Tamil Nadu,Salem,Attur,Chinnakoundampalayam Gp,Chinnakoundampalayam,Tamil Nadu|Salem|Attur|Chinnakoundampalayam,2024,47,85.0,2024-11-18,MGNREGA (historical),89.0,93.0,74.0,-4.49438202247191,-8.60215053763441,14.864864864864865,0,86.75,8.655441448399191,80.5,9.812528434899674,81.83333333333333,8.536907395467784,81.83333333333333,8.536907395467784,0.3709383878695749,1.0386965376782078,,,,,1.0,7.418767757391498,4.60518871974539,6.293336142333055,False,0.0,14.837067209775975,6.3,LOW,🟢,Continue routine monitoring. No administrative action required at this time.,No significant deviation from normal demand patterns detected
Tamil Nadu,Salem,Attur,Chinnakoundampalayam Gp,Chinnakoundampalayam,Tamil Nadu|Salem|Attur|Chinnakoundampalayam,2024,48,94.0,2024-11-25,MGNREGA (historical),85.0,89.0,91.0,10.588235294117647,5.617977528089887,3.296703296703297,1,89.5,3.4156502553198718,81.125,9.934607620405997,81.58333333333333,8.382431122004892,81.58333333333333,8.382431122004892,1.4812727341202274,1.1521961184882534,,,,,1.0,29.625454682404552,6.064986572900245,20.201267438602827,False,36.17647058823529,29.024514811031683,29.2,LOW,🟢,Continue routine monitoring. No administrative action required at this time.,Demand increased 11% in the latest week · Current demand is 15% above its historical baseline
Tamil Nadu,Salem,Attur,Chinnakoundampalayam Gp,Chinnakoundampalayam,Tamil Nadu|Salem|Attur|Chinnakoundampalayam,2024,49,97.0,2024-12-02,MGNREGA (historical),94.0,85.0,93.0,3.1914893617021276,14.117647058823529,4.301075268817205,2,90.25,4.112987559751026,84.125,9.71651760075155,82.66666666666667,9.108770332470879,82.66666666666667,9.108770332470879,1.5735750063033167,1.1733870967741935,,,,,1.0,31.47150012606633,9.259245711353966,22.586598360181387,False,12.76595744680851,31.673387096774192,21.4,LOW,🟢,Continue routine monitoring. No administrative action required at this time.,Current demand is 17% above its historical baseline · Current demand is 1.6 standard deviations above baseline
Tamil Nadu,Salem,Attur,Chinnakoundampalayam Gp,Chinnakoundampalayam,Tamil Nadu|Salem|Attur|Chinnakoundampalayam,2024,50,93.0,2024-12-09,MGNREGA (historical),97.0,94.0,89.0,-4.123711340206185,-1.0638297872340425,4.49438202247191,0,91.25,5.3150729063673285,86.25,10.511898020814337,83.25,9.817655709810174,83.25,9.817655709810174,0.9931087714002265,1.117117117117117,,,,,1.0,19.86217542800453,4.2743934966134125,13.627062655448084,False,0.0,24.639639639639633,11.5,LOW,🟢,Continue routine monitoring. No administrative action required at this time.,Current demand is 12% above its historical baseline
Tamil Nadu,Salem,Attur,Chinnakoundampalayam Gp,Chinnakoundampalayam,Tamil Nadu|Salem|Attur|Chinnakoundampalayam,2024,51,113.0,2024-12-16,MGNREGA (historical),93.0,97.0,85.0,21.50537634408602,16.49484536082474,32.94117647058823,1,92.25,5.123475382979803,89.5,7.211102550928005,84.41666666666667,10.094628034331913,84.41666666666667,10.094628034331913,2.8315390360220483,1.3385982230997038,,,,,1.0,56.63078072044097,39.42683813192737,49.749203685035525,False,57.25806451612903,46.549851924975314,51.8,MODERATE,🟡,Increase monitoring frequency. Review recent employment demand trends for this village.,Demand increased 22% in the latest week · Current demand is 34% above its historical baseline · Current demand is 2.8 standard deviations above baseline
Tamil Nadu,Salem,Attur,Chinnakoundampalayam Gp,Chinnakoundampalayam,Tamil Nadu|Salem|Attur|Chinnakoundampalayam,2024,52,112.0,2024-12-23,MGNREGA (historical),113.0,93.0,94.0,-0.8849557522123894,20.43010752688172,19.148936170212767,0,99.25,9.322910847297997,94.375,8.331309278001548,87.16666666666667,12.889977313848142,87.16666666666667,12.889977313848142,1.9265614460511138,1.2848948374760993,,,,,1.0,38.531228921022276,24.626550289356366,32.96935746835591,False,0.0,42.074569789674946,22.5,LOW,🟢,Continue routine monitoring. No administrative action required at this time.,Current demand is 28% above its historical baseline · Current demand is 1.9 standard deviations above baseline
Tamil Nadu,Salem,Attur,Chinnakoundampalayam Gp,Chinnakoundampalayam,Tamil Nadu|Salem|Attur|Chinnakoundampalayam,2025,1,109.0,2024-12-30,MGNREGA (historical),112.0,113.0,97.0,-2.6785714285714284,-3.5398230088495577,12.371134020618557,0,103.75,10.242883708539635,97.0,10.212037714663742,90.66666666666667,13.492983586316655,90.66666666666667,13.492983586316655,1.3587308704596153,1.2022058823529411,103.0,,103.0,5.825242718446602,1.0,27.174617409192305,11.619189553656886,20.952446266978136,False,0.0,35.18382352941176,16.8,LOW,🟢,Continue routine monitoring. No administrative action required at this time.,Current demand is 20% above its historical baseline
Tamil Nadu,Salem,Attur,Chinnakoundampalayam Gp,Chinnakoundampalayam,Tamil Nadu|Salem|Attur|Chinnakoundampalayam,2025,2,113.0,2025-01-06,MGNREGA (historical),109.0,112.0,93.0,3.669724770642202,0.8928571428571428,21.50537634408602,1,106.75,9.322910847297997,99.0,10.862780491200235,93.08333333333333,13.99648224203209,93.08333333333333,13.99648224203209,1.4229765967091352,1.2139659803043867,118.0,,118.0,-4.23728813559322,1.0,28.459531934182703,10.4391640100674,21.25138476453658,False,14.678899082568808,36.16383169203223,23.1,LOW,🟢,Continue routine monitoring. No administrative action required at this time.,Current demand is 21% above its historical baseline
Tamil Nadu,Salem,Attur,Chinnakoundampalayam Gp,Chinnakoundampalayam,Tamil Nadu|Salem|Attur|Chinnakoundampalayam,2025,3,118.0,2025-01-13,MGNREGA (historical),113.0,109.0,113.0,4.424778761061947,8.256880733944955,4.424778761061947,2,111.75,1.8929694486000983,102.0,11.019463300386812,96.91666666666667,12.413030787577133,96.91666666666667,12.413030787577133,1.6984839314531766,1.2175408426483232,118.0,,118.0,0.0,1.0,33.96967862906353,11.760595794658075,25.086045495301345,False,17.699115044247787,36.46173688736027,25.5,LOW,🟢,Continue routine monitoring. No administrative action required at this time.,Current demand is 22% above its historical baseline · Current demand is 1.7 standard deviations above baseline
Tamil Nadu,Salem,Attur,Chinnakoundampalayam Gp,Chinnakoundampalayam,Tamil Nadu|Salem|Attur|Chinnakoundampalayam,2025,4,106.0,2025-01-20,MGNREGA (historical),118.0,113.0,112.0,-10.16949152542373,-6.1946902654867255,-5.357142857142857,0,113.0,3.7416573867739458,106.125,9.862446813182697,100.58333333333333,11.492751338706398,100.58333333333333,11.492751338706398,0.4713115690951999,1.0538525269262635,116.0,,116.0,-8.620689655172415,1.0,9.426231381903998,6.503762143014846,8.257243686348337,False,0.0,16.73156586578294,7.5,LOW,🟢,Continue routine monitoring. No administrative action required at this time.,No significant deviation from normal demand patterns detected
Tamil Nadu,Salem,Attur,Chinnakoundampalayam Gp,Chinnakoundampalayam,Tamil Nadu|Salem|Attur|Chinnakoundampalayam,2025,5,121.0,2025-01-27,MGNREGA (historical),106.0,118.0,109.0,14.150943396226415,2.5423728813559325,11.009174311926607,1,111.5,5.196152422706635,107.625,8.584662402880438,101.83333333333333,11.166779737102994,101.83333333333333,11.166779737102994,1.7164005306725154,1.188216039279869,114.0,,114.0,6.140350877192982,1.0,34.32801061345031,9.518702474955214,24.404287358052272,False,43.301886792452834,33.52700490998364,34.7,LOW,🟢,Continue routine monitoring. No administrative action required at this time.,Demand increased 14% in the latest week · Current demand is 19% above its historical baseline · Current demand is 1.7 standard deviations above baseline
Tamil Nadu,Salem,Attur,Chinnakoundampalayam Gp,Chinnakoundampalayam,Tamil Nadu|Salem|Attur|Chinnakoundampalayam,2025,6,121.0,2025-02-03,MGNREGA (historical),121.0,106.0,113.0,0.0,14.150943396226415,7.079646017699115,0,114.5,6.557438524302005,110.625,8.534593470944358,104.16666666666667,12.044110845579691,104.16666666666667,12.044110845579691,1.397640186906062,1.1616,131.0,,131.0,-7.633587786259542,1.0,27.95280373812124,6.724890156994571,19.461638305670572,False,0.0,30.2,14.9,LOW,🟢,Continue routine monitoring. No administrative action required at this time.,Current demand is 16% above its historical baseline
Tamil Nadu,Salem,Attur,Chinnakoundampalayam Gp,Chinnakoundampalayam,Tamil Nadu|Salem|Attur|Chinnakoundampalayam,2025,7,122.0,2025-02-10,MGNREGA (historical),121.0,121.0,118.0,0.8264462809917356,0.8264462809917356,3.389830508474576,1,116.5,7.141428428542853,114.125,5.462534733462671,106.83333333333333,11.92273102739131,106.83333333333333,11.92273102739131,1.2720799145617507,1.141965678627145,133.0,,133.0,-8.270676691729323,1.0,25.441598291235014,3.9536981689126303,16.84643824230606,False,3.3057851239669422,27.745709828393135,14.7,LOW,🟢,Continue routine monitoring. No administrative action required at this time.,Current demand is 14% above its historical baseline
Tamil Nadu,Salem,Attur,Chinnakoundampalayam Gp,Chinnakoundampalayam,Tamil Nadu|Salem|Attur|Chinnakoundampalayam,2025,8,129.0,2025-02-17,MGNREGA (historical),122.0,121.0,106.0,5.737704918032787,6.6115702479338845,21.69811320754717,2,117.5,7.681145747868611,115.25,6.088631091750341,109.91666666666667,10.457344816255459,109.91666666666667,10.457344816255459,1.8248736814787985,1.1736163760424563,130.0,,130.0,-0.7692307692307693,1.0,36.49747362957597,13.915644870845695,27.464742126083863,False,22.21311475409836,31.70204700530704,26.6,LOW,🟢,Continue routine monitoring. No administrative action required at this time.,Demand increased 6% in the latest week · Current demand is 17% above its historical baseline · Current demand is 1.8 standard deviations above baseline
Tamil Nadu,Salem,Attur,Chinnakoundampalayam Gp,Chinnakoundampalayam,Tamil Nadu|Salem|Attur|Chinnakoundampalayam,2025,9,144.0,2025-02-24,MGNREGA (historical),129.0,122.0,121.0,11.627906976744185,18.0327868852459,19.00826446280992,3,123.25,3.8622100754188318,117.375,7.576985831167607,112.83333333333333,10.495309197518647,112.83333333333333,10.495309197518647,2.9695806078810185,1.276218611521418,145.0,,145.0,-0.6896551724137931,1.0,59.391612157620365,34.386897761400846,49.389726399132556,False,38.25581395348837,41.351550960118175,42.5,MODERATE,🟡,Increase monitoring frequency. Review recent employment demand trends for this village.,Demand increased 12% in the latest week · Current demand is 28% above its historical baseline · Current demand is 3.0 standard deviations above baseline · Momentum has increased for 3 consecutive weeks
Tamil Nadu,Salem,Attur,Chinnakoundampalayam Gp,Chinnakoundampalayam,Tamil Nadu|Salem|Attur|Chinnakoundampalayam,2025,10,139.0,2025-03-03,MGNREGA (historical),144.0,129.0,121.0,-3.4722222222222223,7.751937984496124,14.87603305785124,0,129.0,10.614455552060441,121.75,11.25991626459605,116.75,12.606816338069759,116.75,12.606816338069759,1.7649182317989347,1.1905781584582442,127.0,,127.0,9.448818897637794,1.0,35.29836463597869,14.389727241758957,26.934909678290797,False,0.0,33.822269807280534,18.2,LOW,🟢,Continue routine monitoring. No administrative action required at this time.,Current demand is 19% above its historical baseline · Current demand is 1.8 standard deviations above baseline
Tamil Nadu,Salem,Attur,Chinnakoundampalayam Gp,Chinnakoundampalayam,Tamil Nadu|Salem|Attur|Chinnakoundampalayam,2025,11,132.0,2025-03-10,MGNREGA (historical),139.0,144.0,122.0,-5.0359712230215825,-8.333333333333332,8.19672131147541,0,133.5,9.882644720249068,125.0,12.094863136295288,120.58333333333333,11.688831758511725,120.58333333333333,11.688831758511725,0.9767158003923818,1.0946786454733932,126.0,,126.0,4.761904761904762,1.0,19.534316007847636,3.2214311285866,13.009162056143222,False,0.0,21.834830684174158,10.5,LOW,🟢,Continue routine monitoring. No administrative action required at this time.,No significant deviation from normal demand patterns detected
Tamil Nadu,Salem,Attur,Chinnakoundampalayam Gp,Chinnakoundampalayam,Tamil Nadu|Salem|Attur|Chinnakoundampalayam,2025,12,140.0,2025-03-17,MGNREGA (historical),132.0,139.0,129.0,6.0606060606060606,0.7194244604316548,8.527131782945736,1,136.0,6.782329983125275,126.75,11.94929764821827,122.16666666666667,11.85390870199176,122.16666666666667,11.85390870199176,1.5044264117148862,1.145975443383356,132.0,,132.0,6.0606060606060606,1.0,30.088528234297723,3.9954593831451937,19.65130069383671,False,23.18181818181818,28.246930422919505,23.6,LOW,🟢,Continue routine monitoring. No administrative action required at this time.,Demand increased 6% in the latest week · Current demand is 15% above its historical baseline · Current demand is 1.5 standard deviations above baseline
Tamil Nadu,Salem,Attur,Chinnakoundampalayam Gp,Chinnakoundampalayam,Tamil Nadu|Salem|Attur|Chinnakoundampalayam,2025,13,147.0,2025-03-24,MGNREGA (historical),140.0,132.0,144.0,5.0,11.363636363636363,2.083333333333333,2,138.75,4.991659710623986,131.0,9.258200997725535,124.5,12.41333593724562,124.5,12.41333593724562,1.8125667518986437,1.180722891566265,137.0,,137.0,7.2992700729927,1.0,36.25133503797288,10.896900542783056,26.109561239896948,False,20.0,32.590361445783145,25.6,LOW,🟢,Continue routine monitoring. No administrative action required at this time.,Current demand is 18% above its historical baseline · Current demand is 1.8 standard deviations above baseline
Tamil Nadu,Salem,Attur,Chinnakoundampalayam Gp,Chinnakoundampalayam,Tamil Nadu|Salem|Attur|Chinnakoundampalayam,2025,14,144.0,2025-03-31,MGNREGA (historical),147.0,140.0,139.0,-2.0408163265306123,2.857142857142857,3.597122302158273,0,139.5,6.137317546507329,134.25,9.794313218831212,127.66666666666667,12.935738607955013,127.66666666666667,12.935738607955013,1.2626517764736616,1.1279373368146213,139.0,,139.0,3.597122302158273,1.0,25.253035529473234,4.4161808127238436,16.918293642773477,False,0.0,25.99216710182766,12.9,LOW,🟢,Continue routine monitoring. No administrative action required at this time.,Current demand is 13% above its historical baseline
Tamil Nadu,Salem,Attur,Chinnakoundampalayam Gp,Chinnakoundampalayam,Tamil Nadu|Salem|Attur|Chinnakoundampalayam,2025,15,138.0,2025-04-07,MGNREGA (historical),144.0,147.0,132.0,-4.166666666666666,-6.122448979591836,4.545454545454546,0,140.75,6.500000000000006,137.125,8.659222993845535,130.25,12.835497652993615,130.25,12.835497652993615,0.6037942750269969,1.0595009596928984,136.0,,136.0,1.4705882352941175,1.0,12.075885500539938,1.8669829284853015,7.992324471718083,False,0.0,17.4376199616123,7.6,LOW,🟢,Continue routine monitoring. No administrative action required at this time.,No significant deviation from normal demand patterns detected
Tamil Nadu,Salem,Attur,Chinnakoundampalayam Gp,Chinnakoundampalayam,Tamil Nadu|Salem|Attur|Chinnakoundampalayam,2025,16,132.0,2025-04-14,MGNREGA (historical),138.0,144.0,140.0,-4.3478260869565215,-8.333333333333332,-5.714285714285714,0,142.25,4.031128874149286,139.125,6.15136454083857,131.91666666666666,12.39104026253984,131.91666666666666,12.39104026253984,0.006725289529182891,1.0006317119393557,139.0,,139.0,-5.0359712230215825,1.0,0.13450579058365783,1.0308288149539844,0.4930350003317885,False,0.0,10.078963992419467,3.2,LOW,🟢,Continue routine monitoring. No administrative action required at this time.,No significant deviation from normal demand patterns detected
Tamil Nadu,Salem,Attur,Chinnakoundampalayam Gp,Chinnakoundampalayam,Tamil Nadu|Salem|Attur|Chinnakoundampalayam,2025,17,140.0,2025-04-21,MGNREGA (historical),132.0,138.0,147.0,6.0606060606060606,1.4492753623188406,-4.761904761904762,1,140.25,6.652067347825041,139.5,5.503245795502386,134.08333333333334,9.34644641594147,134.08333333333334,9.34644641594147,0.633039168402558,1.0441267868241142,127.0,,127.0,10.236220472440944,1.0,12.66078336805116,2.708220466088663,8.679758207266161,False,23.18181818181818,15.515848353014276,16.5,LOW,🟢,Continue routine monitoring. No administrative action required at this time.,Demand increased 6% in the latest week
Tamil Nadu,Salem,Attur,Chinnakoundampalayam Gp,Chinnakoundampalayam,Tamil Nadu|Salem|Attur|Chinnakoundampalayam,2025,18,137.0,2025-04-28,MGNREGA (historical),140.0,132.0,144.0,-2.142857142857143,3.787878787878788,-4.861111111111112,0,138.5,5.000000000000009,139.0,5.209880722517316,135.66666666666666,8.499554355519397,135.66666666666666,8.499554355519397,0.15687096964883926,1.00982800982801,144.0,,144.0,-4.861111111111112,1.0,3.1374193929767853,0.4104623880152781,2.046636590992182,False,0.0,11.228501228501239,4.0,LOW,🟢,Continue routine monitoring. No administrative action required at this time.,No significant deviation from normal demand patterns detected
Tamil Nadu,Salem,Attur,Chinnakoundampalayam Gp,Chinnakoundampalayam,Tamil Nadu|Salem|Attur|Chinnakoundampalayam,2025,19,139.0,2025-05-05,MGNREGA (historical),137.0,140.0,138.0,1.4598540145985401,-0.7142857142857143,0.7246376811594203,1,136.75,3.403429642777033,138.75,5.257647491308024,137.0,7.135060680127068,137.0,7.135060680127068,0.28030595529068186,1.0145985401459854,141.0,,141.0,-1.4184397163120568,1.0,5.6061191058136375,0.9324928458478212,3.736668601827311,False,5.839416058394161,11.824817518248173,7.0,LOW,🟢,Continue routine monitoring. No administrative action required at this time.,No significant deviation from normal demand patterns detected
Tamil Nadu,Salem,Attur,Chinnakoundampalayam Gp,Chinnakoundampalayam,Tamil Nadu|Salem|Attur|Chinnakoundampalayam,2025,20,135.0,2025-05-12,MGNREGA (historical),139.0,137.0,132.0,-2.877697841726619,-1.4598540145985401,2.272727272727273,0,137.0,3.5590260840104464,139.625,4.5019836897591645,138.41666666666666,5.350587619952804,138.41666666666666,5.350587619952804,-0.6385591470225834,0.9753160746538231,138.0,,138.0,-2.1739130434782608,1.0,0.0,1.075415143407146,0.4301660573628584,False,0.0,9.753160746538232,3.1,LOW,🟢,Continue routine monitoring. No administrative action required at this time.,No significant deviation from normal demand patterns detected
Tamil Nadu,Salem,Attur,Chinnakoundampalayam Gp,Chinnakoundampalayam,Tamil Nadu|Salem|Attur|Chinnakoundampalayam,2025,21,135.0,2025-05-19,MGNREGA (historical),135.0,139.0,140.0,0.0,-2.877697841726619,-3.571428571428571,0,137.75,2.2173557826083616,139.0,4.780914437337618,138.91666666666666,4.621261798044435,138.91666666666666,4.621261798044435,-0.8475318728586339,0.9718056388722256,130.0,,130.0,3.8461538461538463,1.0,0.0,2.4477886166809846,0.9791154466723939,False,0.0,9.718056388722257,3.2,LOW,🟢,Continue routine monitoring. No administrative action required at this time.,No significant deviation from normal demand patterns detected
Tamil Nadu,Salem,Attur,Chinnakoundampalayam Gp,Chinnakoundampalayam,Tamil Nadu|Salem|Attur|Chinnakoundampalayam,2025,22,122.0,2025-05-26,MGNREGA (historical),135.0,135.0,137.0,-9.62962962962963,-9.62962962962963,-10.948905109489052,0,136.5,1.9148542155126955,137.5,3.6645015252516737,138.16666666666666,4.448356863818722,138.16666666666666,4.448356863818722,-3.6343007455540053,0.8829915560916768,129.0,,129.0,-5.426356589147287,1.0,0.0,20.334694246817968,8.133877698727188,False,0.0,8.829915560916767,5.1,LOW,🟢,Continue routine monitoring. No administrative action required at this time.,No significant deviation from normal demand patterns detected
Tamil Nadu,Salem,Attur,Chinnakoundampalayam Gp,Chinnakoundampalayam,Tamil Nadu|Salem|Attur|Chinnakoundampalayam,2025,23,131.0,2025-06-02,MGNREGA (historical),122.0,135.0,139.0,7.377049180327869,-2.9629629629629632,-5.755395683453238,1,132.75,7.410578025138577,134.75,5.7507763451058524,136.75,6.426153946604381,136.75,6.426153946604381,-0.8947809292739299,0.9579524680073126,127.0,,127.0,3.149606299212598,1.0,0.0,2.0004385023797475,0.8001754009518991,False,27.131147540983605,9.579524680073126,14.0,LOW,🟢,Continue routine monitoring. No administrative action required at this time.,Demand increased 7% in the latest week
Tamil Nadu,Salem,Attur,Chinnakoundampalayam Gp,Chinnakoundampalayam,Tamil Nadu|Salem|Attur|Chinnakoundampalayam,2025,24,121.0,2025-06-09,MGNREGA (historical),131.0,122.0,135.0,-7.633587786259542,-0.819672131147541,-10.37037037037037,0,130.75,6.1305247192498475,133.875,5.71807909803887,136.66666666666666,6.499417223292314,136.66666666666666,6.499417223292314,-2.4104725282939485,0.8853658536585366,123.0,,123.0,-1.6260162601626018,1.0,0.0,6.298156620891307,2.519262648356523,False,0.0,8.853658536585366,3.4,LOW,🟢,Continue routine monitoring. No administrative action required at this time.,No significant deviation from normal demand patterns detected
Tamil Nadu,Salem,Attur,Chinnakoundampalayam Gp,Chinnakoundampalayam,Tamil Nadu|Salem|Attur|Chinnakoundampalayam,2025,25,130.0,2025-06-16,MGNREGA (historical),121.0,131.0,135.0,7.43801652892562,-0.7633587786259541,-3.7037037037037033,1,127.25,6.849574196011515,132.5,7.329003050503265,135.08333333333334,7.798115545477042,135.08333333333334,7.798115545477042,-0.6518668906209923,0.9623689080814312,121.0,,121.0,7.43801652892562,1.0,0.0,1.5806908671380866,0.6322763468552347,False,27.31404958677686,9.623689080814312,14.0,LOW,🟢,Continue routine monitoring. No administrative action required at this time.,Demand increased 7% in the latest week
Tamil Nadu,Salem,Attur,Chinnakoundampalayam Gp,Chinnakoundampalayam,Tamil Nadu|Salem|Attur|Chinnakoundampalayam,2025,26,109.0,2025-06-23,MGNREGA (historical),130.0,121.0,122.0,-16.153846153846153,-9.917355371900827,-10.655737704918032,0,126.0,5.228129047119386,131.25,6.692212958783866,133.66666666666666,6.932575716183042,133.66666666666666,6.932575716183042,-3.5580811052789634,0.8154613466334165,122.0,,122.0,-10.655737704918032,1.0,0.0,23.23715372375232,9.29486148950093,False,0.0,8.154613466334165,5.2,LOW,🟢,Continue routine monitoring. No administrative action required at this time.,No significant deviation from normal demand patterns detected
Tamil Nadu,Salem,Attur,Chinnakoundampalayam Gp,Chinnakoundampalayam,Tamil Nadu|Salem|Attur|Chinnakoundampalayam,2025,27,121.0,2025-06-30,MGNREGA (historical),109.0,130.0,131.0,11.009174311926607,-6.923076923076923,-7.633587786259542,1,122.75,10.210288928331074,127.75,9.837973078114954,130.75,9.18620507262757,130.75,9.18620507262757,-1.0613740846100188,0.9254302103250478,111.0,,111.0,9.00900900900901,1.0,0.0,3.846442489323587,1.5385769957294348,False,37.018348623853214,9.254302103250478,18.0,LOW,🟢,Continue routine monitoring. No administrative action required at this time.,Demand increased 11% in the latest week
Tamil Nadu,Salem,Attur,Chinnakoundampalayam Gp,Chinnakoundampalayam,Tamil Nadu|Salem|Attur|Chinnakoundampalayam,2025,28,108.0,2025-07-07,MGNREGA (historical),121.0,109.0,121.0,-10.743801652892563,-0.9174311926605505,-10.743801652892563,0,120.25,8.61684396980705,125.5,8.912270834561284,129.33333333333334,9.276885579795142,129.33333333333334,9.276885579795142,-2.299622340906833,0.8350515463917525,111.0,,111.0,-2.7027027027027026,1.0,0.0,6.643446096862442,2.657378438744977,False,0.0,8.350515463917525,3.3,LOW,🟢,Continue routine monitoring. No administrative action required at this time.,No significant deviation from normal demand patterns detected
Tamil Nadu,Salem,Attur,Chinnakoundampalayam Gp,Chinnakoundampalayam,Tamil Nadu|Salem|Attur|Chinnakoundampalayam,2025,29,99.0,2025-07-14,MGNREGA (historical),108.0,121.0,130.0,-8.333333333333332,-18.181818181818183,-23.846153846153847,0,117.0,10.48808848170152,122.125,9.862446813182684,127.33333333333333,11.064548902881107,127.33333333333333,11.064548902881107,-2.560730996087476,0.7774869109947644,103.0,,103.0,-3.8834951456310676,1.0,0.0,15.113052645250827,6.045221058100331,False,0.0,7.774869109947645,4.1,LOW,🟢,Continue routine monitoring. No administrative action required at this time.,No significant deviation from normal demand patterns detected
Tamil Nadu,Salem,Attur,Chinnakoundampalayam Gp,Chinnakoundampalayam,Tamil Nadu|Salem|Attur|Chinnakoundampalayam,2025,30,97.0,2025-07-21,MGNREGA (historical),99.0,108.0,109.0,-2.0202020202020203,-10.185185185185185,-11.009174311926607,0,109.25,9.032349269892826,117.625,11.262294868910407,123.91666666666667,12.964695651396472,123.91666666666667,12.964695651396472,-2.0761510636593608,0.7827841291190316,110.0,,110.0,-11.818181818181818,1.0,0.0,9.003116952058129,3.6012467808232516,False,0.0,7.827841291190316,3.4,LOW,🟢,Continue routine monitoring. No administrative action required at this time.,No significant deviation from normal demand patterns detected
Tamil Nadu,Salem,Attur,Chinnakoundampalayam Gp,Chinnakoundampalayam,Tamil Nadu|Salem|Attur|Chinnakoundampalayam,2025,31,95.0,2025-07-28,MGNREGA (historical),97.0,99.0,121.0,-2.0618556701030926,-4.040404040404041,-21.487603305785125,0,106.25,10.935416468216173,114.5,13.180071536766619,120.58333333333333,14.361934114706031,120.58333333333333,14.361934114706031,-1.7813292505733642,0.7878369039391846,93.0,,93.0,2.1505376344086025,1.0,0.0,10.510135848280706,4.2040543393122825,False,0.0,7.8783690393918455,3.6,LOW,🟢,Continue routine monitoring. No administrative action required at this time.,No significant deviation from normal demand patterns detected
Tamil Nadu,Salem,Attur,Chinnakoundampalayam Gp,Chinnakoundampalayam,Tamil Nadu|Salem|Attur|Chinnakoundampalayam,2025,32,97.0,2025-08-04,MGNREGA (historical),95.0,97.0,108.0,2.1052631578947367,0.0,-10.185185185185185,1,99.75,5.7373048260195105,110.0,12.884098726725114,116.91666666666667,14.841332538392807,116.91666666666667,14.841332538392807,-1.3419729404448397,0.8296507483962936,106.0,,106.0,-8.49056603773585,1.0,0.0,8.712124112394351,3.4848496449577406,False,8.421052631578947,8.296507483962936,6.9,LOW,🟢,Continue routine monitoring. No administrative action required at this time.,No significant deviation from normal demand patterns detected
Tamil Nadu,Salem,Attur,Chinnakoundampalayam Gp,Chinnakoundampalayam,Tamil Nadu|Salem|Attur|Chinnakoundampalayam,2025,33,95.0,2025-08-11,MGNREGA (historical),97.0,95.0,99.0,-2.0618556701030926,0.0,-4.040404040404041,0,97.0,1.6329931618554812,107.0,12.750350135248373,113.75,14.685335914070764,113.75,14.685335914070764,-1.2767838685960649,0.8351648351648352,91.0,,91.0,4.395604395604396,1.0,0.0,4.266262428934612,1.7065049715738447,False,0.0,8.351648351648352,3.0,LOW,🟢,Continue routine monitoring. No administrative action required at this time.,No significant deviation from normal demand patterns detected
Tamil Nadu,Salem,Attur,Chinnakoundampalayam Gp,Chinnakoundampalayam,Tamil Nadu|Salem|Attur|Chinnakoundampalayam,2025,34,86.0,2025-08-18,MGNREGA (historical),95.0,97.0,97.0,-9.473684210526317,-11.34020618556701,-11.34020618556701,0,96.0,1.1547005383792905,102.625,9.257236551554035,110.41666666666667,13.944424322896067,110.41666666666667,13.944424322896067,-1.7509985425913706,0.7788679245283019,80.0,,80.0,7.5,1.0,0.0,5.83386760398105,2.33354704159242,False,0.0,7.788679245283019,3.0,LOW,🟢,Continue routine monitoring. No administrative action required at this time.,No significant deviation from normal demand patterns detected
Tamil Nadu,Salem,Attur,Chinnakoundampalayam Gp,Chinnakoundampalayam,Tamil Nadu|Salem|Attur|Chinnakoundampalayam,2025,35,87.0,2025-08-25,MGNREGA (historical),86.0,95.0,95.0,1.1627906976744187,-8.421052631578947,-8.421052631578947,1,93.25,4.924428900898063,99.75,10.484682705192885,107.41666666666667,15.054195025931932,107.41666666666667,15.054195025931932,-1.356211117997176,0.8099301784328937,88.0,,88.0,-1.1363636363636365,1.0,0.0,9.77587302475284,3.9103492099011365,False,4.651162790697675,8.099301784328937,5.5,LOW,🟢,Continue routine monitoring. No administrative action required at this time.,No significant deviation from normal demand patterns detected
Tamil Nadu,Salem,Attur,Chinnakoundampalayam Gp,Chinnakoundampalayam,Tamil Nadu|Salem|Attur|Chinnakoundampalayam,2025,36,100.0,2025-09-01,MGNREGA (historical),87.0,86.0,97.0,14.942528735632186,16.27906976744186,3.0927835051546393,2,91.25,5.560275772537436,95.5,6.928203230275454,103.75,14.117204204284233,103.75,14.117204204284233,-0.26563333261567224,0.963855421686747,81.0,,81.0,23.456790123456788,1.0,0.0,13.429756677308857,5.371902670923543,False,44.885057471264375,9.638554216867469,22.5,LOW,🟢,Continue routine monitoring. No administrative action required at this time.,Demand increased 15% in the latest week
Tamil Nadu,Salem,Attur,Chinnakoundampalayam Gp,Chinnakoundampalayam,Tamil Nadu|Salem|Attur|Chinnakoundampalayam,2025,37,96.0,2025-09-08,MGNREGA (historical),100.0,87.0,95.0,-4.0,10.344827586206897,1.0526315789473684,0,92.0,6.683312551921149,94.5,5.23722936566374,102.0,13.04537535611084,102.0,13.04537535611084,-0.459933105503892,0.9411764705882353,90.0,,90.0,6.666666666666667,1.0,0.0,0.9148508831628697,0.3659403532651479,False,0.0,9.411764705882353,2.9,LOW,🟢,Continue routine monitoring. No administrative action required at this time.,No significant deviation from normal demand patterns detected
Tamil Nadu,Salem,Attur,Chinnakoundampalayam Gp,Chinnakoundampalayam,Tamil Nadu|Salem|Attur|Chinnakoundampalayam,2025,38,86.0,2025-09-15,MGNREGA (historical),96.0,100.0,86.0,-10.416666666666668,-14.000000000000002,0.0,0,92.25,6.849574196011514,94.125,4.9695501377315585,99.16666666666667,9.66562167810474,99.16666666666667,9.66562167810474,-1.3622162241765317,0.8672268907563024,79.0,,79.0,8.860759493670885,1.0,0.0,4.8879388800036745,1.95517555200147,False,0.0,8.672268907563025,3.2,LOW,🟢,Continue routine monitoring. No administrative action required at this time.,No significant deviation from normal demand patterns detected
Tamil Nadu,Salem,Attur,Chinnakoundampalayam Gp,Chinnakoundampalayam,Tamil Nadu|Salem|Attur|Chinnakoundampalayam,2025,39,83.0,2025-09-22,MGNREGA (historical),86.0,96.0,87.0,-3.488372093023256,-13.541666666666666,-4.597701149425287,0,92.25,6.849574196011514,92.75,5.548487567410908,97.25,9.817655709810236,97.25,9.817655709810236,-1.4514666658926296,0.8534704370179949,80.0,,80.0,3.75,1.0,0.0,1.8678564478704678,0.7471425791481872,False,0.0,8.534704370179949,2.8,LOW,🟢,Continue routine monitoring. No administrative action required at this time.,No significant deviation from normal demand patterns detected
Tamil Nadu,Salem,Attur,Chinnakoundampalayam Gp,Chinnakoundampalayam,Tamil Nadu|Salem|Attur|Chinnakoundampalayam,2025,40,83.0,2025-09-29,MGNREGA (historical),83.0,86.0,100.0,0.0,-3.488372093023256,-17.0,0,91.25,8.057087976847887,91.25,6.408699444616486,94.08333333333333,7.254570137423291,94.08333333333333,7.254570137423291,-1.5277725796817445,0.8821966341895483,70.0,,70.0,18.571428571428573,1.0,0.0,5.291258800276096,2.1165035201104385,False,0.0,8.821966341895482,3.3,LOW,🟢,Continue routine monitoring. No administrative action required at this time.,No significant deviation from normal demand patterns detected
Tamil Nadu,Salem,Attur,Chinnakoundampalayam Gp,Chinnakoundampalayam,Tamil Nadu|Salem|Attur|Chinnakoundampalayam,2025,41,87.0,2025-10-06,MGNREGA (historical),83.0,83.0,96.0,4.819277108433735,4.819277108433735,-9.375,1,87.0,6.164414002968984,89.5,6.5246784266680615,92.0,6.43852043986438,92.0,6.43852043986438,-0.7765759302466887,0.9456521739130435,80.0,,80.0,8.75,1.0,0.0,1.9759819953433615,0.7903927981373446,False,19.27710843373494,9.456521739130434,10.8,LOW,🟢,Continue routine monitoring. No administrative action required at this time.,No significant deviation from normal demand patterns detected
Tamil Nadu,Salem,Attur,Chinnakoundampalayam Gp,Chinnakoundampalayam,Tamil Nadu|Salem|Attur|Chinnakoundampalayam,2025,42,77.0,2025-10-13,MGNREGA (historical),87.0,83.0,86.0,-11.494252873563218,-7.228915662650602,-10.465116279069768,0,84.75,2.0615528128088534,88.5,6.164414002968895,91.0,6.17914380653373,91.0,6.17914380653373,-2.2656860623953463,0.8461538461538461,67.0,,67.0,14.925373134328357,1.0,0.0,5.89846836921247,2.359387347684988,False,0.0,8.461538461538462,3.2,LOW,🟢,Continue routine monitoring. No administrative action required at this time.,No significant deviation from normal demand patterns detected
Tamil Nadu,Salem,Attur,Chinnakoundampalayam Gp,Chinnakoundampalayam,Tamil Nadu|Salem|Attur|Chinnakoundampalayam,2025,43,83.0,2025-10-20,MGNREGA (historical),77.0,87.0,83.0,7.792207792207792,-4.597701149425287,0.0,1,82.5,4.123105625617671,87.375,7.386038953902857,89.33333333333333,7.049607769016353,89.33333333333333,7.049607769016353,-0.8983951364172184,0.9291044776119404,74.0,,74.0,12.162162162162163,1.0,0.0,2.818529332283125,1.12741173291325,False,28.376623376623378,9.291044776119403,14.5,LOW,🟢,Continue routine monitoring. No administrative action required at this time.,Demand increased 8% in the latest week
Tamil Nadu,Salem,Attur,Chinnakoundampalayam Gp,Chinnakoundampalayam,Tamil Nadu|Salem|Attur|Chinnakoundampalayam,2025,44,75.0,2025-10-27,MGNREGA (historical),83.0,77.0,83.0,-9.63855421686747,-2.5974025974025974,-9.63855421686747,0,82.5,4.123105625617671,86.875,7.548651724456614,88.33333333333333,7.023769168568923,88.33333333333333,7.023769168568923,-1.898315991504881,0.8490566037735849,91.0,,91.0,-17.582417582417584,1.0,0.0,2.808394212270515,1.1233576849082059,False,0.0,8.49056603773585,2.9,LOW,🟢,Continue routine monitoring. No administrative action required at this time.,No significant deviation from normal demand patterns detected
Tamil Nadu,Salem,Attur,Chinnakoundampalayam Gp,Chinnakoundampalayam,Tamil Nadu|Salem|Attur|Chinnakoundampalayam,2025,45,90.0,2025-11-03,MGNREGA (historical),75.0,83.0,87.0,20.0,8.433734939759036,3.4482758620689653,1,80.5,5.507570547286109,83.75,6.430951940198412,86.5,7.416198487096074,86.5,7.416198487096074,0.47193990372424327,1.0404624277456647,93.0,,93.0,-3.225806451612903,1.0,9.438798074484865,9.422535381056454,9.4322929971135,False,55.0,15.057803468208085,29.3,LOW,🟢,Continue routine monitoring. No administrative action required at this time.,Demand increased 20% in the latest week
Tamil Nadu,Salem,Attur,Chinnakoundampalayam Gp,Chinnakoundampalayam,Tamil Nadu|Salem|Attur|Chinnakoundampalayam,2025,46,94.0,2025-11-10,MGNREGA (historical),90.0,75.0,77.0,4.444444444444445,25.333333333333336,22.07792207792208,2,81.25,6.751543033509703,83.0,4.985693819032783,86.08333333333333,7.025386865224342,86.08333333333333,7.025386865224342,1.1268655831402201,1.0919651500484027,89.0,,89.0,5.617977528089887,1.0,22.537311662804402,15.294599569232556,19.640226825375663,False,17.77777777777778,21.495643756050335,19.5,LOW,🟢,Continue routine monitoring. No administrative action required at this time.,No significant deviation from normal demand patterns detected
Tamil Nadu,Salem,Attur,Chinnakoundampalayam Gp,Chinnakoundampalayam,Tamil Nadu|Salem|Attur|Chinnakoundampalayam,2025,47,89.0,2025-11-17,MGNREGA (historical),94.0,90.0,83.0,-5.319148936170213,-1.1111111111111112,7.228915662650602,0,85.5,8.346656017032613,84.0,6.301927142889276,86.75,7.38702794215562,86.75,7.38702794215562,0.30458799095098915,1.0259365994236311,85.0,,85.0,4.705882352941177,1.0,6.091759819019783,1.5488118307461518,4.27458062371033,False,0.0,13.242074927953892,5.3,LOW,🟢,Continue routine monitoring. No administrative action required at this time.,No significant deviation from normal demand patterns detected
Tamil Nadu,Salem,Attur,Chinnakoundampalayam Gp,Chinnakoundampalayam,Tamil Nadu|Salem|Attur|Chinnakoundampalayam,2025,48,105.0,2025-11-24,MGNREGA (historical),89.0,94.0,75.0,17.97752808988764,11.702127659574469,40.0,1,87.0,8.286535263104039,84.75,6.519202405202564,86.91666666666667,7.41568771203523,86.91666666666667,7.41568771203523,2.4385241174577956,1.2080536912751678,94.0,,94.0,11.702127659574469,1.0,48.77048234915591,27.33231862877505,40.195216861003566,False,50.95505617977528,35.67114093959732,43.1,MODERATE,🟡,Increase monitoring frequency. Review recent employment demand trends for this village.,Demand increased 18% in the latest week · Current demand is 21% above its historical baseline · Current demand is 2.4 standard deviations above baseline
Tamil Nadu,Salem,Attur,Chinnakoundampalayam Gp,Chinnakoundampalayam,Tamil Nadu|Salem|Attur|Chinnakoundampalayam,2025,49,98.0,2025-12-01,MGNREGA (historical),105.0,89.0,90.0,-6.666666666666667,10.112359550561797,8.88888888888889,0,94.5,7.3257536586119745,87.5,9.591663046625385,87.33333333333333,8.304799634530806,87.33333333333333,8.304799634530806,1.2843978345143185,1.1221374045801527,97.0,,97.0,1.0309278350515463,1.0,25.687956690286374,7.486238241482414,18.40726931076479,False,0.0,25.267175572519086,13.1,LOW,🟢,Continue routine monitoring. No administrative action required at this time.,Current demand is 12% above its historical baseline
Tamil Nadu,Salem,Attur,Chinnakoundampalayam Gp,Chinnakoundampalayam,Tamil Nadu|Salem|Attur|Chinnakoundampalayam,2025,50,91.0,2025-12-08,MGNREGA (historical),98.0,105.0,94.0,-7.142857142857142,-13.333333333333334,-3.1914893617021276,0,96.5,6.757711644237769,88.875,10.273926777458094,87.5,8.512023581649164,87.5,8.512023581649164,0.41118307138452403,1.04,93.0,,93.0,-2.1505376344086025,1.0,8.22366142769048,2.605466044238752,5.976383274309789,False,0.0,15.000000000000005,6.3,LOW,🟢,Continue routine monitoring. No administrative action required at this time.,No significant deviation from normal demand patterns detected
Tamil Nadu,Salem,Attur,Chinnakoundampalayam Gp,Chinnakoundampalayam,Tamil Nadu|Salem|Attur|Chinnakoundampalayam,2025,51,105.0,2025-12-15,MGNREGA (historical),91.0,98.0,89.0,15.384615384615385,7.142857142857142,17.97752808988764,1,95.75,7.274384280931736,90.625,9.085899593797553,87.91666666666667,8.55419443455948,87.91666666666667,8.55419443455948,1.997070964895957,1.1943127962085307,113.0,,113.0,-7.079646017699115,1.0,39.94141929791914,12.034330457578427,28.778583761782855,False,45.769230769230774,34.289099526066344,37.2,LOW,🟢,Continue routine monitoring. No administrative action required at this time.,Demand increased 15% in the latest week · Current demand is 19% above its historical baseline · Current demand is 2.0 standard deviations above baseline
Tamil Nadu,Salem,Attur,Chinnakoundampalayam Gp,Chinnakoundampalayam,Tamil Nadu|Salem|Attur|Chinnakoundampalayam,2025,52,114.0,2025-12-22,MGNREGA (historical),105.0,91.0,105.0,8.571428571428571,25.274725274725274,8.571428571428571,2,99.75,6.701989754294372,93.375,9.753204601565539,89.75,9.687151753271694,89.75,9.687151753271694,2.503315795771437,1.2701949860724233,112.0,,112.0,1.7857142857142856,1.0,50.06631591542874,18.04473536104406,37.25768369367487,False,30.714285714285715,40.84958217270194,35.7,LOW,🟢,Continue routine monitoring. No administrative action required at this time.,Demand increased 9% in the latest week · Current demand is 27% above its historical baseline · Current demand is 2.5 standard deviations above baseline
Tamil Nadu,Salem,Attur,Periyakottai Gp,Periyakottai,Tamil Nadu|Salem|Attur|Periyakottai,2024,1,157.0,2024-01-01,MGNREGA (historical),,,,,,,0,,,,,,,,,0.0,1.0,,,,,1.0,0.0,0.0,0.0,False,0.0,10.0,3.0,LOW,🟢,Continue routine monitoring. No administrative action required at this time.,No significant deviation from normal demand patterns detected
Tamil Nadu,Salem,Attur,Periyakottai Gp,Periyakottai,Tamil Nadu|Salem|Attur|Periyakottai,2024,2,162.0,2024-01-08,MGNREGA (historical),157.0,,,3.1847133757961785,,,1,,,,,,,,,0.0,1.0,,,,,1.0,0.0,0.0,0.0,False,12.738853503184714,10.0,8.1,LOW,🟢,Continue routine monitoring. No administrative action required at this time.,No significant deviation from normal demand patterns detected
Tamil Nadu,Salem,Attur,Periyakottai Gp,Periyakottai,Tamil Nadu|Salem|Attur|Periyakottai,2024,3,171.0,2024-01-15,MGNREGA (historical),162.0,157.0,,5.555555555555555,8.9171974522293,,2,,,,,,,,,0.0,1.0,,,,,1.0,0.0,0.0,0.0,False,21.666666666666664,10.0,11.7,LOW,🟢,Continue routine monitoring. No administrative action required at this time.,Demand increased 6% in the latest week
Tamil Nadu,Salem,Attur,Periyakottai Gp,Periyakottai,Tamil Nadu|Salem|Attur|Periyakottai,2024,4,163.0,2024-01-22,MGNREGA (historical),171.0,162.0,,-4.678362573099415,0.6172839506172839,,0,163.33333333333334,7.094598884597584,,,,,163.33333333333334,7.094598884597584,-0.046984098573495316,0.9979591836734694,,,,,1.0,0.0,0.0,0.0,False,0.0,9.979591836734693,3.0,LOW,🟢,Continue routine monitoring. No administrative action required at this time.,No significant deviation from normal demand patterns detected
Tamil Nadu,Salem,Attur,Periyakottai Gp,Periyakottai,Tamil Nadu|Salem|Attur|Periyakottai,2024,5,174.0,2024-01-29,MGNREGA (historical),163.0,171.0,157.0,6.748466257668712,1.7543859649122806,10.828025477707007,1,163.25,5.7951128835712336,163.25,5.7951128835712336,,,163.25,5.7951128835712336,1.8550113200513398,1.0658499234303216,,,,,1.0,37.100226401026795,6.2695751291005175,24.767965892256285,False,25.245398773006137,18.2312404287902,23.0,LOW,🟢,Continue routine monitoring. No administrative action required at this time.,Demand increased 7% in the latest week · Current demand is 1.9 standard deviations above baseline
Tamil Nadu,Salem,Attur,Periyakottai Gp,Periyakottai,Tamil Nadu|Salem|Attur|Periyakottai,2024,6,169.0,2024-02-05,MGNREGA (historical),174.0,163.0,162.0,-2.8735632183908044,3.6809815950920246,4.320987654320987,0,167.5,5.916079783099609,165.4,6.949820141557618,,,165.4,6.949820141557618,0.5179990167620582,1.0217654171704957,,,,,1.0,10.359980335241163,1.0302117827989874,6.628072914264292,False,0.0,12.720677146311967,5.8,LOW,🟢,Continue routine monitoring. No administrative action required at this time.,No significant deviation from normal demand patterns detected
Tamil Nadu,Salem,Attur,Periyakottai Gp,Periyakottai,Tamil Nadu|Salem|Attur|Periyakottai,2024,7,178.0,2024-02-12,MGNREGA (historical),169.0,174.0,171.0,5.325443786982249,2.2988505747126435,4.093567251461988,1,169.25,4.645786621588774,166.0,6.387487769068522,166.0,6.387487769068522,166.0,6.387487769068522,1.8786728732554494,1.072289156626506,,,,,1.0,37.57345746510899,6.217426753225932,25.03104518035576,False,20.976331360946748,19.036144578313255,21.6,LOW,🟢,Continue routine monitoring. No administrative action required at this time.,Demand increased 5% in the latest week · Current demand is 1.9 standard deviations above baseline
Tamil Nadu,Salem,Attur,Periyakottai Gp,Periyakottai,Tamil Nadu|Salem|Attur|Periyakottai,2024,8,177.0,2024-02-19,MGNREGA (historical),178.0,169.0,163.0,-0.5617977528089888,4.733727810650888,8.588957055214724,0,171.0,6.480740698407854,167.71428571428572,7.387247699341652,167.71428571428572,7.387247699341652,167.71428571428572,7.387247699341652,1.2569924095738412,1.055366269165247,,,,,1.0,25.139848191476823,4.188979012138163,16.75950051974136,False,0.0,16.920783645655877,10.1,LOW,🟢,Continue routine monitoring. No administrative action required at this time.,No significant deviation from normal demand patterns detected
Tamil Nadu,Salem,Attur,Periyakottai Gp,Periyakottai,Tamil Nadu|Salem|Attur|Periyakottai,2024,9,182.0,2024-02-26,MGNREGA (historical),177.0,178.0,174.0,2.824858757062147,2.247191011235955,4.597701149425287,1,174.5,4.041451884327375,168.875,7.5864070170648885,168.875,7.5864070170648885,168.875,7.5864070170648885,1.7300679979964932,1.077720207253886,,,,,1.0,34.601359959929866,5.773151459719871,23.070076559845866,False,11.299435028248588,19.71502590673576,17.4,LOW,🟢,Continue routine monitoring. No administrative action required at this time.,Current demand is 1.7 standard deviations above baseline
Tamil Nadu,Salem,Attur,Periyakottai Gp,Periyakottai,Tamil Nadu|Salem|Attur|Periyakottai,2024,10,189.0,2024-03-04,MGNREGA (historical),182.0,177.0,169.0,3.8461538461538463,6.779661016949152,11.834319526627219,2,176.5,5.446711546122728,172.0,7.131419413913528,170.33333333333334,8.33666600026653,170.33333333333334,8.33666600026653,2.2391045372418508,1.1095890410958904,,,,,1.0,44.782090744837014,11.899653027435463,31.629115657876394,False,15.384615384615385,23.698630136986303,22.8,LOW,🟢,Continue routine monitoring. No administrative action required at this time.,Current demand is 11% above its historical baseline · Current demand is 2.2 standard deviations above baseline
Tamil Nadu,Salem,Attur,Periyakottai Gp,Periyakottai,Tamil Nadu|Salem|Attur|Periyakottai,2024,11,178.0,2024-03-11,MGNREGA (historical),189.0,182.0,178.0,-5.82010582010582,-2.197802197802198,0.0,0,181.5,5.446711546122728,175.375,8.052284502815686,172.2,9.829660330968823,172.2,9.829660330968823,0.590050907631755,1.0336817653890826,,,,,1.0,11.801018152635102,2.493623017738826,8.078060098676591,False,0.0,14.21022067363533,6.7,LOW,🟢,Continue routine monitoring. No administrative action required at this time.,No significant deviation from normal demand patterns detected
Tamil Nadu,Salem,Attur,Periyakottai Gp,Periyakottai,Tamil Nadu|Salem|Attur|Periyakottai,2024,12,205.0,2024-03-18,MGNREGA (historical),178.0,189.0,177.0,15.168539325842698,8.465608465608465,15.819209039548024,1,181.5,5.446711546122728,176.25,7.887603293414651,172.72727272727272,9.487791198070376,172.72727272727272,9.487791198070376,3.4015005810088756,1.186842105263158,,,,,1.0,68.0300116201775,27.431421648153737,51.790575631368,False,45.337078651685395,33.35526315789475,43.7,MODERATE,🟡,Increase monitoring frequency. Review recent employment demand trends for this village.,Demand increased 15% in the latest week · Current demand is 19% above its historical baseline · Current demand is 3.4 standard deviations above baseline
Tamil Nadu,Salem,Attur,Periyakottai Gp,Periyakottai,Tamil Nadu|Salem|Attur|Periyakottai,2024,13,178.0,2024-03-25,MGNREGA (historical),205.0,178.0,182.0,-13.170731707317074,0.0,-2.197802197802198,0,188.5,11.902380714238083,181.5,11.122692377040988,175.41666666666666,12.985714761952368,175.41666666666666,12.985714761952368,0.19893655302690058,1.014726840855107,,,,,1.0,3.9787310605380113,6.959681883133946,5.171111389576385,False,0.0,11.840855106888363,5.1,LOW,🟢,Continue routine monitoring. No administrative action required at this time.,No significant deviation from normal demand patterns detected
Tamil Nadu,Salem,Attur,Periyakottai Gp,Periyakottai,Tamil Nadu|Salem|Attur|Periyakottai,2024,14,177.0,2024-04-01,MGNREGA (historical),178.0,205.0,189.0,-0.5617977528089888,-13.658536585365855,-6.349206349206349,0,187.5,12.767145334803704,182.0,10.82325538564332,177.16666666666666,11.621557815568693,177.16666666666666,11.621557815568693,-0.014341164008441624,0.9990592662276576,,,,,1.0,0.0,0.9155309013690194,0.36621236054760775,False,0.0,9.990592662276576,3.1,LOW,🟢,Continue routine monitoring. No administrative action required at this time.,No significant deviation from normal demand patterns detected
Tamil Nadu,Salem,Attur,Periyakottai Gp,Periyakottai,Tamil Nadu|Salem|Attur|Periyakottai,2024,15,198.0,2024-04-08,MGNREGA (historical),177.0,178.0,178.0,11.864406779661017,11.235955056179774,11.235955056179774,1,184.5,13.674794331177344,183.0,9.768754855587861,178.41666666666666,10.604101550672237,178.41666666666666,10.604101550672237,1.846769689987727,1.109761793554414,,,,,1.0,36.93539379975454,7.590942201370379,25.197613160400877,False,38.728813559322035,23.72022419430175,30.2,LOW,🟢,Continue routine monitoring. No administrative action required at this time.,Demand increased 12% in the latest week · Current demand is 11% above its historical baseline · Current demand is 1.8 standard deviations above baseline
Tamil Nadu,Salem,Attur,Periyakottai Gp,Periyakottai,Tamil Nadu|Salem|Attur|Periyakottai,2024,16,194.0,2024-04-15,MGNREGA (historical),198.0,177.0,205.0,-2.0202020202020203,9.6045197740113,-5.365853658536586,0,189.5,14.153915830374764,185.5,10.81004823565292,180.66666666666666,11.695635031407159,180.66666666666666,11.695635031407159,1.1400264541026075,1.0738007380073802,,,,,1.0,22.80052908205215,5.309481542595373,15.804110066269441,False,0.0,19.225092250922525,10.5,LOW,🟢,Continue routine monitoring. No administrative action required at this time.,No significant deviation from normal demand patterns detected
Tamil Nadu,Salem,Attur,Periyakottai Gp,Periyakottai,Tamil Nadu|Salem|Attur|Periyakottai,2024,17,191.0,2024-04-22,MGNREGA (historical),194.0,198.0,178.0,-1.5463917525773196,-3.535353535353535,7.303370786516854,0,186.75,10.812801055539065,187.625,10.568653110563734,183.25,10.830302606365809,183.25,10.830302606365809,0.7155848069697263,1.0422919508867667,,,,,1.0,14.311696139394526,1.854506872224574,9.328820432526545,False,0.0,15.286493860845844,7.4,LOW,🟢,Continue routine monitoring. No administrative action required at this time.,No significant deviation from normal demand patterns detected
Tamil Nadu,Salem,Attur,Periyakottai Gp,Periyakottai,Tamil Nadu|Salem|Attur|Periyakottai,2024,18,189.0,2024-04-29,MGNREGA (historical),191.0,194.0,177.0,-1.0471204188481675,-2.5773195876288657,6.779661016949152,0,190.0,9.128709291752774,188.75,10.361329203202782,184.66666666666666,10.620163783477082,184.66666666666666,10.620163783477082,0.4080288611061884,1.0234657039711192,,,,,1.0,8.160577222123768,1.3375526162463558,5.431367379772803,False,0.0,12.933212996389907,5.5,LOW,🟢,Continue routine monitoring. No administrative action required at this time.,No significant deviation from normal demand patterns detected
Tamil Nadu,Salem,Attur,Periyakottai Gp,Periyakottai,Tamil Nadu|Salem|Attur|Periyakottai,2024,19,181.0,2024-05-06,MGNREGA (historical),189.0,191.0,198.0,-4.232804232804233,-5.2356020942408374,-8.585858585858585,0,193.0,3.915780041490251,188.75,10.361329203202782,186.33333333333334,9.442008004207295,186.33333333333334,9.442008004207295,-0.5648516005236223,0.9713774597495527,,,,,1.0,0.0,1.3080439926513576,0.523217597060543,False,0.0,9.713774597495528,3.1,LOW,🟢,Continue routine monitoring. No administrative action required at this time.,No significant deviation from normal demand patterns detected
Tamil Nadu,Salem,Attur,Periyakottai Gp,Periyakottai,Tamil Nadu|Salem|Attur|Periyakottai,2024,20,170.0,2024-05-13,MGNREGA (historical),181.0,189.0,194.0,-6.077348066298343,-10.052910052910052,-12.371134020618557,0,188.75,5.560275772537434,189.125,9.96332560658624,186.58333333333334,9.238834374858122,186.58333333333334,9.238834374858122,-1.7949594787045857,0.9111210361768646,,,,,1.0,0.0,3.2142369070908776,1.285694762836351,False,0.0,9.111210361768645,3.1,LOW,🟢,Continue routine monitoring. No administrative action required at this time.,No significant deviation from normal demand patterns detected
Tamil Nadu,Salem,Attur,Periyakottai Gp,Periyakottai,Tamil Nadu|Salem|Attur|Periyakottai,2024,21,176.0,2024-05-20,MGNREGA (historical),170.0,181.0,191.0,3.5294117647058822,-2.7624309392265194,-7.853403141361256,1,182.75,9.53502316025854,184.75,9.67692395045332,186.0,10.081486181925913,186.0,10.081486181925913,-0.9919172450911056,0.946236559139785,,,,,1.0,0.0,1.7199355383242692,0.6879742153297077,False,14.117647058823529,9.46236559139785,8.7,LOW,🟢,Continue routine monitoring. No administrative action required at this time.,No significant deviation from normal demand patterns detected
Tamil Nadu,Salem,Attur,Periyakottai Gp,Periyakottai,Tamil Nadu|Salem|Attur|Periyakottai,2024,22,165.0,2024-05-27,MGNREGA (historical),176.0,170.0,189.0,-6.25,-2.941176470588235,-12.698412698412698,0,179.0,8.041558721209885,184.5,9.899494936611664,185.5,10.440306508910526,185.5,10.440306508910526,-1.9635438847033648,0.889487870619946,,,,,1.0,0.0,2.8972226051792576,1.158889042071703,False,0.0,8.89487870619946,3.0,LOW,🟢,Continue routine monitoring. No administrative action required at this time.,No significant deviation from normal demand patterns detected
Tamil Nadu,Salem,Attur,Periyakottai Gp,Periyakottai,Tamil Nadu|Salem|Attur|Periyakottai,2024,23,176.0,2024-06-03,MGNREGA (historical),165.0,176.0,181.0,6.666666666666667,0.0,-2.7624309392265194,1,173.0,6.976149845485453,183.0,11.904380946285519,183.5,11.904926405789842,183.5,11.904926405789842,-0.6299912947258918,0.9591280653950953,,,,,1.0,0.0,1.2573858611296354,0.5029543444518542,False,25.0,9.591280653950953,13.0,LOW,🟢,Continue routine monitoring. No administrative action required at this time.,Demand increased 7% in the latest week
Tamil Nadu,Salem,Attur,Periyakottai Gp,Periyakottai,Tamil Nadu|Salem|Attur|Periyakottai,2024,24,162.0,2024-06-10,MGNREGA (historical),176.0,165.0,170.0,-7.954545454545454,-1.8181818181818181,-4.705882352941177,0,171.75,5.315072906367329,180.25,10.38886766825776,183.33333333333334,12.002524986876953,183.33333333333334,12.002524986876953,-1.7774037843419028,0.8836363636363636,,,,,1.0,0.0,2.6627378344980555,1.0650951337992223,False,0.0,8.836363636363636,3.0,LOW,🟢,Continue routine monitoring. No administrative action required at this time.,No significant deviation from normal demand patterns detected
Tamil Nadu,Salem,Attur,Periyakottai Gp,Periyakottai,Tamil Nadu|Salem|Attur|Periyakottai,2024,25,152.0,2024-06-17,MGNREGA (historical),162.0,176.0,176.0,-6.172839506172839,-13.636363636363635,-13.636363636363635,0,169.75,7.320063751999254,176.25,10.498299181976368,179.75,11.346805717910197,179.75,11.346805717910197,-2.4456222032777406,0.8456189151599444,,,,,1.0,0.0,6.480417136977174,2.59216685479087,False,0.0,8.456189151599444,3.3,LOW,🟢,Continue routine monitoring. No administrative action required at this time.,No significant deviation from normal demand patterns detected
Tamil Nadu,Salem,Attur,Periyakottai Gp,Periyakottai,Tamil Nadu|Salem|Attur|Periyakottai,2024,26,152.0,2024-06-24,MGNREGA (historical),152.0,162.0,165.0,0.0,-6.172839506172839,-7.878787878787878,0,163.75,9.878427675158296,171.375,11.661138145873359,177.58333333333334,13.905252986050279,177.58333333333334,13.905252986050279,-1.8398322820159037,0.8559361801970905,,,,,1.0,0.0,3.3703959775892525,1.3481583910357011,False,0.0,8.559361801970905,3.0,LOW,🟢,Continue routine monitoring. No administrative action required at this time.,No significant deviation from normal demand patterns detected
Tamil Nadu,Salem,Attur,Periyakottai Gp,Periyakottai,Tamil Nadu|Salem|Attur|Periyakottai,2024,27,154.0,2024-07-01,MGNREGA (historical),152.0,152.0,176.0,1.3157894736842104,1.3157894736842104,-12.5,1,160.5,11.357816691600549,166.75,10.990255424043347,175.5,15.750901850081751,175.5,15.750901850081751,-1.3650012046699669,0.8774928774928775,,,,,1.0,0.0,6.389328554866247,2.555731421946499,False,5.263157894736842,8.774928774928775,5.5,LOW,🟢,Continue routine monitoring. No administrative action required at this time.,No significant deviation from normal demand patterns detected
Tamil Nadu,Salem,Attur,Periyakottai Gp,Periyakottai,Tamil Nadu|Salem|Attur|Periyakottai,2024,28,140.0,2024-07-08,MGNREGA (historical),154.0,152.0,162.0,-9.090909090909092,-7.894736842105263,-13.580246913580247,0,155.0,4.760952285695242,163.375,10.098620839359343,171.83333333333334,15.14675682858355,171.83333333333334,15.14675682858355,-2.101660024887997,0.8147429679922406,,,,,1.0,0.0,5.032206801983543,2.0128827207934172,False,0.0,8.147429679922405,3.0,LOW,🟢,Continue routine monitoring. No administrative action required at this time.,No significant deviation from normal demand patterns detected
Tamil Nadu,Salem,Attur,Periyakottai Gp,Periyakottai,Tamil Nadu|Salem|Attur|Periyakottai,2024,29,134.0,2024-07-15,MGNREGA (historical),140.0,154.0,152.0,-4.285714285714286,-12.987012987012985,-11.842105263157894,0,149.5,6.403124237432851,159.625,12.557723861091565,167.33333333333334,15.962076268076128,167.33333333333334,15.962076268076128,-2.088283051246875,0.8007968127490039,,,,,1.0,0.0,5.747579881711276,2.2990319526845107,False,0.0,8.00796812749004,3.1,LOW,🟢,Continue routine monitoring. No administrative action required at this time.,No significant deviation from normal demand patterns detected
Tamil Nadu,Salem,Attur,Periyakottai Gp,Periyakottai,Tamil Nadu|Salem|Attur|Periyakottai,2024,30,139.0,2024-07-22,MGNREGA (historical),134.0,140.0,152.0,3.731343283582089,-0.7142857142857143,-8.552631578947368,1,145.0,9.591663046625438,154.375,13.479481761975437,162.58333333333334,16.741121572796498,162.58333333333334,16.741121572796498,-1.4087068916371233,0.8549461814454126,,,,,1.0,0.0,6.973471974840867,2.7893887899363468,False,14.925373134328357,8.549461814454126,9.4,LOW,🟢,Continue routine monitoring. No administrative action required at this time.,No significant deviation from normal demand patterns detected
Tamil Nadu,Salem,Attur,Periyakottai Gp,Periyakottai,Tamil Nadu|Salem|Attur|Periyakottai,2024,31,135.0,2024-07-29,MGNREGA (historical),139.0,134.0,154.0,-2.877697841726619,0.7462686567164178,-12.337662337662337,0,141.75,8.578072821638512,151.125,13.684584653647951,158.41666666666666,15.762200661613551,158.41666666666666,15.762200661613551,-1.4856216571138061,0.8521830615465545,,,,,1.0,0.0,1.7831417822457063,0.7132567128982825,False,0.0,8.521830615465545,2.8,LOW,🟢,Continue routine monitoring. No administrative action required at this time.,No significant deviation from normal demand patterns detected
Tamil Nadu,Salem,Attur,Periyakottai Gp,Periyakottai,Tamil Nadu|Salem|Attur|Periyakottai,2024,32,124.0,2024-08-05,MGNREGA (historical),135.0,139.0,140.0,-8.148148148148149,-10.79136690647482,-11.428571428571429,0,137.0,2.9439202887759364,146.0,10.295630140986997,154.58333333333334,15.35908575246314,154.58333333333334,15.35908575246314,-1.9912209506629448,0.8021563342318059,,,,,1.0,0.0,4.665706196936739,1.8662824787746957,False,0.0,8.021563342318059,3.0,LOW,🟢,Continue routine monitoring. No administrative action required at this time.,No significant deviation from normal demand patterns detected
Tamil Nadu,Salem,Attur,Periyakottai Gp,Periyakottai,Tamil Nadu|Salem|Attur|Periyakottai,2024,33,121.0,2024-08-12,MGNREGA (historical),124.0,135.0,134.0,-2.4193548387096775,-10.37037037037037,-9.701492537313433,0,133.0,6.377042156569658,141.25,10.62006187767822,150.75,16.831383025332638,150.75,16.831383025332638,-1.767531518665089,0.802653399668325,,,,,1.0,0.0,4.768358407488723,1.9073433629954892,False,0.0,8.02653399668325,3.0,LOW,🟢,Continue routine monitoring. No administrative action required at this time.,No significant deviation from normal demand patterns detected
Tamil Nadu,Salem,Attur,Periyakottai Gp,Periyakottai,Tamil Nadu|Salem|Attur|Periyakottai,2024,34,124.0,2024-08-19,MGNREGA (historical),121.0,124.0,139.0,2.479338842975207,0.0,-10.79136690647482,1,129.75,8.616843969807038,137.375,11.734412152785012,146.16666666666666,16.819000799060245,146.16666666666666,16.819000799060245,-1.3179538387265677,0.8483466362599773,,,,,1.0,0.0,7.233774409905265,2.893509763962106,False,9.917355371900827,8.483466362599772,7.4,LOW,🟢,Continue routine monitoring. No administrative action required at this time.,No significant deviation from normal demand patterns detected
Tamil Nadu,Salem,Attur,Periyakottai Gp,Periyakottai,Tamil Nadu|Salem|Attur|Periyakottai,2024,35,106.0,2024-08-26,MGNREGA (historical),124.0,121.0,135.0,-14.516129032258066,-12.396694214876034,-21.48148148148148,0,126.0,6.16441400296897,133.875,10.894789055848147,142.75,16.80976447836742,142.75,16.80976447836742,-2.1862293220879914,0.7425569176882661,,,,,1.0,0.0,16.178738743728918,6.471495497491567,False,0.0,7.425569176882662,4.2,LOW,🟢,Continue routine monitoring. No administrative action required at this time.,No significant deviation from normal demand patterns detected
Tamil Nadu,Salem,Attur,Periyakottai Gp,Periyakottai,Tamil Nadu|Salem|Attur|Periyakottai,2024,36,104.0,2024-09-02,MGNREGA (historical),106.0,124.0,124.0,-1.8867924528301887,-16.129032258064516,-16.129032258064516,0,118.75,8.616843969807038,127.875,11.432253871018982,136.91666666666666,16.362142187675126,136.91666666666666,16.362142187675126,-2.011757769191208,0.7595861229458308,,,,,1.0,0.0,10.850981000585321,4.340392400234129,False,0.0,7.5958612294583086,3.6,LOW,🟢,Continue routine monitoring. No administrative action required at this time.,No significant deviation from normal demand patterns detected
Tamil Nadu,Salem,Attur,Periyakottai Gp,Periyakottai,Tamil Nadu|Salem|Attur|Periyakottai,2024,37,108.0,2024-09-09,MGNREGA (historical),104.0,106.0,121.0,3.8461538461538463,1.8867924528301887,-10.743801652892563,1,113.75,10.210288928331066,123.375,12.96079252426883,132.08333333333334,16.8385830397893,132.08333333333334,16.8385830397893,-1.430247027105833,0.8176656151419558,,,,,1.0,0.0,11.763302934487653,4.7053211737950615,False,15.384615384615385,8.176656151419557,10.0,LOW,🟢,Continue routine monitoring. No administrative action required at this time.,No significant deviation from normal demand patterns detected
Tamil Nadu,Salem,Attur,Periyakottai Gp,Periyakottai,Tamil Nadu|Salem|Attur|Periyakottai,2024,38,112.0,2024-09-16,MGNREGA (historical),108.0,104.0,124.0,3.7037037037037033,7.6923076923076925,-9.67741935483871,2,110.5,9.14694848934149,120.125,13.173973258989536,128.41666666666666,16.897866101608205,128.41666666666666,16.897866101608205,-0.9715230649806279,0.8721609344581441,,,,,1.0,0.0,16.383409031986986,6.5533636127947945,False,14.814814814814813,8.721609344581442,10.5,LOW,🟢,Continue routine monitoring. No administrative action required at this time.,No significant deviation from normal demand patterns detected
Tamil Nadu,Salem,Attur,Periyakottai Gp,Periyakottai,Tamil Nadu|Salem|Attur|Periyakottai,2024,39,116.0,2024-09-23,MGNREGA (historical),112.0,108.0,106.0,3.571428571428571,7.4074074074074066,9.433962264150944,3,107.5,3.4156502553198522,116.75,10.911985546701779,125.08333333333333,15.727557362987472,125.08333333333333,15.727557362987472,-0.5775425340180057,0.927381745502998,,,,,1.0,0.0,27.381182081949866,10.952472832779947,False,14.285714285714285,9.273817455029981,11.8,LOW,🟢,Continue routine monitoring. No administrative action required at this time.,Momentum has increased for 3 consecutive weeks
Tamil Nadu,Salem,Attur,Periyakottai Gp,Periyakottai,Tamil Nadu|Salem|Attur|Periyakottai,2024,40,126.0,2024-09-30,MGNREGA (historical),116.0,112.0,104.0,8.620689655172415,12.5,21.153846153846153,4,110.0,5.1639777949432135,114.375,8.070006195784483,121.91666666666667,12.957681704360391,121.91666666666667,12.957681704360391,0.315128386890322,1.0334928229665072,,,,,1.0,6.30256773780644,41.134242120600575,20.235237490924096,False,30.862068965517246,14.186602870813406,22.7,LOW,🟢,Continue routine monitoring. No administrative action required at this time.,Demand increased 9% in the latest week · Momentum has increased for 4 consecutive weeks
Tamil Nadu,Salem,Attur,Periyakottai Gp,Periyakottai,Tamil Nadu|Salem|Attur|Periyakottai,2024,41,120.0,2024-10-07,MGNREGA (historical),126.0,116.0,108.0,-4.761904761904762,3.4482758620689653,11.11111111111111,0,115.5,7.724420150837639,114.625,8.433563896716496,120.75,11.756042933510678,120.75,11.756042933510678,-0.06379697694554348,0.9937888198757764,,,,,1.0,0.0,2.0920892950792447,0.8368357180316979,False,0.0,9.937888198757763,3.2,LOW,🟢,Continue routine monitoring. No administrative action required at this time.,No significant deviation from normal demand patterns detected
Tamil Nadu,Salem,Attur,Periyakottai Gp,Periyakottai,Tamil Nadu|Salem|Attur|Periyakottai,2024,42,112.0,2024-10-14,MGNREGA (historical),120.0,126.0,112.0,-6.666666666666667,-11.11111111111111,0.0,0,118.5,5.9721576223896315,114.5,8.33238089795296,119.58333333333333,10.991387813220264,119.58333333333333,10.991387813220264,-0.6899341067933403,0.9365853658536586,,,,,1.0,0.0,1.2996667967838358,0.5198667187135343,False,0.0,9.365853658536587,3.0,LOW,🟢,Continue routine monitoring. No administrative action required at this time.,No significant deviation from normal demand patterns detected
Tamil Nadu,Salem,Attur,Periyakottai Gp,Periyakottai,Tamil Nadu|Salem|Attur|Periyakottai,2024,43,115.0,2024-10-21,MGNREGA (historical),112.0,120.0,116.0,2.6785714285714284,-4.166666666666666,-0.8620689655172413,1,118.5,5.9721576223896315,113.0,7.406560798180407,117.33333333333333,9.286679936469497,117.33333333333333,9.286679936469497,-0.25125592238515204,0.9801136363636364,,,,,1.0,0.0,0.8663833628275237,0.3465533451310095,False,10.714285714285714,9.801136363636363,7.3,LOW,🟢,Continue routine monitoring. No administrative action required at this time.,No significant deviation from normal demand patterns detected
Tamil Nadu,Salem,Attur,Periyakottai Gp,Periyakottai,Tamil Nadu|Salem|Attur|Periyakottai,2024,44,108.0,2024-10-28,MGNREGA (historical),115.0,112.0,126.0,-6.086956521739131,-3.571428571428571,-14.285714285714285,0,118.25,6.130524719249832,114.125,6.8543521106770395,115.66666666666667,7.438637868140522,115.66666666666667,7.438637868140522,-1.0306546443809008,0.9337175792507204,,,,,1.0,0.0,2.4518753810552183,0.9807501524220874,False,0.0,9.337175792507203,3.1,LOW,🟢,Continue routine monitoring. No administrative action required at this time.,No significant deviation from normal demand patterns detected
Tamil Nadu,Salem,Attur,Periyakottai Gp,Periyakottai,Tamil Nadu|Salem|Attur|Periyakottai,2024,45,119.0,2024-11-04,MGNREGA (historical),108.0,115.0,120.0,10.185185185185185,3.4782608695652173,-0.8333333333333334,1,113.75,5.057996968497832,114.625,6.116429864366485,114.33333333333333,7.240458716424203,114.33333333333333,7.240458716424203,0.6445263828493131,1.0408163265306123,,,,,1.0,12.890527656986261,1.9101627906191683,8.498381710439425,False,35.37037037037037,15.102040816326538,21.2,LOW,🟢,Continue routine monitoring. No administrative action required at this time.,Demand increased 10% in the latest week
Tamil Nadu,Salem,Attur,Periyakottai Gp,Periyakottai,Tamil Nadu|Salem|Attur|Periyakottai,2024,46,119.0,2024-11-11,MGNREGA (historical),119.0,108.0,112.0,0.0,10.185185185185185,6.25,0,113.5,4.654746681256306,116.0,5.63154381269343,114.16666666666667,7.0945988845976435,114.16666666666667,7.0945988845976435,0.6812694293156564,1.0423357664233577,,,,,1.0,13.625388586313129,1.319821339343968,8.703161687525464,False,0.0,15.29197080291971,7.2,LOW,🟢,Continue routine monitoring. No administrative action required at this time.,No significant deviation from normal demand patterns detected
Tamil Nadu,Salem,Attur,Periyakottai Gp,Periyakottai,Tamil Nadu|Salem|Attur|Periyakottai,2024,47,128.0,2024-11-18,MGNREGA (historical),119.0,119.0,115.0,7.563025210084033,7.563025210084033,11.304347826086957,1,115.25,5.18812747209112,116.875,5.46253473346263,113.75,6.593729803932938,113.75,6.593729803932938,2.16114406014944,1.1252747252747253,,,,,1.0,43.222881202988795,7.170225201684957,28.80181880246726,False,27.6890756302521,25.659340659340664,27.4,LOW,🟢,Continue routine monitoring. No administrative action required at this time.,Demand increased 8% in the latest week · Current demand is 13% above its historical baseline · Current demand is 2.2 standard deviations above baseline
Tamil Nadu,Salem,Attur,Periyakottai Gp,Periyakottai,Tamil Nadu|Salem|Attur|Periyakottai,2024,48,121.0,2024-11-25,MGNREGA (historical),128.0,119.0,108.0,-5.46875,1.680672268907563,12.037037037037036,0,118.5,8.185352771872447,118.375,6.6962142822856,115.58333333333333,7.267090618714404,115.58333333333333,7.267090618714404,0.7453693576790591,1.0468637346791636,,,,,1.0,14.907387153581181,4.073671382459818,10.573900845132634,False,0.0,15.857966834895452,7.9,LOW,🟢,Continue routine monitoring. No administrative action required at this time.,No significant deviation from normal demand patterns detected
Tamil Nadu,Salem,Attur,Periyakottai Gp,Periyakottai,Tamil Nadu|Salem|Attur|Periyakottai,2024,49,137.0,2024-12-02,MGNREGA (historical),121.0,128.0,119.0,13.223140495867769,7.03125,15.126050420168067,1,121.75,4.272001872658759,117.75,6.088631091750305,117.0,6.410219114110687,117.0,6.410219114110687,3.1200181528856636,1.170940170940171,,,,,1.0,62.40036305771327,22.097210346354466,46.279101973169745,False,41.446280991735534,31.36752136752138,39.9,LOW,🟢,Continue routine monitoring. No administrative action required at this time.,Demand increased 13% in the latest week · Current demand is 17% above its historical baseline · Current demand is 3.1 standard deviations above baseline
Tamil Nadu,Salem,Attur,Periyakottai Gp,Periyakottai,Tamil Nadu|Salem|Attur|Periyakottai,2024,50,150.0,2024-12-09,MGNREGA (historical),137.0,121.0,119.0,9.48905109489051,23.96694214876033,26.05042016806723,2,126.25,8.13941029804985,119.875,9.171968163922067,119.41666666666667,7.98246183640724,119.41666666666667,7.98246183640724,3.831315947399296,1.256106071179344,,,,,1.0,76.62631894798592,37.694738095509145,61.053686606995214,True,33.467153284671525,39.675505931611994,43.6,MODERATE,🟡,Increase monitoring frequency. Review recent employment demand trends for this village.,Demand increased 9% in the latest week · Current demand is 26% above its historical baseline · Current demand is 3.8 standard deviations above baseline · Statistical/ML anomaly detection flagged this week as abnormal
Tamil Nadu,Salem,Attur,Periyakottai Gp,Periyakottai,Tamil Nadu|Salem|Attur|Periyakottai,2024,51,140.0,2024-12-16,MGNREGA (historical),150.0,137.0,128.0,-6.666666666666667,2.18978102189781,9.375,0,134.0,12.516655570345725,124.625,13.383758814324171,122.58333333333333,11.524348400695258,122.58333333333333,11.524348400695258,1.5112929652157976,1.1420802175390892,,,,,1.0,30.22585930431595,10.035098440061576,22.1495549586142,False,0.0,27.76002719238615,15.0,LOW,🟢,Continue routine monitoring. No administrative action required at this time.,Current demand is 14% above its historical baseline · Current demand is 1.5 standard deviations above baseline
Tamil Nadu,Salem,Attur,Periyakottai Gp,Periyakottai,Tamil Nadu|Salem|Attur|Periyakottai,2024,52,149.0,2024-12-23,MGNREGA (historical),140.0,150.0,121.0,6.428571428571428,-0.6666666666666667,23.140495867768596,1,137.0,12.027745701779143,127.75,13.729530217745978,124.58333333333333,12.332207155790677,124.58333333333333,12.332207155790677,1.9799105187104848,1.1959866220735786,,,,,1.0,39.5982103742097,11.400643250875449,28.319183524876,False,24.285714285714285,34.49832775919734,28.6,LOW,🟢,Continue routine monitoring. No administrative action required at this time.,Demand increased 6% in the latest week · Current demand is 20% above its historical baseline · Current demand is 2.0 standard deviations above baseline
Tamil Nadu,Salem,Attur,Periyakottai Gp,Periyakottai,Tamil Nadu|Salem|Attur|Periyakottai,2025,1,156.0,2024-12-30,MGNREGA (historical),149.0,140.0,137.0,4.697986577181208,11.428571428571429,13.86861313868613,2,144.0,6.480740698407855,132.875,12.933207534979752,126.5,14.215868214460581,126.5,14.215868214460581,2.0751458549673516,1.233201581027668,157.0,,157.0,-0.6369426751592357,1.0,41.50291709934703,13.023383312403128,30.11110358456947,False,18.79194630872483,37.766798418972336,27.9,LOW,🟢,Continue routine monitoring. No administrative action required at this time.,Current demand is 23% above its historical baseline · Current demand is 2.1 standard deviations above baseline
Tamil Nadu,Salem,Attur,Periyakottai Gp,Periyakottai,Tamil Nadu|Salem|Attur|Periyakottai,2025,2,151.0,2025-01-06,MGNREGA (historical),156.0,149.0,150.0,-3.205128205128205,1.342281879194631,0.6666666666666667,0,148.75,6.601767440112778,137.5,13.8460927959582,129.5,16.356816760771526,129.5,16.356816760771526,1.3144366849889366,1.166023166023166,162.0,,162.0,-6.790123456790123,1.0,26.28873369977873,7.513877136135047,18.77879107432126,False,0.0,30.752895752895743,14.9,LOW,🟢,Continue routine monitoring. No administrative action required at this time.,Current demand is 17% above its historical baseline
Tamil Nadu,Salem,Attur,Periyakottai Gp,Periyakottai,Tamil Nadu|Salem|Attur|Periyakottai,2025,3,161.0,2025-01-13,MGNREGA (historical),151.0,156.0,140.0,6.622516556291391,3.205128205128205,15.0,1,149.0,6.683312551921132,141.5,12.270755012281372,132.75,16.437899666762398,132.75,16.437899666762398,1.71858939236147,1.2128060263653484,171.0,,171.0,-5.847953216374268,1.0,34.3717878472294,7.029365181568801,23.43481878096516,False,24.867549668874172,36.06716886377904,27.8,LOW,🟢,Continue routine monitoring. No administrative action required at this time.,Demand increased 7% in the latest week · Current demand is 21% above its historical baseline · Current demand is 1.7 standard deviations above baseline
Tamil Nadu,Salem,Attur,Periyakottai Gp,Periyakottai,Tamil Nadu|Salem|Attur|Periyakottai,2025,4,163.0,2025-01-20,MGNREGA (historical),161.0,151.0,149.0,1.2422360248447204,7.9470198675496695,9.395973154362416,2,154.25,5.377421934967216,145.625,12.625795590207936,136.58333333333334,17.265090018106925,136.58333333333334,17.265090018106925,1.5300624925188302,1.193410616229408,163.0,,163.0,0.0,1.0,30.601249850376604,9.912539616562539,22.325765756850977,False,4.968944099378882,34.17632702867601,18.9,LOW,🟢,Continue routine monitoring. No administrative action required at this time.,Current demand is 19% above its historical baseline · Current demand is 1.5 standard deviations above baseline
Tamil Nadu,Salem,Attur,Periyakottai Gp,Periyakottai,Tamil Nadu|Salem|Attur|Periyakottai,2025,5,168.0,2025-01-27,MGNREGA (historical),163.0,161.0,156.0,3.067484662576687,4.3478260869565215,7.6923076923076925,3,157.75,5.377421934967216,150.875,9.187530369240376,141.16666666666666,16.258331197676334,141.16666666666666,16.258331197676334,1.650435890810762,1.1900826446280992,174.0,,174.0,-3.4482758620689653,1.0,33.00871781621524,17.291389704419718,26.72178657149703,False,12.269938650306749,33.76033057851241,23.1,LOW,🟢,Continue routine monitoring. No administrative action required at this time.,Current demand is 19% above its historical baseline · Current demand is 1.7 standard deviations above baseline · Momentum has increased for 3 consecutive weeks
Tamil Nadu,Salem,Attur,Periyakottai Gp,Periyakottai,Tamil Nadu|Salem|Attur|Periyakottai,2025,6,164.0,2025-02-03,MGNREGA (historical),168.0,163.0,151.0,-2.380952380952381,0.6134969325153374,8.609271523178808,0,160.75,7.135591542869205,154.75,9.035643703846286,145.25,16.338048175403962,145.25,16.338048175403962,1.1476279050411358,1.1290877796901893,169.0,,169.0,-2.9585798816568047,1.0,22.952558100822714,4.475508458785981,15.56173824400802,False,0.0,26.13597246127366,12.5,LOW,🟢,Continue routine monitoring. No administrative action required at this time.,Current demand is 13% above its historical baseline
Tamil Nadu,Salem,Attur,Periyakottai Gp,Periyakottai,Tamil Nadu|Salem|Attur|Periyakottai,2025,7,175.0,2025-02-10,MGNREGA (historical),164.0,168.0,161.0,6.707317073170732,4.166666666666666,8.695652173913043,1,164.0,2.943920288775925,156.5,9.335033858688304,149.0,14.86301082920596,149.0,14.86301082920596,1.74930909347854,1.174496644295302,178.0,,178.0,-1.6853932584269662,1.0,34.9861818695708,4.950022725137729,22.97171821179757,False,25.121951219512198,31.812080536912752,26.5,LOW,🟢,Continue routine monitoring. No administrative action required at this time.,Demand increased 7% in the latest week · Current demand is 17% above its historical baseline · Current demand is 1.7 standard deviations above baseline
Tamil Nadu,Salem,Attur,Periyakottai Gp,Periyakottai,Tamil Nadu|Salem|Attur|Periyakottai,2025,8,183.0,2025-02-17,MGNREGA (historical),175.0,164.0,163.0,4.571428571428571,11.585365853658537,12.269938650306749,2,167.5,5.446711546122717,160.875,8.67570499399657,152.91666666666666,15.017918590399995,152.91666666666666,15.017918590399995,2.003162632174855,1.1967302452316078,177.0,,177.0,3.389830508474576,1.0,40.063252643497094,10.892234083930205,28.394845219670337,False,18.285714285714285,34.591280653950975,26.2,LOW,🟢,Continue routine monitoring. No administrative action required at this time.,Current demand is 20% above its historical baseline · Current demand is 2.0 standard deviations above baseline
Tamil Nadu,Salem,Attur,Periyakottai Gp,Periyakottai,Tamil Nadu|Salem|Attur|Periyakottai,2025,9,194.0,2025-02-24,MGNREGA (historical),183.0,175.0,168.0,6.0109289617486334,10.857142857142858,15.476190476190476,3,172.5,8.3466560170326,165.125,10.218156109871982,158.08333333333334,13.641236503093722,158.08333333333334,13.641236503093722,2.6329480218689154,1.2272008434370056,182.0,,182.0,6.593406593406594,1.0,52.65896043737831,24.099220611533287,41.2350645070403,False,23.0327868852459,37.26673695308381,32.8,LOW,🟢,Continue routine monitoring. No administrative action required at this time.,Demand increased 6% in the latest week · Current demand is 23% above its historical baseline · Current demand is 2.6 standard deviations above baseline · Momentum has increased for 3 consecutive weeks
Tamil Nadu,Salem,Attur,Periyakottai Gp,Periyakottai,Tamil Nadu|Salem|Attur|Periyakottai,2025,10,192.0,2025-03-03,MGNREGA (historical),194.0,183.0,164.0,-1.0309278350515463,4.918032786885246,17.073170731707318,0,179.0,12.675435561221024,169.875,13.632288352081083,162.83333333333334,15.43804823587933,162.83333333333334,15.43804823587933,1.889271637257931,1.1791197543500511,189.0,,189.0,1.5873015873015872,1.0,37.78543274515862,15.056964731450861,28.694045539675518,False,0.0,32.389969293756394,18.3,LOW,🟢,Continue routine monitoring. No administrative action required at this time.,Current demand is 18% above its historical baseline · Current demand is 1.9 standard deviations above baseline
Tamil Nadu,Salem,Attur,Periyakottai Gp,Periyakottai,Tamil Nadu|Salem|Attur|Periyakottai,2025,11,204.0,2025-03-10,MGNREGA (historical),192.0,194.0,175.0,6.25,5.154639175257731,16.57142857142857,1,186.0,8.755950357709123,175.0,13.223355960464147,166.33333333333334,16.950909513454935,166.33333333333334,16.950909513454935,2.222102987262625,1.2264529058116231,178.0,,178.0,14.606741573033707,1.0,44.4420597452525,9.568327749748436,30.492566947050875,False,23.75,37.20440881763526,29.8,LOW,🟢,Continue routine monitoring. No administrative action required at this time.,Demand increased 6% in the latest week · Current demand is 23% above its historical baseline · Current demand is 2.2 standard deviations above baseline
Tamil Nadu,Salem,Attur,Periyakottai Gp,Periyakottai,Tamil Nadu|Salem|Attur|Periyakottai,2025,12,180.0,2025-03-17,MGNREGA (historical),204.0,192.0,183.0,-11.76470588235294,-6.25,-1.639344262295082,0,193.25,8.616843969807038,180.375,15.296474850668787,171.66666666666666,17.951112061441435,171.66666666666666,17.951112061441435,0.46422379320070906,1.0485436893203883,205.0,,205.0,-12.195121951219512,1.0,9.284475864014182,7.258067291780429,8.473912435120681,False,0.0,16.067961165048544,7.4,LOW,🟢,Continue routine monitoring. No administrative action required at this time.,No significant deviation from normal demand patterns detected
Tamil Nadu,Salem,Attur,Periyakottai Gp,Periyakottai,Tamil Nadu|Salem|Attur|Periyakottai,2025,13,195.0,2025-03-24,MGNREGA (historical),180.0,204.0,194.0,8.333333333333332,-4.411764705882353,0.5154639175257731,1,192.5,9.8488578017961,182.5,13.62770287738493,174.25,16.570099028617353,174.25,16.570099028617353,1.2522556421759314,1.1190817790530847,178.0,,178.0,9.550561797752808,1.0,25.04511284351863,3.511066709989294,16.431494390106895,False,29.999999999999996,24.885222381635593,24.4,LOW,🟢,Continue routine monitoring. No administrative action required at this time.,Demand increased 8% in the latest week · Current demand is 12% above its historical baseline
Tamil Nadu,Salem,Attur,Periyakottai Gp,Periyakottai,Tamil Nadu|Salem|Attur|Periyakottai,2025,14,189.0,2025-03-31,MGNREGA (historical),195.0,180.0,192.0,-3.076923076923077,5.0,-1.5625,0,192.75,9.9121138007995,185.875,12.844537471514597,177.5,16.48966618549614,177.5,16.48966618549614,0.697406476919168,1.064788732394366,177.0,,177.0,6.779661016949152,1.0,13.94812953838336,2.234590472183086,9.26271391190325,False,0.0,18.098591549295765,8.2,LOW,🟢,Continue routine monitoring. No administrative action required at this time.,No significant deviation from normal demand patterns detected
Tamil Nadu,Salem,Attur,Periyakottai Gp,Periyakottai,Tamil Nadu|Salem|Attur|Periyakottai,2025,15,207.0,2025-04-07,MGNREGA (historical),189.0,195.0,204.0,9.523809523809524,6.153846153846154,1.4705882352941175,1,192.0,10.099504938362074,189.0,9.319717960171467,180.66666666666666,14.462071606499503,180.66666666666666,14.462071606499503,1.8208548574395587,1.1457564575645758,198.0,,198.0,4.545454545454546,1.0,36.41709714879117,6.454806446189572,24.43218086775053,False,33.57142857142857,28.219557195571976,29.2,LOW,🟢,Continue routine monitoring. No administrative action required at this time.,Demand increased 10% in the latest week · Current demand is 15% above its historical baseline · Current demand is 1.8 standard deviations above baseline
Tamil Nadu,Salem,Attur,Periyakottai Gp,Periyakottai,Tamil Nadu|Salem|Attur|Periyakottai,2025,16,179.0,2025-04-14,MGNREGA (historical),207.0,189.0,180.0,-13.526570048309178,-5.291005291005291,-0.5555555555555556,0,192.75,11.324751652906121,193.0,9.319717960171467,184.5,14.866068747318643,184.5,14.866068747318643,-0.36997003669796846,0.9701897018970189,194.0,,194.0,-7.731958762886598,1.0,0.0,5.849918574487416,2.3399674297949664,False,0.0,9.70189701897019,3.6,LOW,🟢,Continue routine monitoring. No administrative action required at this time.,No significant deviation from normal demand patterns detected
Tamil Nadu,Salem,Attur,Periyakottai Gp,Periyakottai,Tamil Nadu|Salem|Attur|Periyakottai,2025,17,178.0,2025-04-21,MGNREGA (historical),179.0,207.0,195.0,-0.5586592178770949,-14.009661835748794,-8.717948717948717,0,192.5,11.704699910719622,192.5,10.01427552475535,185.83333333333334,13.408500243796203,185.83333333333334,13.408500243796203,-0.5842065250330768,0.9578475336322869,191.0,,191.0,-6.806282722513089,1.0,0.0,0.7478229260762712,0.2991291704305085,False,0.0,9.57847533632287,3.0,LOW,🟢,Continue routine monitoring. No administrative action required at this time.,No significant deviation from normal demand patterns detected
Tamil Nadu,Salem,Attur,Periyakottai Gp,Periyakottai,Tamil Nadu|Salem|Attur|Periyakottai,2025,18,178.0,2025-04-28,MGNREGA (historical),178.0,179.0,189.0,0.0,-0.5586592178770949,-5.82010582010582,0,188.25,13.450526631573446,190.5,11.199489784296924,186.66666666666666,12.477859179241195,186.66666666666666,12.477859179241195,-0.694563589969421,0.9535714285714286,189.0,,189.0,-5.82010582010582,1.0,0.0,0.25111233341434563,0.10044493336573826,False,0.0,9.535714285714286,2.9,LOW,🟢,Continue routine monitoring. No administrative action required at this time.,No significant deviation from normal demand patterns detected
Tamil Nadu,Salem,Attur,Periyakottai Gp,Periyakottai,Tamil Nadu|Salem|Attur|Periyakottai,2025,19,162.0,2025-05-05,MGNREGA (historical),178.0,178.0,207.0,-8.98876404494382,-8.98876404494382,-21.73913043478261,0,185.5,14.341083176199296,188.75,11.997023440360994,187.83333333333334,10.692676621563812,187.83333333333334,10.692676621563812,-2.4159837847555887,0.862466725820763,181.0,,181.0,-10.497237569060774,1.0,0.0,12.289849935728874,4.91593997429155,False,0.0,8.62466725820763,4.1,LOW,🟢,Continue routine monitoring. No administrative action required at this time.,No significant deviation from normal demand patterns detected
Tamil Nadu,Salem,Attur,Periyakottai Gp,Periyakottai,Tamil Nadu|Salem|Attur|Periyakottai,2025,20,173.0,2025-05-12,MGNREGA (historical),162.0,178.0,179.0,6.790123456790123,-2.8089887640449436,-3.35195530726257,1,174.25,8.18026079453868,183.5,13.469542361512183,186.75,12.59960316835431,186.75,12.59960316835431,-1.0913042114322358,0.9263721552878179,170.0,,170.0,1.7647058823529411,1.0,0.0,3.0479344668070025,1.2191737867228012,False,25.37037037037037,9.263721552878179,13.3,LOW,🟢,Continue routine monitoring. No administrative action required at this time.,Demand increased 7% in the latest week
Tamil Nadu,Salem,Attur,Periyakottai Gp,Periyakottai,Tamil Nadu|Salem|Attur|Periyakottai,2025,21,168.0,2025-05-19,MGNREGA (historical),173.0,162.0,178.0,-2.8901734104046244,3.7037037037037033,-5.617977528089887,0,172.75,7.5443135318375125,182.625,13.948246177515337,185.91666666666666,13.187172371343264,185.91666666666666,13.187172371343264,-1.3586435486049266,0.9036306588973555,176.0,,176.0,-4.545454545454546,1.0,0.0,0.8205881585845679,0.3282352634338272,False,0.0,9.036306588973556,2.8,LOW,🟢,Continue routine monitoring. No administrative action required at this time.,No significant deviation from normal demand patterns detected
Tamil Nadu,Salem,Attur,Periyakottai Gp,Periyakottai,Tamil Nadu|Salem|Attur|Periyakottai,2025,22,173.0,2025-05-26,MGNREGA (historical),168.0,173.0,178.0,2.976190476190476,0.0,-2.8089887640449436,1,170.25,6.849574196011502,179.25,13.791819521523818,183.75,13.85722653609773,183.75,13.85722653609773,-0.775768511252704,0.9414965986394558,165.0,,165.0,4.848484848484849,1.0,0.0,1.4189931382304368,0.5675972552921748,False,11.904761904761903,9.414965986394558,7.8,LOW,🟢,Continue routine monitoring. No administrative action required at this time.,No significant deviation from normal demand patterns detected
Tamil Nadu,Salem,Attur,Periyakottai Gp,Periyakottai,Tamil Nadu|Salem|Attur|Periyakottai,2025,23,171.0,2025-06-02,MGNREGA (historical),173.0,168.0,162.0,-1.1560693641618496,1.7857142857142856,5.555555555555555,0,169.0,5.228129047119368,177.25,13.328272849205065,182.16666666666666,13.914239490754223,182.16666666666666,13.914239490754223,-0.8025351780157814,0.938700823421775,176.0,,176.0,-2.840909090909091,1.0,0.0,1.994085910338127,0.7976343641352508,False,0.0,9.387008234217749,3.1,LOW,🟢,Continue routine monitoring. No administrative action required at this time.,No significant deviation from normal demand patterns detected
Tamil Nadu,Salem,Attur,Periyakottai Gp,Periyakottai,Tamil Nadu|Salem|Attur|Periyakottai,2025,24,180.0,2025-06-09,MGNREGA (historical),171.0,173.0,173.0,5.263157894736842,4.046242774566474,4.046242774566474,1,171.25,2.3629078131262857,172.75,5.800246300189063,179.41666666666666,12.383701409758881,179.41666666666666,12.383701409758881,0.04710492558175308,1.003251277287506,162.0,,162.0,11.11111111111111,1.0,0.9420985116350616,0.7129337139642634,0.8504325925667424,False,20.789473684210524,10.406409660938245,11.7,LOW,🟢,Continue routine monitoring. No administrative action required at this time.,Demand increased 5% in the latest week
Tamil Nadu,Salem,Attur,Periyakottai Gp,Periyakottai,Tamil Nadu|Salem|Attur|Periyakottai,2025,25,168.0,2025-06-16,MGNREGA (historical),180.0,171.0,168.0,-6.666666666666667,-1.7543859649122806,0.0,0,173.0,5.099019513592778,172.875,5.962681563572819,179.41666666666666,12.383701409758881,179.41666666666666,12.383701409758881,-0.9219106863857232,0.9363678588016722,152.0,,152.0,10.526315789473683,1.0,0.0,2.327844968948965,0.931137987579586,False,0.0,9.363678588016722,3.1,LOW,🟢,Continue routine monitoring. No administrative action required at this time.,No significant deviation from normal demand patterns detected
Tamil Nadu,Salem,Attur,Periyakottai Gp,Periyakottai,Tamil Nadu|Salem|Attur|Periyakottai,2025,26,149.0,2025-06-23,MGNREGA (historical),168.0,180.0,173.0,-11.30952380952381,-17.22222222222222,-13.872832369942195,0,173.0,5.099019513592778,171.625,5.780200194259197,177.16666666666666,11.730560967236986,177.16666666666666,11.730560967236986,-2.401135525004737,0.8410159924741298,152.0,,152.0,-1.9736842105263157,1.0,0.0,8.00342156265729,3.2013686250629165,False,0.0,8.410159924741299,3.5,LOW,🟢,Continue routine monitoring. No administrative action required at this time.,No significant deviation from normal demand patterns detected
Tamil Nadu,Salem,Attur,Periyakottai Gp,Periyakottai,Tamil Nadu|Salem|Attur|Periyakottai,2025,27,142.0,2025-06-30,MGNREGA (historical),149.0,168.0,171.0,-4.697986577181208,-15.476190476190476,-16.95906432748538,0,167.0,13.038404810405295,168.0,9.258200997725504,173.83333333333334,13.597013932433507,173.83333333333334,13.597013932433507,-2.3412003173284988,0.8168744007670182,154.0,,154.0,-7.792207792207792,1.0,0.0,8.343077382222408,3.337230952888963,False,0.0,8.168744007670183,3.5,LOW,🟢,Continue routine monitoring. No administrative action required at this time.,No significant deviation from normal demand patterns detected
Tamil Nadu,Salem,Attur,Periyakottai Gp,Periyakottai,Tamil Nadu|Salem|Attur|Periyakottai,2025,28,150.0,2025-07-07,MGNREGA (historical),142.0,149.0,180.0,5.633802816901409,0.6711409395973155,-16.666666666666664,1,159.75,17.404501333467344,165.5,13.03840481040529,168.41666666666666,12.041280008471963,168.41666666666666,12.041280008471963,-1.5294608757299157,0.8906481939633845,140.0,,140.0,7.142857142857142,1.0,0.0,11.313804224502809,4.525521689801123,False,21.901408450704228,8.906481939633844,12.8,LOW,🟢,Continue routine monitoring. No administrative action required at this time.,Demand increased 6% in the latest week
Tamil Nadu,Salem,Attur,Periyakottai Gp,Periyakottai,Tamil Nadu|Salem|Attur|Periyakottai,2025,29,129.0,2025-07-14,MGNREGA (historical),150.0,142.0,168.0,-14.000000000000002,-9.15492957746479,-23.214285714285715,0,152.25,11.08677891304172,162.625,13.668916771795983,166.0,12.620329919329736,166.0,12.620329919329736,-2.9317775554606946,0.7771084337349398,134.0,,134.0,-3.731343283582089,1.0,0.0,19.422452026443196,7.768980810577279,False,0.0,7.771084337349397,4.7,LOW,🟢,Continue routine monitoring. No administrative action required at this time.,No significant deviation from normal demand patterns detected
Tamil Nadu,Salem,Attur,Periyakottai Gp,Periyakottai,Tamil Nadu|Salem|Attur|Periyakottai,2025,30,153.0,2025-07-21,MGNREGA (historical),129.0,150.0,149.0,18.6046511627907,2.0,2.684563758389262,1,142.5,9.678154093971976,157.75,17.806499615910713,161.91666666666666,15.88857985148362,161.91666666666666,15.88857985148362,-0.5611997264710886,0.9449305198147195,139.0,,139.0,10.071942446043165,1.0,0.0,8.557940089818878,3.4231760359275514,False,52.2093023255814,9.449305198147195,24.7,LOW,🟢,Continue routine monitoring. No administrative action required at this time.,Demand increased 19% in the latest week
Tamil Nadu,Salem,Attur,Periyakottai Gp,Periyakottai,Tamil Nadu|Salem|Attur|Periyakottai,2025,31,143.0,2025-07-28,MGNREGA (historical),153.0,129.0,142.0,-6.535947712418301,10.852713178294573,0.7042253521126761,0,143.5,10.7238052947636,155.25,16.731066057743337,159.83333333333334,15.2126343025869,159.83333333333334,15.2126343025869,-1.1065363827533041,0.8946819603753909,135.0,,135.0,5.9259259259259265,1.0,0.0,2.256775464020624,0.9027101856082496,False,0.0,8.946819603753909,3.0,LOW,🟢,Continue routine monitoring. No administrative action required at this time.,No significant deviation from normal demand patterns detected
Tamil Nadu,Salem,Attur,Periyakottai Gp,Periyakottai,Tamil Nadu|Salem|Attur|Periyakottai,2025,32,124.0,2025-08-04,MGNREGA (historical),143.0,153.0,150.0,-13.286713286713287,-18.954248366013072,-17.333333333333336,0,143.75,10.688779163215967,151.75,15.872257918411332,158.25,15.938090452520598,158.25,15.938090452520598,-2.1489399939114655,0.7835703001579779,124.0,,124.0,0.0,1.0,0.0,9.42410581024967,3.7696423240998684,False,0.0,7.835703001579779,3.5,LOW,🟢,Continue routine monitoring. No administrative action required at this time.,No significant deviation from normal demand patterns detected
Tamil Nadu,Salem,Attur,Periyakottai Gp,Periyakottai,Tamil Nadu|Salem|Attur|Periyakottai,2025,33,110.0,2025-08-11,MGNREGA (historical),124.0,143.0,129.0,-11.29032258064516,-23.076923076923077,-14.728682170542637,0,137.25,13.225606476327142,144.75,13.853828764228728,154.16666666666666,17.963768248810435,154.16666666666666,17.963768248810435,-2.4586526643479374,0.7135135135135136,121.0,,121.0,-9.090909090909092,1.0,0.0,17.158779544885782,6.863511817954313,False,0.0,7.135135135135135,4.2,LOW,🟢,Continue routine monitoring. No administrative action required at this time.,No significant deviation from normal demand patterns detected
Tamil Nadu,Salem,Attur,Periyakottai Gp,Periyakottai,Tamil Nadu|Salem|Attur|Periyakottai,2025,34,114.0,2025-08-18,MGNREGA (historical),110.0,124.0,153.0,3.6363636363636362,-8.064516129032258,-25.49019607843137,1,132.5,19.22671752189298,137.5,15.071259308460489,149.33333333333334,21.381101822673084,149.33333333333334,21.381101822673084,-1.6525496967543993,0.7633928571428571,124.0,,124.0,-8.064516129032258,1.0,0.0,23.706618659831015,9.482647463932407,False,14.545454545454545,7.633928571428571,11.0,LOW,🟢,Continue routine monitoring. No administrative action required at this time.,No significant deviation from normal demand patterns detected
Tamil Nadu,Salem,Attur,Periyakottai Gp,Periyakottai,Tamil Nadu|Salem|Attur|Periyakottai,2025,35,118.0,2025-08-25,MGNREGA (historical),114.0,110.0,143.0,3.508771929824561,7.2727272727272725,-17.482517482517483,2,122.75,14.728091073410242,133.125,16.2870456849257,144.41666666666666,22.211619945561345,144.41666666666666,22.211619945561345,-1.189317426257585,0.8170802077322562,106.0,,106.0,11.320754716981133,1.0,0.0,25.716771941637383,10.286708776654955,False,14.035087719298245,8.170802077322563,11.2,LOW,🟢,Continue routine monitoring. No administrative action required at this time.,No significant deviation from normal demand patterns detected
Tamil Nadu,Salem,Attur,Periyakottai Gp,Periyakottai,Tamil Nadu|Salem|Attur|Periyakottai,2025,36,128.0,2025-09-01,MGNREGA (historical),118.0,114.0,124.0,8.47457627118644,12.280701754385964,3.225806451612903,3,116.5,5.9721576223896236,130.125,16.625604178065654,140.0,21.70881680959891,140.0,21.70881680959891,-0.5527707983925684,0.9142857142857143,104.0,,104.0,23.076923076923077,1.0,0.0,28.101891007187724,11.24075640287509,False,30.42372881355932,9.142857142857142,18.3,LOW,🟢,Continue routine monitoring. No administrative action required at this time.,Demand increased 8% in the latest week · Momentum has increased for 3 consecutive weeks
Tamil Nadu,Salem,Attur,Periyakottai Gp,Periyakottai,Tamil Nadu|Salem|Attur|Periyakottai,2025,37,101.0,2025-09-08,MGNREGA (historical),128.0,118.0,110.0,-21.09375,-14.40677966101695,-8.181818181818182,0,117.5,7.724420150837633,127.375,14.559606548844055,135.66666666666666,17.84444570235339,135.66666666666666,17.84444570235339,-1.9427146824793047,0.7444717444717446,108.0,,108.0,-6.481481481481481,1.0,0.0,20.474214091154906,8.189685636461963,False,0.0,7.444717444717446,4.7,LOW,🟢,Continue routine monitoring. No administrative action required at this time.,No significant deviation from normal demand patterns detected
Tamil Nadu,Salem,Attur,Periyakottai Gp,Periyakottai,Tamil Nadu|Salem|Attur|Periyakottai,2025,38,108.0,2025-09-15,MGNREGA (historical),101.0,128.0,114.0,6.9306930693069315,-15.625,-5.263157894736842,1,115.25,11.176612486199316,123.875,17.23316984356455,130.08333333333334,17.280879256530394,130.08333333333334,17.280879256530394,-1.2779056554653094,0.8302370275464446,112.0,,112.0,-3.571428571428571,1.0,0.0,9.935500241438097,3.974200096575239,False,25.792079207920793,8.302370275464446,14.0,LOW,🟢,Continue routine monitoring. No administrative action required at this time.,Demand increased 7% in the latest week
Tamil Nadu,Salem,Attur,Periyakottai Gp,Periyakottai,Tamil Nadu|Salem|Attur|Periyakottai,2025,39,113.0,2025-09-22,MGNREGA (historical),108.0,101.0,118.0,4.62962962962963,11.881188118811881,-4.23728813559322,2,113.75,11.786291472158089,118.25,13.253031998107334,126.66666666666667,17.253897232131745,126.66666666666667,17.253897232131745,-0.792091576923003,0.8921052631578947,116.0,,116.0,-2.586206896551724,1.0,0.0,14.144618894050303,5.657847557620122,False,18.51851851851852,8.921052631578947,11.8,LOW,🟢,Continue routine monitoring. No administrative action required at this time.,No significant deviation from normal demand patterns detected
Tamil Nadu,Salem,Attur,Periyakottai Gp,Periyakottai,Tamil Nadu|Salem|Attur|Periyakottai,2025,40,113.0,2025-09-29,MGNREGA (historical),113.0,108.0,128.0,0.0,4.62962962962963,-11.71875,0,112.5,11.445523142259589,114.5,8.717797887081332,124.25,16.939061903830787,124.25,16.939061903830787,-0.6641453974175394,0.9094567404426559,126.0,,126.0,-10.317460317460316,1.0,0.0,1.7760395906661575,0.710415836266463,False,0.0,9.09456740442656,2.9,LOW,🟢,Continue routine monitoring. No administrative action required at this time.,No significant deviation from normal demand patterns detected
Tamil Nadu,Salem,Attur,Periyakottai Gp,Periyakottai,Tamil Nadu|Salem|Attur|Periyakottai,2025,41,109.0,2025-10-06,MGNREGA (historical),113.0,113.0,101.0,-3.5398230088495577,-3.5398230088495577,7.920792079207921,0,108.75,5.678908345800255,113.125,7.8273786891178885,121.16666666666667,15.092643200840318,121.16666666666667,15.092643200840318,-0.8061322662149242,0.8995873452544704,120.0,,120.0,-9.166666666666666,1.0,0.0,4.353490920331332,1.7413963681325328,False,0.0,8.995873452544703,3.2,LOW,🟢,Continue routine monitoring. No administrative action required at this time.,No significant deviation from normal demand patterns detected
Tamil Nadu,Salem,Attur,Periyakottai Gp,Periyakottai,Tamil Nadu|Salem|Attur|Periyakottai,2025,42,119.0,2025-10-13,MGNREGA (historical),109.0,113.0,108.0,9.174311926605505,5.3097345132743365,10.185185185185185,1,110.75,2.6299556396765444,113.0,7.892129895390345,119.5,15.252421566307298,119.5,15.252421566307298,-0.03278167980253728,0.99581589958159,112.0,,112.0,6.25,1.0,0.0,2.4475450483896344,0.9790180193558538,False,32.522935779816514,9.9581589958159,16.3,LOW,🟢,Continue routine monitoring. No administrative action required at this time.,Demand increased 9% in the latest week
Tamil Nadu,Salem,Attur,Periyakottai Gp,Periyakottai,Tamil Nadu|Salem|Attur|Periyakottai,2025,43,105.0,2025-10-20,MGNREGA (historical),119.0,109.0,113.0,-11.76470588235294,-3.669724770642202,-7.079646017699115,0,113.5,4.123105625617634,113.625,8.1755296901354,116.66666666666667,11.039872638702844,116.66666666666667,11.039872638702844,-1.0567754763552666,0.8999999999999999,115.0,,115.0,-8.695652173913043,1.0,0.0,3.404851855116294,1.3619407420465177,False,0.0,9.0,3.1,LOW,🟢,Continue routine monitoring. No administrative action required at this time.,No significant deviation from normal demand patterns detected
Tamil Nadu,Salem,Attur,Periyakottai Gp,Periyakottai,Tamil Nadu|Salem|Attur|Periyakottai,2025,44,116.0,2025-10-27,MGNREGA (historical),105.0,119.0,113.0,10.476190476190476,-2.5210084033613445,2.6548672566371683,1,111.5,5.972157622389622,112.0,8.468428763016515,113.5,7.763551202427826,113.5,7.763551202427826,0.3220175838111556,1.0220264317180616,108.0,,108.0,7.4074074074074066,1.0,6.440351676223112,1.7939443204519716,4.581788733914656,False,35.95238095238095,12.753303964757704,19.6,LOW,🟢,Continue routine monitoring. No administrative action required at this time.,Demand increased 10% in the latest week
Tamil Nadu,Salem,Attur,Periyakottai Gp,Periyakottai,Tamil Nadu|Salem|Attur|Periyakottai,2025,45,120.0,2025-11-03,MGNREGA (historical),116.0,105.0,109.0,3.4482758620689653,14.285714285714285,10.091743119266056,2,112.25,6.3966136874651465,110.5,5.903993805649068,112.83333333333333,7.094598884596964,112.83333333333333,7.094598884596964,1.0101581193302096,1.0635155096011817,119.0,,119.0,0.8403361344537815,1.0,20.20316238660419,7.904721601472489,15.28378607255151,False,13.793103448275861,17.93943870014771,15.5,LOW,🟢,Continue routine monitoring. No administrative action required at this time.,No significant deviation from normal demand patterns detected
Tamil Nadu,Salem,Attur,Periyakottai Gp,Periyakottai,Tamil Nadu|Salem|Attur|Periyakottai,2025,46,127.0,2025-11-10,MGNREGA (historical),120.0,116.0,119.0,5.833333333333333,9.482758620689655,6.722689075630252,3,115.0,6.879922480183417,112.875,5.330170192940747,113.66666666666667,7.315405082095101,113.66666666666667,7.315405082095101,1.8226377327986216,1.1173020527859236,119.0,,119.0,6.722689075630252,1.0,36.45275465597243,17.655871599792462,28.93400143350044,False,22.5,24.66275659824046,25.1,LOW,🟢,Continue routine monitoring. No administrative action required at this time.,Demand increased 6% in the latest week · Current demand is 12% above its historical baseline · Current demand is 1.8 standard deviations above baseline · Momentum has increased for 3 consecutive weeks
Tamil Nadu,Salem,Attur,Periyakottai Gp,Periyakottai,Tamil Nadu|Salem|Attur|Periyakottai,2025,47,231.0,2025-11-17,MGNREGA (historical),127.0,120.0,105.0,81.88976377952756,92.5,120.0,4,117.0,9.201449161228163,115.25,6.860862086606047,114.75,8.269604805331097,114.75,8.269604805331097,14.05750368204513,2.0130718954248366,128.0,,128.0,80.46875,1.0,100.0,100.0,100.0,True,100.0,84.56582633053222,95.4,EXTREME,🔴,Recommend immediate administrative review. Prioritize this village for on-ground assessment of employment demand and investigate local socioeconomic indicators before concluding on cause.,Demand increased 82% in the latest week · Current demand is 101% above its historical baseline · Current demand is 14.1 standard deviations above baseline · Statistical/ML anomaly detection flagged this week as abnormal · Momentum has increased for 4 consecutive weeks
Tamil Nadu,Salem,Attur,Periyakottai Gp,Periyakottai,Tamil Nadu|Salem|Attur|Periyakottai,2025,48,267.0,2025-11-24,MGNREGA (historical),231.0,127.0,116.0,15.584415584415584,110.23622047244095,130.17241379310346,5,148.5,55.18755898449094,130.0,41.37286895677269,124.16666666666667,34.63007976084401,124.16666666666667,34.63007976084401,4.124545317820318,2.1503355704697986,121.0,,121.0,120.66115702479338,1.0,82.49090635640636,87.63336882154992,84.54789134246379,True,46.16883116883117,87.5071907957814,70.1,HIGH,🟠,Review pending employment demand and wage payment status. Assess availability of VB-G RAM G work and consider additional employment allocation.,Demand increased 16% in the latest week · Current demand is 115% above its historical baseline · Current demand is 4.1 standard deviations above baseline · Statistical/ML anomaly detection flagged this week as abnormal · Momentum has increased for 5 consecutive weeks
Tamil Nadu,Salem,Attur,Periyakottai Gp,Periyakottai,Tamil Nadu|Salem|Attur|Periyakottai,2025,49,316.0,2025-12-01,MGNREGA (historical),267.0,231.0,120.0,18.352059925093634,36.79653679653679,163.33333333333334,6,186.25,73.98817473083115,149.25,62.67546797363611,135.75,53.90922504965678,135.75,53.90922504965678,3.343583585814272,2.32780847145488,137.0,,137.0,130.65693430656935,1.0,66.87167171628545,91.26205432685292,76.62782476051244,True,51.70411985018727,91.310181531176,71.1,HIGH,🟠,Review pending employment demand and wage payment status. Assess availability of VB-G RAM G work and consider additional employment allocation.,Demand increased 18% in the latest week · Current demand is 133% above its historical baseline · Current demand is 3.3 standard deviations above baseline · Statistical/ML anomaly detection flagged this week as abnormal · Momentum has increased for 6 consecutive weeks
Tamil Nadu,Salem,Attur,Periyakottai Gp,Periyakottai,Tamil Nadu|Salem|Attur|Periyakottai,2025,50,394.0,2025-12-08,MGNREGA (historical),316.0,267.0,127.0,24.68354430379747,47.565543071161045,210.23622047244092,7,235.25,80.1347822941657,175.125,83.08934519969624,153.66666666666666,73.48386753484596,153.66666666666666,73.48386753484596,3.270559122645084,2.5639913232104123,150.0,,150.0,162.66666666666666,1.0,65.41118245290167,98.49466235173581,78.64457441243533,True,62.0253164556962,95.12798264642082,76.9,HIGH,🟠,Review pending employment demand and wage payment status. Assess availability of VB-G RAM G work and consider additional employment allocation.,Demand increased 25% in the latest week · Current demand is 156% above its historical baseline · Current demand is 3.3 standard deviations above baseline · Statistical/ML anomaly detection flagged this week as abnormal · Momentum has increased for 7 consecutive weeks
Tamil Nadu,Salem,Attur,Periyakottai Gp,Periyakottai,Tamil Nadu|Salem|Attur|Periyakottai,2025,51,437.5,2025-12-15,MGNREGA (historical),394.0,316.0,231.0,11.040609137055837,38.449367088607595,89.39393939393939,8,302.0,70.5360427961006,209.5,109.30298649690619,177.5,99.20456367801563,177.5,99.20456367801563,2.6208471703365563,2.464788732394366,140.0,,140.0,212.5,1.0,52.41694340673113,93.43916740256535,68.82583300506482,True,37.08121827411168,94.24547283702213,63.8,HIGH,🟠,Review pending employment demand and wage payment status. Assess availability of VB-G RAM G work and consider additional employment allocation.,Demand increased 11% in the latest week · Current demand is 146% above its historical baseline · Current demand is 2.6 standard deviations above baseline · Statistical/ML anomaly detection flagged this week as abnormal · Momentum has increased for 8 consecutive weeks
Tamil Nadu,Salem,Attur,Periyakottai Gp,Periyakottai,Tamil Nadu|Salem|Attur|Periyakottai,2025,52,481.0,2025-12-22,MGNREGA (historical),437.5,394.0,267.0,9.942857142857143,22.081218274111674,80.14981273408239,9,353.625,76.56084181877836,251.0625,125.85378066289013,204.54166666666666,121.70072427014887,204.54166666666666,121.70072427014887,2.2716243883615403,2.3515991036871053,149.0,,149.0,222.81879194630872,1.0,45.4324877672308,92.1095327033363,64.10330574167301,True,34.82857142857143,91.81998079329512,60.7,HIGH,🟠,Review pending employment demand and wage payment status. Assess availability of VB-G RAM G work and consider additional employment allocation.,Demand increased 10% in the latest week · Current demand is 135% above its historical baseline · Current demand is 2.3 standard deviations above baseline · Statistical/ML anomaly detection flagged this week as abnormal · Momentum has increased for 9 consecutive weeks
Tamil Nadu,Salem,Attur,Servarayan Gp,Servarayan,Tamil Nadu|Salem|Attur|Servarayan,2024,1,103.0,2024-01-01,MGNREGA (historical),,,,,,,0,,,,,,,,,0.0,1.0,,,,,1.0,0.0,0.0,0.0,False,0.0,10.0,3.0,LOW,🟢,Continue routine monitoring. No administrative action required at this time.,No significant deviation from normal demand patterns detected
Tamil Nadu,Salem,Attur,Servarayan Gp,Servarayan,Tamil Nadu|Salem|Attur|Servarayan,2024,2,127.0,2024-01-08,MGNREGA (historical),103.0,,,23.300970873786408,,,1,,,,,,,,,0.0,1.0,,,,,1.0,0.0,0.0,0.0,False,59.95145631067961,10.0,27.0,LOW,🟢,Continue routine monitoring. No administrative action required at this time.,Demand increased 23% in the latest week
Tamil Nadu,Salem,Attur,Servarayan Gp,Servarayan,Tamil Nadu|Salem|Attur|Servarayan,2024,3,111.0,2024-01-15,MGNREGA (historical),127.0,103.0,,-12.598425196850393,7.766990291262135,,0,,,,,,,,,0.0,1.0,,,,,1.0,0.0,0.0,0.0,False,0.0,10.0,3.0,LOW,🟢,Continue routine monitoring. No administrative action required at this time.,No significant deviation from normal demand patterns detected
Tamil Nadu,Salem,Attur,Servarayan Gp,Servarayan,Tamil Nadu|Salem|Attur|Servarayan,2024,4,118.0,2024-01-22,MGNREGA (historical),111.0,127.0,,6.306306306306306,-7.086614173228346,,1,113.66666666666667,12.220201853215574,,,,,113.66666666666667,12.220201853215574,0.35460407163348723,1.0381231671554252,,,,,1.0,7.092081432669745,0.0,4.2552488596018465,False,23.91891891891892,14.76539589442815,15.3,LOW,🟢,Continue routine monitoring. No administrative action required at this time.,Demand increased 6% in the latest week
Tamil Nadu,Salem,Attur,Servarayan Gp,Servarayan,Tamil Nadu|Salem|Attur|Servarayan,2024,5,120.0,2024-01-29,MGNREGA (historical),118.0,111.0,103.0,1.694915254237288,8.108108108108109,16.50485436893204,2,114.75,10.21028892833107,114.75,10.21028892833107,,,114.75,10.21028892833107,0.5141872122181114,1.0457516339869282,,,,,1.0,10.283744244362229,12.44612643939806,11.14869712237656,False,6.779661016949152,15.718954248366021,10.8,LOW,🟢,Continue routine monitoring. No administrative action required at this time.,No significant deviation from normal demand patterns detected
Tamil Nadu,Salem,Attur,Servarayan Gp,Servarayan,Tamil Nadu|Salem|Attur|Servarayan,2024,6,122.0,2024-02-05,MGNREGA (historical),120.0,118.0,127.0,1.6666666666666667,3.389830508474576,-3.937007874015748,3,119.0,6.582805886043832,115.8,9.148770409186143,,,115.8,9.148770409186143,0.6776866969767518,1.0535405872193437,,,,,1.0,13.553733939535034,21.752230856610755,16.833132706365323,False,6.666666666666667,16.69257340241797,12.7,LOW,🟢,Continue routine monitoring. No administrative action required at this time.,Momentum has increased for 3 consecutive weeks
Tamil Nadu,Salem,Attur,Servarayan Gp,Servarayan,Tamil Nadu|Salem|Attur|Servarayan,2024,7,119.0,2024-02-12,MGNREGA (historical),122.0,120.0,111.0,-2.459016393442623,-0.8333333333333334,7.207207207207207,0,117.75,4.787135538781688,116.83333333333333,8.565434412022935,116.83333333333333,8.565434412022935,116.83333333333333,8.565434412022935,0.2529546736853666,1.0185449358059915,,,,,1.0,5.059093473707332,0.8475163134918893,3.3744626096211547,False,0.0,12.318116975748936,4.7,LOW,🟢,Continue routine monitoring. No administrative action required at this time.,No significant deviation from normal demand patterns detected
Tamil Nadu,Salem,Attur,Servarayan Gp,Servarayan,Tamil Nadu|Salem|Attur|Servarayan,2024,8,128.0,2024-02-19,MGNREGA (historical),119.0,122.0,118.0,7.563025210084033,4.918032786885246,8.47457627118644,1,119.75,1.7078251276599261,117.14285714285714,7.861903319777204,117.14285714285714,7.861903319777204,117.14285714285714,7.861903319777204,1.3809814768175677,1.0926829268292684,,,,,1.0,27.619629536351354,3.298751933351834,17.891278495151546,False,27.6890756302521,21.58536585365855,22.9,LOW,🟢,Continue routine monitoring. No administrative action required at this time.,Demand increased 8% in the latest week
Tamil Nadu,Salem,Attur,Servarayan Gp,Servarayan,Tamil Nadu|Salem|Attur|Servarayan,2024,9,122.0,2024-02-26,MGNREGA (historical),128.0,119.0,120.0,-4.6875,2.5210084033613445,1.6666666666666667,0,122.25,4.031128874149273,118.5,8.228869042236953,118.5,8.228869042236953,118.5,8.228869042236953,0.425331838681024,1.029535864978903,,,,,1.0,8.50663677362048,1.0007973679586368,5.504301011355743,False,0.0,13.691983122362881,5.8,LOW,🟢,Continue routine monitoring. No administrative action required at this time.,No significant deviation from normal demand patterns detected
Tamil Nadu,Salem,Attur,Servarayan Gp,Servarayan,Tamil Nadu|Salem|Attur|Servarayan,2024,10,127.0,2024-03-04,MGNREGA (historical),122.0,128.0,122.0,4.098360655737705,-0.78125,4.098360655737705,1,122.75,3.774917217635373,120.875,5.356904756613523,118.88888888888889,7.785313809417776,118.88888888888889,7.785313809417776,1.0418476775206191,1.0682242990654205,,,,,1.0,20.83695355041238,0.16038381110594485,12.566325654689807,False,16.39344262295082,18.528037383177562,15.9,LOW,🟢,Continue routine monitoring. No administrative action required at this time.,No significant deviation from normal demand patterns detected
Tamil Nadu,Salem,Attur,Servarayan Gp,Servarayan,Tamil Nadu|Salem|Attur|Servarayan,2024,11,128.0,2024-03-11,MGNREGA (historical),127.0,122.0,119.0,0.7874015748031495,4.918032786885246,7.563025210084033,2,124.0,4.242640687119284,120.875,5.356904756613523,119.7,7.775317071062477,119.7,7.775317071062477,1.0674805829964467,1.0693400167084377,,,,,1.0,21.349611659928932,8.78124464802346,16.322264855166743,False,3.149606299212598,18.667502088554713,11.8,LOW,🟢,Continue routine monitoring. No administrative action required at this time.,No significant deviation from normal demand patterns detected
Tamil Nadu,Salem,Attur,Servarayan Gp,Servarayan,Tamil Nadu|Salem|Attur|Servarayan,2024,12,133.0,2024-03-18,MGNREGA (historical),128.0,127.0,128.0,3.90625,4.724409448818897,3.90625,3,126.25,2.87228132326901,123.0,4.105745103771405,120.45454545454545,7.789270008975635,120.45454545454545,7.789270008975635,1.6106072239116533,1.1041509433962264,,,,,1.0,32.21214447823307,17.143906221573115,26.184849175569088,False,15.625,23.01886792452831,21.0,LOW,🟢,Continue routine monitoring. No administrative action required at this time.,Current demand is 10% above its historical baseline · Current demand is 1.6 standard deviations above baseline · Momentum has increased for 3 consecutive weeks
Tamil Nadu,Salem,Attur,Servarayan Gp,Servarayan,Tamil Nadu|Salem|Attur|Servarayan,2024,13,148.0,2024-03-25,MGNREGA (historical),133.0,128.0,122.0,11.278195488721805,15.625,21.311475409836063,4,127.5,4.509249752822891,124.875,4.8532021829480225,121.5,8.262731223556003,121.5,8.262731223556003,3.207171972924866,1.2181069958847737,,,,,1.0,64.14343945849733,42.840363546235785,55.62220909359271,False,37.55639097744361,36.50891632373114,42.7,MODERATE,🟡,Increase monitoring frequency. Review recent employment demand trends for this village.,Demand increased 11% in the latest week · Current demand is 22% above its historical baseline · Current demand is 3.2 standard deviations above baseline · Momentum has increased for 4 consecutive weeks
Tamil Nadu,Salem,Attur,Servarayan Gp,Servarayan,Tamil Nadu|Salem|Attur|Servarayan,2024,14,124.0,2024-04-01,MGNREGA (historical),148.0,133.0,127.0,-16.216216216216218,-6.7669172932330826,-2.3622047244094486,0,134.0,9.695359714832653,128.375,9.085899593797604,125.25,9.255219657527903,125.25,9.255219657527903,-0.13505892310003573,0.9900199600798403,,,,,1.0,0.0,8.187239681346817,3.274895872538727,False,0.0,9.900199600798402,4.0,LOW,🟢,Continue routine monitoring. No administrative action required at this time.,No significant deviation from normal demand patterns detected
Tamil Nadu,Salem,Attur,Servarayan Gp,Servarayan,Tamil Nadu|Salem|Attur|Servarayan,2024,15,139.0,2024-04-08,MGNREGA (historical),124.0,148.0,128.0,12.096774193548388,-6.081081081081082,8.59375,1,133.25,10.499999999999996,128.625,8.911268949241423,125.0,9.244162777371752,125.0,9.244162777371752,1.5144692209736705,1.112,,,,,1.0,30.289384419473407,6.002705651148312,20.57471291214337,False,39.193548387096776,24.000000000000014,29.0,LOW,🟢,Continue routine monitoring. No administrative action required at this time.,Demand increased 12% in the latest week · Current demand is 11% above its historical baseline · Current demand is 1.5 standard deviations above baseline
Tamil Nadu,Salem,Attur,Servarayan Gp,Servarayan,Tamil Nadu|Salem|Attur|Servarayan,2024,16,126.0,2024-04-15,MGNREGA (historical),139.0,124.0,133.0,-9.352517985611511,1.6129032258064515,-5.263157894736842,0,136.0,10.099504938362074,131.125,8.62616451765872,127.33333333333333,8.917126864363404,127.33333333333333,8.917126864363404,-0.14952499315243462,0.9895287958115183,,,,,1.0,0.0,2.2272098569591905,0.8908839427836762,False,0.0,9.895287958115183,3.2,LOW,🟢,Continue routine monitoring. No administrative action required at this time.,No significant deviation from normal demand patterns detected
Tamil Nadu,Salem,Attur,Servarayan Gp,Servarayan,Tamil Nadu|Salem|Attur|Servarayan,2024,17,132.0,2024-04-22,MGNREGA (historical),126.0,139.0,148.0,4.761904761904762,-5.0359712230215825,-10.81081081081081,1,134.25,11.324751652906121,130.875,8.757649717328764,128.0,8.442317648177381,128.0,8.442317648177381,0.47380354147934284,1.03125,,,,,1.0,9.476070829586856,4.026899628715818,7.296402349238441,False,19.047619047619047,13.90625,14.0,LOW,🟢,Continue routine monitoring. No administrative action required at this time.,No significant deviation from normal demand patterns detected
Tamil Nadu,Salem,Attur,Servarayan Gp,Servarayan,Tamil Nadu|Salem|Attur|Servarayan,2024,18,141.0,2024-04-29,MGNREGA (historical),132.0,126.0,124.0,6.8181818181818175,11.904761904761903,13.709677419354838,2,130.25,6.75154303350969,132.125,7.989949043284679,129.0,8.112840551753857,129.0,8.112840551753857,1.4791366751816422,1.0930232558139534,,,,,1.0,29.58273350363284,9.670005735760432,21.617642396483877,False,25.454545454545453,21.627906976744182,23.2,LOW,🟢,Continue routine monitoring. No administrative action required at this time.,Demand increased 7% in the latest week
Tamil Nadu,Salem,Attur,Servarayan Gp,Servarayan,Tamil Nadu|Salem|Attur|Servarayan,2024,19,134.0,2024-05-06,MGNREGA (historical),141.0,132.0,139.0,-4.964539007092199,1.5151515151515151,-3.597122302158273,0,134.5,6.855654600401033,133.875,8.236460751699466,130.58333333333334,8.46874825282326,130.58333333333334,8.46874825282326,0.40344411767437166,1.0261646458200382,,,,,1.0,8.068882353487433,1.2471379326247503,5.34018458514236,False,0.0,13.270580727504775,5.6,LOW,🟢,Continue routine monitoring. No administrative action required at this time.,No significant deviation from normal demand patterns detected
Tamil Nadu,Salem,Attur,Servarayan Gp,Servarayan,Tamil Nadu|Salem|Attur|Servarayan,2024,20,126.0,2024-05-13,MGNREGA (historical),134.0,141.0,126.0,-5.970149253731343,-10.638297872340425,0.0,0,133.25,6.184658438426479,134.625,7.890998488331953,131.83333333333334,7.6732514541612655,131.83333333333334,7.6732514541612655,-0.7602166263129406,0.9557522123893805,,,,,1.0,0.0,0.8475266507098631,0.3390106602839453,False,0.0,9.557522123893804,3.0,LOW,🟢,Continue routine monitoring. No administrative action required at this time.,No significant deviation from normal demand patterns detected
Tamil Nadu,Salem,Attur,Servarayan Gp,Servarayan,Tamil Nadu|Salem|Attur|Servarayan,2024,21,126.0,2024-05-20,MGNREGA (historical),126.0,134.0,132.0,0.0,-5.970149253731343,-4.545454545454546,0,133.25,6.184658438426479,133.75,8.464210367356023,131.66666666666666,7.784989441615236,131.66666666666666,7.784989441615236,-0.7278965127910222,0.9569620253164558,,,,,1.0,0.0,0.0,0.0,False,0.0,9.569620253164558,2.9,LOW,🟢,Continue routine monitoring. No administrative action required at this time.,No significant deviation from normal demand patterns detected
Tamil Nadu,Salem,Attur,Servarayan Gp,Servarayan,Tamil Nadu|Salem|Attur|Servarayan,2024,22,133.0,2024-05-27,MGNREGA (historical),126.0,126.0,141.0,5.555555555555555,5.555555555555555,-5.673758865248227,1,131.75,7.228416147400469,131.0,6.524678426668139,132.0,7.4100668626599475,132.0,7.4100668626599475,0.13495154882327687,1.0075757575757576,,,,,1.0,2.6990309764655374,1.9405973624458732,2.3956575308576715,False,21.666666666666664,10.946969696969695,12.7,LOW,🟢,Continue routine monitoring. No administrative action required at this time.,Demand increased 6% in the latest week
Tamil Nadu,Salem,Attur,Servarayan Gp,Servarayan,Tamil Nadu|Salem|Attur|Servarayan,2024,23,122.0,2024-06-03,MGNREGA (historical),133.0,126.0,134.0,-8.270676691729323,-3.1746031746031744,-8.955223880597014,0,129.75,4.3493294502332756,132.125,5.8903674394241845,132.5,7.242551032236195,132.5,7.242551032236195,-1.4497654145984031,0.9207547169811321,,,,,1.0,0.0,2.445366811052504,0.9781467244210017,False,0.0,9.20754716981132,3.1,LOW,🟢,Continue routine monitoring. No administrative action required at this time.,No significant deviation from normal demand patterns detected
Tamil Nadu,Salem,Attur,Servarayan Gp,Servarayan,Tamil Nadu|Salem|Attur|Servarayan,2024,24,125.0,2024-06-10,MGNREGA (historical),122.0,133.0,126.0,2.459016393442623,-6.015037593984962,-0.7936507936507936,1,126.75,4.573474244670731,130.0,6.117889458675391,132.0,7.769403861535096,132.0,7.769403861535096,-0.9009700261117491,0.946969696969697,,,,,1.0,0.0,1.8724866892514376,0.7489946757005751,False,9.836065573770492,9.46969696969697,7.0,LOW,🟢,Continue routine monitoring. No administrative action required at this time.,No significant deviation from normal demand patterns detected
Tamil Nadu,Salem,Attur,Servarayan Gp,Servarayan,Tamil Nadu|Salem|Attur|Servarayan,2024,25,122.0,2024-06-17,MGNREGA (historical),125.0,122.0,126.0,-2.4,0.0,-3.1746031746031744,0,126.5,4.654746681256298,129.875,6.220645350076518,131.33333333333334,8.015137194235939,131.33333333333334,8.015137194235939,-1.1644633282191827,0.9289340101522842,,,,,1.0,0.0,1.3276804573145584,0.5310721829258234,False,0.0,9.289340101522841,2.9,LOW,🟢,Continue routine monitoring. No administrative action required at this time.,No significant deviation from normal demand patterns detected
Tamil Nadu,Salem,Attur,Servarayan Gp,Servarayan,Tamil Nadu|Salem|Attur|Servarayan,2024,26,115.0,2024-06-24,MGNREGA (historical),122.0,125.0,133.0,-5.737704918032787,-8.0,-13.533834586466165,0,125.5,5.196152422706617,128.625,6.717514421272205,129.16666666666666,6.46435447572911,129.16666666666666,6.46435447572911,-2.191505233795028,0.8903225806451613,,,,,1.0,0.0,5.073203074565038,2.029281229826015,False,0.0,8.903225806451614,3.3,LOW,🟢,Continue routine monitoring. No administrative action required at this time.,No significant deviation from normal demand patterns detected
Tamil Nadu,Salem,Attur,Servarayan Gp,Servarayan,Tamil Nadu|Salem|Attur|Servarayan,2024,27,128.0,2024-07-01,MGNREGA (historical),115.0,122.0,122.0,11.304347826086957,4.918032786885246,4.918032786885246,1,121.0,4.242640687119267,125.375,6.139741734912685,128.41666666666666,7.54933270179719,128.41666666666666,7.54933270179719,-0.05519251609714668,0.9967553536664504,,,,,1.0,0.0,2.479714970650725,0.9918859882602901,False,37.608695652173914,9.967553536664504,18.3,LOW,🟢,Continue routine monitoring. No administrative action required at this time.,Demand increased 11% in the latest week
Tamil Nadu,Salem,Attur,Servarayan Gp,Servarayan,Tamil Nadu|Salem|Attur|Servarayan,2024,28,117.0,2024-07-08,MGNREGA (historical),128.0,115.0,125.0,-8.59375,1.7391304347826086,-6.4,0,122.5,5.567764362830007,124.625,5.235524260827597,127.5,6.775624761532413,127.5,6.775624761532413,-1.5496725939742362,0.9176470588235294,,,,,1.0,0.0,2.3562445590765613,0.9424978236306245,False,0.0,9.176470588235293,3.0,LOW,🟢,Continue routine monitoring. No administrative action required at this time.,No significant deviation from normal demand patterns detected
Tamil Nadu,Salem,Attur,Servarayan Gp,Servarayan,Tamil Nadu|Salem|Attur|Servarayan,2024,29,98.0,2024-07-15,MGNREGA (historical),117.0,128.0,122.0,-16.23931623931624,-23.4375,-19.672131147540984,0,120.5,5.802298395176391,123.5,5.830951894845307,126.75,7.423855895936873,126.75,7.423855895936873,-3.872650601385605,0.7731755424063116,,,,,1.0,0.0,30.73718709516256,12.294874838065025,False,0.0,7.731755424063116,6.0,LOW,🟢,Continue routine monitoring. No administrative action required at this time.,No significant deviation from normal demand patterns detected
Tamil Nadu,Salem,Attur,Servarayan Gp,Servarayan,Tamil Nadu|Salem|Attur|Servarayan,2024,30,108.0,2024-07-22,MGNREGA (historical),98.0,117.0,115.0,10.204081632653061,-7.6923076923076925,-6.086956521739131,1,114.5,12.396235987858029,120.0,10.583005244258366,123.91666666666667,10.908364874829992,123.91666666666667,10.908364874829992,-1.4591248871215206,0.8715534633490248,,,,,1.0,0.0,9.57435468159728,3.829741872638912,False,35.40816326530612,8.715534633490249,17.9,LOW,🟢,Continue routine monitoring. No administrative action required at this time.,Demand increased 10% in the latest week
Tamil Nadu,Salem,Attur,Servarayan Gp,Servarayan,Tamil Nadu|Salem|Attur|Servarayan,2024,31,100.0,2024-07-29,MGNREGA (historical),108.0,98.0,128.0,-7.4074074074074066,2.0408163265306123,-21.875,0,112.75,12.789970028633107,116.875,9.86244681318268,121.16666666666667,10.35579182112237,121.16666666666667,10.35579182112237,-2.043944783004783,0.8253094910591472,,,,,1.0,0.0,9.092415369706487,3.6369661478825948,False,0.0,8.253094910591471,3.6,LOW,🟢,Continue routine monitoring. No administrative action required at this time.,No significant deviation from normal demand patterns detected
Tamil Nadu,Salem,Attur,Servarayan Gp,Servarayan,Tamil Nadu|Salem|Attur|Servarayan,2024,32,107.0,2024-08-05,MGNREGA (historical),100.0,108.0,117.0,7.000000000000001,-0.9259259259259258,-8.547008547008547,1,105.75,8.655441448399184,114.125,11.20506900597098,118.33333333333333,11.146408580454299,118.33333333333333,11.146408580454299,-1.0167699534365544,0.9042253521126761,,,,,1.0,0.0,2.7824760152152823,1.1129904060861129,False,26.000000000000004,9.04225352112676,13.4,LOW,🟢,Continue routine monitoring. No administrative action required at this time.,Demand increased 7% in the latest week
Tamil Nadu,Salem,Attur,Servarayan Gp,Servarayan,Tamil Nadu|Salem|Attur|Servarayan,2024,33,95.0,2024-08-12,MGNREGA (historical),107.0,100.0,98.0,-11.214953271028037,-5.0,-3.061224489795918,0,103.25,4.991659710623968,111.875,10.49404593090768,116.75,11.306675421666185,116.75,11.306675421666185,-1.9236423784061236,0.8137044967880086,,,,,1.0,0.0,7.983548286447601,3.1934193145790406,False,0.0,8.137044967880087,3.4,LOW,🟢,Continue routine monitoring. No administrative action required at this time.,No significant deviation from normal demand patterns detected
Tamil Nadu,Salem,Attur,Servarayan Gp,Servarayan,Tamil Nadu|Salem|Attur|Servarayan,2024,34,97.0,2024-08-19,MGNREGA (historical),95.0,107.0,108.0,2.1052631578947367,-9.345794392523365,-10.185185185185185,1,102.5,6.1373175465073135,108.5,11.096975134821975,114.16666666666667,12.481501463681367,114.16666666666667,12.481501463681367,-1.3753687179878304,0.8496350364963503,,,,,1.0,0.0,7.240786615208207,2.896314646083283,False,8.421052631578947,8.496350364963503,6.8,LOW,🟢,Continue routine monitoring. No administrative action required at this time.,No significant deviation from normal demand patterns detected
Tamil Nadu,Salem,Attur,Servarayan Gp,Servarayan,Tamil Nadu|Salem|Attur|Servarayan,2024,35,99.0,2024-08-26,MGNREGA (historical),97.0,95.0,100.0,2.0618556701030926,4.2105263157894735,-1.0,2,99.75,5.251983752196233,106.25,11.411147431975706,111.16666666666667,11.853908701991637,111.16666666666667,11.853908701991637,-1.0263843743475505,0.8905547226386806,,,,,1.0,0.0,15.952910316131335,6.381164126452535,False,8.24742268041237,8.905547226386807,7.9,LOW,🟢,Continue routine monitoring. No administrative action required at this time.,No significant deviation from normal demand patterns detected
Tamil Nadu,Salem,Attur,Servarayan Gp,Servarayan,Tamil Nadu|Salem|Attur|Servarayan,2024,36,99.0,2024-09-02,MGNREGA (historical),99.0,97.0,107.0,0.0,2.0618556701030926,-7.476635514018691,0,99.5,5.259911279353156,102.625,7.42462120245875,109.25,11.80234953496363,109.25,11.80234953496363,-0.8684711437866753,0.9061784897025171,,,,,1.0,0.0,1.0219601224796893,0.4087840489918757,False,0.0,9.061784897025172,2.8,LOW,🟢,Continue routine monitoring. No administrative action required at this time.,No significant deviation from normal demand patterns detected
Tamil Nadu,Salem,Attur,Servarayan Gp,Servarayan,Tamil Nadu|Salem|Attur|Servarayan,2024,37,86.0,2024-09-09,MGNREGA (historical),99.0,99.0,95.0,-13.131313131313133,-13.131313131313133,-9.473684210526317,0,97.5,1.9148542155126491,100.375,4.657942525560892,107.08333333333333,11.007917260964685,107.08333333333333,11.007917260964685,-1.9152881361215535,0.8031128404669261,,,,,1.0,0.0,6.50240013115533,2.600960052462132,False,0.0,8.03112840466926,3.2,LOW,🟢,Continue routine monitoring. No administrative action required at this time.,No significant deviation from normal demand patterns detected
Tamil Nadu,Salem,Attur,Servarayan Gp,Servarayan,Tamil Nadu|Salem|Attur|Servarayan,2024,38,91.0,2024-09-16,MGNREGA (historical),86.0,99.0,97.0,5.813953488372093,-8.080808080808081,-6.185567010309279,1,95.25,6.238322424070958,98.875,6.916594950861711,104.08333333333333,11.468996415897985,104.08333333333333,11.468996415897985,-1.1407565979528598,0.8742994395516414,,,,,1.0,0.0,4.498244015435482,1.7992976061741928,False,22.441860465116278,8.742994395516414,12.1,LOW,🟢,Continue routine monitoring. No administrative action required at this time.,Demand increased 6% in the latest week
Tamil Nadu,Salem,Attur,Servarayan Gp,Servarayan,Tamil Nadu|Salem|Attur|Servarayan,2024,39,89.0,2024-09-23,MGNREGA (historical),91.0,86.0,99.0,-2.197802197802198,3.488372093023256,-10.1010101010101,0,93.75,6.3966136874651545,96.75,6.296257391725432,102.08333333333333,11.4848384904411,102.08333333333333,11.4848384904411,-1.1391830493935693,0.8718367346938776,,,,,1.0,0.0,1.440015004475512,0.5760060017902048,False,0.0,8.718367346938775,2.8,LOW,🟢,Continue routine monitoring. No administrative action required at this time.,No significant deviation from normal demand patterns detected
Tamil Nadu,Salem,Attur,Servarayan Gp,Servarayan,Tamil Nadu|Salem|Attur|Servarayan,2024,40,89.0,2024-09-30,MGNREGA (historical),89.0,91.0,99.0,0.0,-2.197802197802198,-10.1010101010101,0,91.25,5.560275772537416,95.375,6.6748461726523285,98.83333333333333,8.653253022926716,98.83333333333333,8.653253022926716,-1.1363741828974607,0.9005059021922429,,,,,1.0,0.0,1.6689267121959575,0.667570684878383,False,0.0,9.00505902192243,2.9,LOW,🟢,Continue routine monitoring. No administrative action required at this time.,No significant deviation from normal demand patterns detected
Tamil Nadu,Salem,Attur,Servarayan Gp,Servarayan,Tamil Nadu|Salem|Attur|Servarayan,2024,41,104.0,2024-10-07,MGNREGA (historical),89.0,89.0,86.0,16.853932584269664,16.853932584269664,20.930232558139537,1,88.75,2.0615528128088063,93.125,5.02671434864337,96.5,6.908492797077768,96.5,6.908492797077768,1.0856202966835884,1.077720207253886,,,,,1.0,21.712405933671768,12.376227355697274,17.977934502481972,False,48.70786516853933,19.71502590673576,30.8,LOW,🟢,Continue routine monitoring. No administrative action required at this time.,Demand increased 17% in the latest week
Tamil Nadu,Salem,Attur,Servarayan Gp,Servarayan,Tamil Nadu|Salem|Attur|Servarayan,2024,42,97.0,2024-10-14,MGNREGA (historical),104.0,89.0,91.0,-6.730769230769231,8.98876404494382,6.593406593406594,0,93.25,7.2284161474004724,94.25,6.341473465550866,97.0,7.236272269866508,97.0,7.236272269866508,0.0,1.0,,,,,1.0,0.0,1.7516588232117054,0.7006635292846822,False,0.0,10.0,3.2,LOW,🟢,Continue routine monitoring. No administrative action required at this time.,No significant deviation from normal demand patterns detected
Tamil Nadu,Salem,Attur,Servarayan Gp,Servarayan,Tamil Nadu|Salem|Attur|Servarayan,2024,43,88.0,2024-10-21,MGNREGA (historical),97.0,104.0,89.0,-9.278350515463918,-15.384615384615385,-1.1235955056179776,0,94.75,7.2284161474004724,94.25,6.341473465550866,96.08333333333333,6.359793211809045,96.08333333333333,6.359793211809045,-1.2710056858961964,0.9158716392020816,,,,,1.0,0.0,3.225857978461808,1.2903431913847232,False,0.0,9.158716392020816,3.1,LOW,🟢,Continue routine monitoring. No administrative action required at this time.,No significant deviation from normal demand patterns detected
Tamil Nadu,Salem,Attur,Servarayan Gp,Servarayan,Tamil Nadu|Salem|Attur|Servarayan,2024,44,103.0,2024-10-28,MGNREGA (historical),88.0,97.0,89.0,17.045454545454543,6.185567010309279,15.730337078651685,1,94.5,7.505553499465128,92.875,6.356942211921882,95.08333333333333,6.6258218472517,95.08333333333333,6.6258218472517,1.1948203331108873,1.0832602979842245,,,,,1.0,23.896406662217746,9.86600481341558,18.28424592269688,False,49.090909090909086,20.407537248028067,31.2,LOW,🟢,Continue routine monitoring. No administrative action required at this time.,Demand increased 17% in the latest week
Tamil Nadu,Salem,Attur,Servarayan Gp,Servarayan,Tamil Nadu|Salem|Attur|Servarayan,2024,45,113.0,2024-11-04,MGNREGA (historical),103.0,88.0,104.0,9.70873786407767,28.40909090909091,8.653846153846153,2,98.0,7.348469228349528,93.375,7.029275516418052,94.75,6.047163121512816,94.75,6.047163121512816,3.017944056292367,1.1926121372031662,,,,,1.0,60.35888112584734,21.220355473102632,44.703470864749455,False,34.12621359223301,34.07651715039577,37.3,LOW,🟢,Continue routine monitoring. No administrative action required at this time.,Demand increased 10% in the latest week · Current demand is 19% above its historical baseline · Current demand is 3.0 standard deviations above baseline
Tamil Nadu,Salem,Attur,Servarayan Gp,Servarayan,Tamil Nadu|Salem|Attur|Servarayan,2024,46,109.0,2024-11-11,MGNREGA (historical),113.0,103.0,97.0,-3.5398230088495577,5.825242718446602,12.371134020618557,0,100.25,10.499999999999995,96.75,9.145646895810986,96.25,8.024111392320417,96.25,8.024111392320417,1.5889609922667023,1.1324675324675324,,,,,1.0,31.779219845334044,9.24043672913975,22.763706598856327,False,0.0,26.558441558441555,14.8,LOW,🟢,Continue routine monitoring. No administrative action required at this time.,Current demand is 13% above its historical baseline · Current demand is 1.6 standard deviations above baseline
Tamil Nadu,Salem,Attur,Servarayan Gp,Servarayan,Tamil Nadu|Salem|Attur|Servarayan,2024,47,97.0,2024-11-18,MGNREGA (historical),109.0,113.0,88.0,-11.009174311926607,-14.15929203539823,10.227272727272728,0,103.25,10.965856099730651,99.0,9.72478424292429,97.25,8.83304745106296,97.25,8.83304745106296,-0.02830280278522847,0.9974293059125964,,,,,1.0,0.0,6.3171970480578015,2.526878819223121,False,0.0,9.974293059125964,3.8,LOW,🟢,Continue routine monitoring. No administrative action required at this time.,No significant deviation from normal demand patterns detected
Tamil Nadu,Salem,Attur,Servarayan Gp,Servarayan,Tamil Nadu|Salem|Attur|Servarayan,2024,48,107.0,2024-11-25,MGNREGA (historical),97.0,109.0,103.0,10.309278350515463,-1.834862385321101,3.8834951456310676,1,105.5,6.999999999999996,100.0,8.928285709714139,97.08333333333333,8.815877549608976,97.08333333333333,8.815877549608976,1.124864383705797,1.1021459227467811,,,,,1.0,22.497287674115938,2.5516624760215945,14.5190375948782,False,35.618556701030926,22.768240343347646,25.4,LOW,🟢,Continue routine monitoring. No administrative action required at this time.,Demand increased 10% in the latest week · Current demand is 10% above its historical baseline
Tamil Nadu,Salem,Attur,Servarayan Gp,Servarayan,Tamil Nadu|Salem|Attur|Servarayan,2024,49,121.0,2024-12-02,MGNREGA (historical),107.0,97.0,113.0,13.084112149532709,24.742268041237114,7.079646017699115,2,106.5,6.806859285554042,102.25,7.977647343851264,97.75,9.265036917946503,97.75,9.265036917946503,2.509434145369074,1.237851662404092,,,,,1.0,50.18868290738148,17.980548188747612,37.30542901992793,False,41.168224299065415,38.15430520034101,39.1,LOW,🟢,Continue routine monitoring. No administrative action required at this time.,Demand increased 13% in the latest week · Current demand is 24% above its historical baseline · Current demand is 2.5 standard deviations above baseline
Tamil Nadu,Salem,Attur,Servarayan Gp,Servarayan,Tamil Nadu|Salem|Attur|Servarayan,2024,50,114.0,2024-12-09,MGNREGA (historical),121.0,107.0,109.0,-5.785123966942149,6.5420560747663545,4.587155963302752,0,108.5,9.848857801796102,104.375,10.40518414747462,100.66666666666667,10.637270098644548,100.66666666666667,10.637270098644548,1.2534544304776398,1.1324503311258278,,,,,1.0,25.069088609552796,6.3258587504107995,17.571796665896,False,0.0,26.556291390728482,13.2,LOW,🟢,Continue routine monitoring. No administrative action required at this time.,Current demand is 13% above its historical baseline
Tamil Nadu,Salem,Attur,Servarayan Gp,Servarayan,Tamil Nadu|Salem|Attur|Servarayan,2024,51,125.0,2024-12-16,MGNREGA (historical),114.0,121.0,97.0,9.649122807017543,3.3057851239669422,28.865979381443296,1,109.75,10.242883708539633,106.5,10.419761445034553,102.58333333333333,10.807895542639562,102.58333333333333,10.807895542639562,2.074100973517732,1.2185215272136476,,,,,1.0,41.482019470354636,15.91378670377392,31.254726363722348,False,33.94736842105263,36.543460601137305,33.9,LOW,🟢,Continue routine monitoring. No administrative action required at this time.,Demand increased 10% in the latest week · Current demand is 22% above its historical baseline · Current demand is 2.1 standard deviations above baseline
Tamil Nadu,Salem,Attur,Servarayan Gp,Servarayan,Tamil Nadu|Salem|Attur|Servarayan,2024,52,131.0,2024-12-23,MGNREGA (historical),125.0,114.0,107.0,4.8,14.912280701754385,22.429906542056074,2,116.75,7.932002689527195,111.125,9.17196816392207,105.58333333333333,11.657680521935607,105.58333333333333,11.657680521935607,2.180250747036818,1.2407261247040253,,,,,1.0,43.60501494073637,17.847317785798865,33.301936078761365,False,19.2,38.393843725335444,29.2,LOW,🟢,Continue routine monitoring. No administrative action required at this time.,Current demand is 24% above its historical baseline · Current demand is 2.2 standard deviations above baseline
Tamil Nadu,Salem,Attur,Servarayan Gp,Servarayan,Tamil Nadu|Salem|Attur|Servarayan,2025,1,126.0,2024-12-30,MGNREGA (historical),131.0,125.0,121.0,-3.816793893129771,0.8,4.132231404958678,0,122.75,7.135591542869214,114.625,10.82243041095668,109.08333333333333,12.500606045914447,109.08333333333333,12.500606045914447,1.3532677219434108,1.1550802139037433,103.0,,103.0,22.330097087378643,1.0,27.065354438868216,7.376326185754073,19.189743137622557,False,0.0,29.385026737967912,14.6,LOW,🟢,Continue routine monitoring. No administrative action required at this time.,Current demand is 16% above its historical baseline
Tamil Nadu,Salem,Attur,Servarayan Gp,Servarayan,Tamil Nadu|Salem|Attur|Servarayan,2025,2,135.0,2025-01-06,MGNREGA (historical),126.0,131.0,114.0,7.142857142857142,3.0534351145038165,18.421052631578945,1,124.0,7.164728420068225,116.25,11.498447100121203,110.91666666666667,13.276488674162028,110.91666666666667,13.276488674162028,1.8139836461581131,1.217129977460556,127.0,,127.0,6.299212598425196,1.0,36.279672923162266,8.491482155672676,25.164396616166428,False,26.428571428571427,36.427498121713,29.0,LOW,🟢,Continue routine monitoring. No administrative action required at this time.,Demand increased 7% in the latest week · Current demand is 22% above its historical baseline · Current demand is 1.8 standard deviations above baseline
Tamil Nadu,Salem,Attur,Servarayan Gp,Servarayan,Tamil Nadu|Salem|Attur|Servarayan,2025,3,121.0,2025-01-13,MGNREGA (historical),135.0,126.0,125.0,-10.37037037037037,-3.968253968253968,-3.2,0,129.25,4.645786621588786,119.5,12.761549390929881,114.08333333333333,14.157929569572328,114.08333333333333,14.157929569572328,0.4885365923511657,1.060628195763331,111.0,,111.0,9.00900900900901,1.0,9.770731847023315,6.996087701100972,8.660874188654379,False,0.0,17.578524470416376,7.9,LOW,🟢,Continue routine monitoring. No administrative action required at this time.,No significant deviation from normal demand patterns detected
Tamil Nadu,Salem,Attur,Servarayan Gp,Servarayan,Tamil Nadu|Salem|Attur|Servarayan,2025,4,139.0,2025-01-20,MGNREGA (historical),121.0,135.0,131.0,14.87603305785124,2.9629629629629632,6.106870229007633,1,128.25,6.075908711186061,122.5,8.976158898517145,116.83333333333333,11.605902364614751,116.83333333333333,11.605902364614751,1.909947711972026,1.189728958630528,118.0,,118.0,17.796610169491526,1.0,38.19895423944052,11.306916134450665,27.442138997444577,False,44.752066115702476,33.716119828816005,36.2,LOW,🟢,Continue routine monitoring. No administrative action required at this time.,Demand increased 15% in the latest week · Current demand is 19% above its historical baseline · Current demand is 1.9 standard deviations above baseline
Tamil Nadu,Salem,Attur,Servarayan Gp,Servarayan,Tamil Nadu|Salem|Attur|Servarayan,2025,5,148.0,2025-01-27,MGNREGA (historical),139.0,121.0,126.0,6.474820143884892,22.31404958677686,17.46031746031746,2,130.25,8.220908303425682,126.5,8.17662172643096,119.83333333333333,12.33497122621352,119.83333333333333,12.33497122621352,2.283480532715683,1.235048678720445,120.0,,120.0,23.333333333333332,1.0,45.669610654313665,14.815833173123377,33.32809966183755,False,24.424460431654676,37.920723226703764,31.1,LOW,🟢,Continue routine monitoring. No administrative action required at this time.,Demand increased 6% in the latest week · Current demand is 24% above its historical baseline · Current demand is 2.3 standard deviations above baseline
Tamil Nadu,Salem,Attur,Servarayan Gp,Servarayan,Tamil Nadu|Salem|Attur|Servarayan,2025,6,146.0,2025-02-03,MGNREGA (historical),148.0,139.0,135.0,-1.3513513513513513,5.0359712230215825,8.148148148148149,0,135.75,11.236102527122119,129.875,10.74958470958629,122.75,14.517231140957978,122.75,14.517231140957978,1.6015450724900255,1.189409368635438,122.0,,122.0,19.672131147540984,1.0,32.03090144980051,10.396242754506426,23.377037971682874,False,0.0,33.67617107942974,17.1,LOW,🟢,Continue routine monitoring. No administrative action required at this time.,Current demand is 19% above its historical baseline · Current demand is 1.6 standard deviations above baseline
Tamil Nadu,Salem,Attur,Servarayan Gp,Servarayan,Tamil Nadu|Salem|Attur|Servarayan,2025,7,149.0,2025-02-10,MGNREGA (historical),146.0,148.0,121.0,2.054794520547945,0.6756756756756757,23.140495867768596,1,138.5,12.288205727444511,133.875,9.920217451533723,125.83333333333333,15.242484486898228,125.83333333333333,15.242484486898228,1.5198747085214175,1.1841059602649007,119.0,,119.0,25.210084033613445,1.0,30.397494170428352,11.092180450386007,22.675368682411413,False,8.21917808219178,33.01324503311259,20.0,LOW,🟢,Continue routine monitoring. No administrative action required at this time.,Current demand is 18% above its historical baseline · Current demand is 1.5 standard deviations above baseline
Tamil Nadu,Salem,Attur,Servarayan Gp,Servarayan,Tamil Nadu|Salem|Attur|Servarayan,2025,8,152.0,2025-02-17,MGNREGA (historical),149.0,146.0,139.0,2.013422818791946,4.10958904109589,9.352517985611511,2,145.5,4.509249752822896,136.875,10.466784197095658,130.16666666666666,13.603698249395475,130.16666666666666,13.603698249395475,1.6049557210888281,1.1677336747759284,128.0,,128.0,18.75,1.0,32.09911442177656,8.771024218568044,22.767878340493155,False,8.053691275167784,30.966709346991053,19.3,LOW,🟢,Continue routine monitoring. No administrative action required at this time.,Current demand is 17% above its historical baseline · Current demand is 1.6 standard deviations above baseline
Tamil Nadu,Salem,Attur,Servarayan Gp,Servarayan,Tamil Nadu|Salem|Attur|Servarayan,2025,9,161.0,2025-02-24,MGNREGA (historical),152.0,149.0,148.0,5.921052631578947,8.053691275167784,8.783783783783784,3,148.75,2.500000000000009,139.5,11.376667852608309,133.91666666666666,12.816596721249777,133.91666666666666,12.816596721249777,2.1131454724193257,1.2022401991288116,122.0,,122.0,31.967213114754102,1.0,42.262909448386516,18.86165112371187,32.90240611851666,False,22.763157894736842,35.186683260734306,29.5,LOW,🟢,Continue routine monitoring. No administrative action required at this time.,Demand increased 6% in the latest week · Current demand is 20% above its historical baseline · Current demand is 2.1 standard deviations above baseline · Momentum has increased for 3 consecutive weeks
Tamil Nadu,Salem,Attur,Servarayan Gp,Servarayan,Tamil Nadu|Salem|Attur|Servarayan,2025,10,168.0,2025-03-03,MGNREGA (historical),161.0,152.0,146.0,4.3478260869565215,10.526315789473683,15.068493150684931,4,152.0,6.480740698407864,143.875,12.147163102081548,137.25,14.270917661772474,137.25,14.270917661772474,2.154731792922474,1.2240437158469946,127.0,,127.0,32.28346456692913,1.0,43.09463585844948,30.91191425801612,38.221547218276136,False,17.391304347826086,37.00364298724955,29.5,LOW,🟢,Continue routine monitoring. No administrative action required at this time.,Current demand is 22% above its historical baseline · Current demand is 2.2 standard deviations above baseline · Momentum has increased for 4 consecutive weeks
Tamil Nadu,Salem,Attur,Servarayan Gp,Servarayan,Tamil Nadu|Salem|Attur|Servarayan,2025,11,178.0,2025-03-10,MGNREGA (historical),168.0,161.0,149.0,5.952380952380952,10.559006211180124,19.463087248322147,5,157.5,8.660254037844389,148.0,14.142135623730951,141.75,14.777901191859476,141.75,14.777901191859476,2.452987033095647,1.255731922398589,128.0,,128.0,39.0625,1.0,49.05974066191294,45.43844528540473,47.611222511309656,False,22.857142857142854,39.644326866549086,35.3,LOW,🟢,Continue routine monitoring. No administrative action required at this time.,Demand increased 6% in the latest week · Current demand is 26% above its historical baseline · Current demand is 2.5 standard deviations above baseline · Momentum has increased for 5 consecutive weeks
Tamil Nadu,Salem,Attur,Servarayan Gp,Servarayan,Tamil Nadu|Salem|Attur|Servarayan,2025,12,163.0,2025-03-17,MGNREGA (historical),178.0,168.0,152.0,-8.426966292134832,-2.976190476190476,7.236842105263158,0,164.75,10.996211468804455,155.125,12.900027685463092,146.16666666666666,17.06049841184611,146.16666666666666,17.06049841184611,0.9866847337616449,1.1151653363740024,133.0,,133.0,22.55639097744361,1.0,19.7336946752329,7.364089181322004,14.785852477668541,False,0.0,24.395667046750305,11.8,LOW,🟢,Continue routine monitoring. No administrative action required at this time.,Current demand is 12% above its historical baseline
Tamil Nadu,Salem,Attur,Servarayan Gp,Servarayan,Tamil Nadu|Salem|Attur|Servarayan,2025,13,180.0,2025-03-24,MGNREGA (historical),163.0,178.0,161.0,10.429447852760736,1.1235955056179776,11.801242236024844,1,167.5,7.593857166596344,158.125,11.306603633022858,148.83333333333334,16.975026219464652,148.83333333333334,16.975026219464652,1.8360305465053692,1.209406494960806,148.0,,148.0,21.62162162162162,1.0,36.720610930107384,8.118573140443456,25.27979581424181,False,35.858895705521476,35.78387458006718,32.7,LOW,🟢,Continue routine monitoring. No administrative action required at this time.,Demand increased 10% in the latest week · Current demand is 21% above its historical baseline · Current demand is 1.8 standard deviations above baseline
Tamil Nadu,Salem,Attur,Servarayan Gp,Servarayan,Tamil Nadu|Salem|Attur|Servarayan,2025,14,174.0,2025-03-31,MGNREGA (historical),180.0,163.0,168.0,-3.3333333333333335,6.748466257668712,3.571428571428571,0,172.25,8.098353742170897,162.125,12.77763112407214,153.33333333333334,17.520550703950313,153.33333333333334,17.520550703950313,1.1795671846094995,1.134782608695652,124.0,,124.0,40.32258064516129,1.0,23.59134369218999,4.656323826818515,16.0173357460414,False,0.0,26.847826086956513,12.9,LOW,🟢,Continue routine monitoring. No administrative action required at this time.,Current demand is 13% above its historical baseline
Tamil Nadu,Salem,Attur,Servarayan Gp,Servarayan,Tamil Nadu|Salem|Attur|Servarayan,2025,15,168.0,2025-04-07,MGNREGA (historical),174.0,180.0,178.0,-3.4482758620689653,-6.666666666666667,-5.617977528089887,0,173.75,7.588368291888143,165.625,11.5007763713089,156.58333333333334,17.427555679718647,156.58333333333334,17.427555679718647,0.6550928240586731,1.0729111229377328,139.0,,139.0,20.863309352517987,1.0,13.101856481173463,2.679906150429412,8.933076348875844,False,0.0,19.113890367216605,8.4,LOW,🟢,Continue routine monitoring. No administrative action required at this time.,No significant deviation from normal demand patterns detected
Tamil Nadu,Salem,Attur,Servarayan Gp,Servarayan,Tamil Nadu|Salem|Attur|Servarayan,2025,16,177.0,2025-04-14,MGNREGA (historical),168.0,174.0,163.0,5.357142857142857,1.7241379310344827,8.588957055214724,1,171.25,7.365459931328122,168.0,9.335033858688307,160.5,13.554603377718916,160.5,13.554603377718916,1.2172986210074381,1.102803738317757,126.0,,126.0,40.476190476190474,1.0,24.34597242014876,1.5092997090995364,15.21130333572907,False,21.07142857142857,22.850467289719617,19.8,LOW,🟢,Continue routine monitoring. No administrative action required at this time.,Demand increased 5% in the latest week · Current demand is 10% above its historical baseline
Tamil Nadu,Salem,Attur,Servarayan Gp,Servarayan,Tamil Nadu|Salem|Attur|Servarayan,2025,17,175.0,2025-04-21,MGNREGA (historical),177.0,168.0,180.0,-1.1299435028248588,4.166666666666666,-2.7777777777777777,0,174.75,5.123475382979806,171.125,7.140178069008003,163.66666666666666,12.470571418950591,163.66666666666666,12.470571418950591,0.9088062569539458,1.0692464358452138,132.0,,132.0,32.57575757575758,1.0,18.176125139078916,3.3864550740966846,12.260257113086023,False,0.0,18.65580448065173,9.3,LOW,🟢,Continue routine monitoring. No administrative action required at this time.,No significant deviation from normal demand patterns detected
Tamil Nadu,Salem,Attur,Servarayan Gp,Servarayan,Tamil Nadu|Salem|Attur|Servarayan,2025,18,169.0,2025-04-28,MGNREGA (historical),175.0,177.0,174.0,-3.428571428571429,-4.519774011299435,-2.8735632183908044,0,173.5,3.8729833462074255,172.875,5.914570386523676,165.91666666666666,11.804916797930263,165.91666666666666,11.804916797930263,0.26119060270496264,1.018583626318433,141.0,,141.0,19.858156028368796,1.0,5.223812054099253,0.7709110430878101,3.4426516496946755,False,0.0,12.322953289804115,4.7,LOW,🟢,Continue routine monitoring. No administrative action required at this time.,No significant deviation from normal demand patterns detected
Tamil Nadu,Salem,Attur,Servarayan Gp,Servarayan,Tamil Nadu|Salem|Attur|Servarayan,2025,19,172.0,2025-05-05,MGNREGA (historical),169.0,175.0,168.0,1.7751479289940828,-1.7142857142857144,2.380952380952381,1,172.25,4.425306015783927,173.0,5.806400409400448,167.83333333333334,10.00757289014226,167.83333333333334,10.00757289014226,0.41635136834935677,1.0248262164846076,134.0,,134.0,28.35820895522388,1.0,8.327027366987135,0.31848915234552233,5.1236120811304895,False,7.100591715976331,13.10327706057595,8.3,LOW,🟢,Continue routine monitoring. No administrative action required at this time.,No significant deviation from normal demand patterns detected
Tamil Nadu,Salem,Attur,Servarayan Gp,Servarayan,Tamil Nadu|Salem|Attur|Servarayan,2025,20,167.0,2025-05-12,MGNREGA (historical),172.0,169.0,177.0,-2.9069767441860463,-1.183431952662722,-5.649717514124294,0,173.25,3.5000000000000124,172.25,5.444525428616998,169.75,8.091802810700939,169.75,8.091802810700939,-0.3398501006924297,0.9837997054491899,126.0,,126.0,32.53968253968254,1.0,0.0,0.15355243768903729,0.06142097507561492,False,0.0,9.837997054491899,3.0,LOW,🟢,Continue routine monitoring. No administrative action required at this time.,No significant deviation from normal demand patterns detected
Tamil Nadu,Salem,Attur,Servarayan Gp,Servarayan,Tamil Nadu|Salem|Attur|Servarayan,2025,21,168.0,2025-05-19,MGNREGA (historical),167.0,172.0,175.0,0.5988023952095809,-2.3255813953488373,-4.0,1,170.75,3.5000000000000124,172.75,4.590362575159889,171.0,5.984829305684211,171.0,5.984829305684211,-0.5012674291563655,0.9824561403508771,126.0,,126.0,33.33333333333333,1.0,0.0,2.7478288851365478,1.0991315540546192,False,2.3952095808383236,9.82456140350877,4.2,LOW,🟢,Continue routine monitoring. No administrative action required at this time.,No significant deviation from normal demand patterns detected
Tamil Nadu,Salem,Attur,Servarayan Gp,Servarayan,Tamil Nadu|Salem|Attur|Servarayan,2025,22,168.0,2025-05-26,MGNREGA (historical),168.0,167.0,169.0,0.0,0.5988023952095809,-0.591715976331361,0,169.0,2.160246899469311,171.25,3.770183777256182,171.58333333333334,5.212891944423659,171.58333333333334,5.212891944423659,-0.6873983523035635,0.9791160757649344,133.0,,133.0,26.31578947368421,1.0,0.0,1.321084541200062,0.5284338164800249,False,0.0,9.791160757649344,3.1,LOW,🟢,Continue routine monitoring. No administrative action required at this time.,No significant deviation from normal demand patterns detected
Tamil Nadu,Salem,Attur,Servarayan Gp,Servarayan,Tamil Nadu|Salem|Attur|Servarayan,2025,23,171.0,2025-06-02,MGNREGA (historical),168.0,168.0,172.0,1.7857142857142856,1.7857142857142856,-0.5813953488372093,1,168.75,2.2173557826083687,170.5,3.741657386773938,171.58333333333334,5.212891944423659,171.58333333333334,5.212891944423659,-0.11190205735174442,0.996600291403594,122.0,,122.0,40.16393442622951,1.0,0.0,0.9921414653732264,0.3968565861492906,False,7.142857142857142,9.96600291403594,6.0,LOW,🟢,Continue routine monitoring. No administrative action required at this time.,No significant deviation from normal demand patterns detected
Tamil Nadu,Salem,Attur,Servarayan Gp,Servarayan,Tamil Nadu|Salem|Attur|Servarayan,2025,24,150.0,2025-06-09,MGNREGA (historical),171.0,168.0,167.0,-12.280701754385964,-10.714285714285714,-10.179640718562874,0,168.5,1.7320508075689067,170.875,3.603074084326165,171.0,4.805300104145815,171.0,4.805300104145815,-4.370174504165112,0.8771929824561403,125.0,,125.0,20.0,1.0,0.0,27.07200556372009,10.828802225488037,False,0.0,8.771929824561402,5.9,LOW,🟢,Continue routine monitoring. No administrative action required at this time.,No significant deviation from normal demand patterns detected
Tamil Nadu,Salem,Attur,Servarayan Gp,Servarayan,Tamil Nadu|Salem|Attur|Servarayan,2025,25,167.0,2025-06-16,MGNREGA (historical),150.0,171.0,168.0,11.333333333333332,-2.3391812865497075,-0.5952380952380952,1,164.25,9.604686356149278,167.5,7.540367554512368,169.91666666666666,7.488880646219973,169.91666666666666,7.488880646219973,-0.389466304038221,0.982834722903384,122.0,,122.0,36.885245901639344,1.0,0.0,1.816981501922764,0.7267926007691057,False,37.666666666666664,9.82834722903384,18.2,LOW,🟢,Continue routine monitoring. No administrative action required at this time.,Demand increased 11% in the latest week
Tamil Nadu,Salem,Attur,Servarayan Gp,Servarayan,Tamil Nadu|Salem|Attur|Servarayan,2025,26,139.0,2025-06-23,MGNREGA (historical),167.0,150.0,168.0,-16.766467065868262,-7.333333333333333,-17.261904761904763,0,164.0,9.486832980505143,166.5,6.907552802135187,168.83333333333334,6.806859285553664,168.83333333333334,6.806859285553664,-4.382833856526053,0.8232971372161895,115.0,,115.0,20.869565217391305,1.0,0.0,32.7747161842825,13.109886473712999,False,0.0,8.232971372161895,6.4,LOW,🟢,Continue routine monitoring. No administrative action required at this time.,No significant deviation from normal demand patterns detected
Tamil Nadu,Salem,Attur,Servarayan Gp,Servarayan,Tamil Nadu|Salem|Attur|Servarayan,2025,27,146.0,2025-06-30,MGNREGA (historical),139.0,167.0,171.0,5.0359712230215825,-12.574850299401197,-14.619883040935672,1,156.75,14.930394055974098,162.75,11.780734878848357,165.91666666666666,10.748854766340171,165.91666666666666,10.748854766340171,-1.8529105750907817,0.8799598191863386,128.0,,128.0,14.0625,1.0,0.0,12.886606728523475,5.15464269140939,False,20.107913669064747,8.799598191863385,12.2,LOW,🟢,Continue routine monitoring. No administrative action required at this time.,Demand increased 5% in the latest week
Tamil Nadu,Salem,Attur,Servarayan Gp,Servarayan,Tamil Nadu|Salem|Attur|Servarayan,2025,28,146.0,2025-07-07,MGNREGA (historical),146.0,139.0,150.0,0.0,5.0359712230215825,-2.666666666666667,0,150.5,11.902380714238083,159.5,12.432675841162611,164.08333333333334,12.146517146403491,164.08333333333334,12.146517146403491,-1.4887669539648825,0.8897917724733366,117.0,,117.0,24.786324786324787,1.0,0.0,3.735740213454509,1.4942960853818037,False,0.0,8.897917724733366,3.1,LOW,🟢,Continue routine monitoring. No administrative action required at this time.,No significant deviation from normal demand patterns detected
Tamil Nadu,Salem,Attur,Servarayan Gp,Servarayan,Tamil Nadu|Salem|Attur|Servarayan,2025,29,141.0,2025-07-14,MGNREGA (historical),146.0,146.0,167.0,-3.4246575342465753,-3.4246575342465753,-15.568862275449103,0,149.5,12.12435565298214,156.875,12.833410636749235,161.5,12.442595461485409,161.5,12.442595461485409,-1.6475662222930367,0.8730650154798761,98.0,,98.0,43.87755102040816,1.0,0.0,2.195092962388548,0.8780371849554192,False,0.0,8.730650154798761,2.9,LOW,🟢,Continue routine monitoring. No administrative action required at this time.,No significant deviation from normal demand patterns detected
Tamil Nadu,Salem,Attur,Servarayan Gp,Servarayan,Tamil Nadu|Salem|Attur|Servarayan,2025,30,132.0,2025-07-21,MGNREGA (historical),141.0,146.0,139.0,-6.382978723404255,-9.58904109589041,-5.0359712230215825,0,143.0,3.559026084010429,153.5,13.03840481040529,158.66666666666666,12.949786473025936,158.66666666666666,12.949786473025936,-2.059236013058024,0.8319327731092437,108.0,,108.0,22.22222222222222,1.0,0.0,6.058813294513111,2.4235253178052445,False,0.0,8.319327731092438,3.2,LOW,🟢,Continue routine monitoring. No administrative action required at this time.,No significant deviation from normal demand patterns detected
Tamil Nadu,Salem,Attur,Servarayan Gp,Servarayan,Tamil Nadu|Salem|Attur|Servarayan,2025,31,131.0,2025-07-28,MGNREGA (historical),132.0,141.0,146.0,-0.7575757575757576,-7.092198581560284,-10.273972602739725,0,141.25,6.601767440112783,149.0,13.522468075656256,155.58333333333334,14.569322273707435,155.58333333333334,14.569322273707435,-1.6873354073372184,0.8419925013390466,100.0,,100.0,31.0,1.0,0.0,4.409793296805811,1.7639173187223243,False,0.0,8.419925013390465,3.1,LOW,🟢,Continue routine monitoring. No administrative action required at this time.,No significant deviation from normal demand patterns detected
Tamil Nadu,Salem,Attur,Servarayan Gp,Servarayan,Tamil Nadu|Salem|Attur|Servarayan,2025,32,126.0,2025-08-04,MGNREGA (historical),131.0,132.0,146.0,-3.816793893129771,-4.545454545454546,-13.698630136986301,0,137.5,7.23417813807023,144.0,11.464230084422207,152.16666666666666,15.164751793870327,152.16666666666666,15.164751793870327,-1.7254925779427108,0.828039430449069,107.0,,107.0,17.75700934579439,1.0,0.0,2.951382265297927,1.1805529061191709,False,0.0,8.28039430449069,2.8,LOW,🟢,Continue routine monitoring. No administrative action required at this time.,No significant deviation from normal demand patterns detected
Tamil Nadu,Salem,Attur,Servarayan Gp,Servarayan,Tamil Nadu|Salem|Attur|Servarayan,2025,33,122.0,2025-08-11,MGNREGA (historical),126.0,131.0,141.0,-3.1746031746031744,-6.870229007633588,-13.47517730496454,0,132.5,6.2449979983983885,141.0,12.739141034061678,148.75,16.10829825671443,148.75,16.10829825671443,-1.6606347594073,0.8201680672268907,95.0,,95.0,28.421052631578945,1.0,0.0,3.2427001235085675,1.2970800494034271,False,0.0,8.201680672268907,2.8,LOW,🟢,Continue routine monitoring. No administrative action required at this time.,No significant deviation from normal demand patterns detected
Tamil Nadu,Salem,Attur,Servarayan Gp,Servarayan,Tamil Nadu|Salem|Attur|Servarayan,2025,34,128.0,2025-08-18,MGNREGA (historical),122.0,126.0,132.0,4.918032786885246,1.5873015873015872,-3.0303030303030303,1,127.75,4.645786621588766,135.375,9.006941767325893,144.91666666666666,16.57741252610318,144.91666666666666,16.57741252610318,-1.0204648427508984,0.8832662449683727,97.0,,97.0,31.958762886597935,1.0,0.0,4.526867159337354,1.8107468637349418,False,19.672131147540984,8.832662449683728,11.1,LOW,🟢,Continue routine monitoring. No administrative action required at this time.,No significant deviation from normal demand patterns detected
Tamil Nadu,Salem,Attur,Servarayan Gp,Servarayan,Tamil Nadu|Salem|Attur|Servarayan,2025,35,123.0,2025-08-25,MGNREGA (historical),128.0,122.0,131.0,-3.90625,0.819672131147541,-6.106870229007633,0,126.75,3.7749172176353514,134.0,9.211793682944846,141.58333333333334,15.500488750847449,141.58333333333334,15.500488750847449,-1.19888692750526,0.8687463213655091,99.0,,99.0,24.242424242424242,1.0,0.0,1.2800940719120746,0.5120376287648298,False,0.0,8.687463213655091,2.8,LOW,🟢,Continue routine monitoring. No administrative action required at this time.,No significant deviation from normal demand patterns detected
Tamil Nadu,Salem,Attur,Servarayan Gp,Servarayan,Tamil Nadu|Salem|Attur|Servarayan,2025,36,114.0,2025-09-01,MGNREGA (historical),123.0,128.0,126.0,-7.317073170731707,-10.9375,-9.523809523809524,0,124.75,2.7537852736430173,131.125,8.492643875731495,137.58333333333334,13.249070865078638,137.58333333333334,13.249070865078638,-1.7799990334034166,0.8285887341005451,99.0,,99.0,15.151515151515152,1.0,0.0,2.746114485401506,1.0984457941606025,False,0.0,8.285887341005452,2.8,LOW,🟢,Continue routine monitoring. No administrative action required at this time.,No significant deviation from normal demand patterns detected
Tamil Nadu,Salem,Attur,Servarayan Gp,Servarayan,Tamil Nadu|Salem|Attur|Servarayan,2025,37,122.0,2025-09-08,MGNREGA (historical),114.0,123.0,122.0,7.017543859649122,-0.8130081300813009,0.0,1,121.75,5.795112883571219,127.125,8.007808689023465,134.58333333333334,14.221995342255896,134.58333333333334,14.221995342255896,-0.8847797394466993,0.9065015479876161,86.0,,86.0,41.86046511627907,1.0,0.0,2.943785595117966,1.1775142380471866,False,26.052631578947366,9.06501547987616,13.5,LOW,🟢,Continue routine monitoring. No administrative action required at this time.,Demand increased 7% in the latest week
Tamil Nadu,Salem,Attur,Servarayan Gp,Servarayan,Tamil Nadu|Salem|Attur|Servarayan,2025,38,118.0,2025-09-15,MGNREGA (historical),122.0,114.0,128.0,-3.278688524590164,3.508771929824561,-7.8125,0,121.75,5.795112883571219,124.75,5.824823725107147,130.83333333333334,10.285323465398442,130.83333333333334,10.285323465398442,-1.2477325945563924,0.9019108280254776,91.0,,91.0,29.67032967032967,1.0,0.0,0.3178659680374197,0.12714638721496788,False,0.0,9.019108280254777,2.7,LOW,🟢,Continue routine monitoring. No administrative action required at this time.,No significant deviation from normal demand patterns detected
Tamil Nadu,Salem,Attur,Servarayan Gp,Servarayan,Tamil Nadu|Salem|Attur|Servarayan,2025,39,121.0,2025-09-22,MGNREGA (historical),118.0,122.0,123.0,2.5423728813559325,-0.819672131147541,-1.6260162601626018,1,119.25,4.112987559751,123.0,5.42481072744212,129.08333333333334,10.552538112040043,129.08333333333334,10.552538112040043,-0.7660084472104932,0.9373789541639767,89.0,,89.0,35.95505617977528,1.0,0.0,1.2771576946468146,0.5108630778587259,False,10.16949152542373,9.373789541639766,7.0,LOW,🟢,Continue routine monitoring. No administrative action required at this time.,No significant deviation from normal demand patterns detected
Tamil Nadu,Salem,Attur,Servarayan Gp,Servarayan,Tamil Nadu|Salem|Attur|Servarayan,2025,40,120.0,2025-09-29,MGNREGA (historical),121.0,118.0,114.0,-0.8264462809917356,1.694915254237288,5.263157894736842,0,118.75,3.5939764421412783,121.75,4.367084676466469,127.0,9.302980949429685,127.0,9.302980949429685,-0.752446988556838,0.9448818897637795,89.0,,89.0,34.831460674157306,1.0,0.0,1.6510241178054668,0.6604096471221867,False,0.0,9.448818897637794,3.0,LOW,🟢,Continue routine monitoring. No administrative action required at this time.,No significant deviation from normal demand patterns detected
Tamil Nadu,Salem,Attur,Servarayan Gp,Servarayan,Tamil Nadu|Salem|Attur|Servarayan,2025,41,112.0,2025-10-06,MGNREGA (historical),120.0,121.0,122.0,-6.666666666666667,-7.43801652892562,-8.19672131147541,0,120.25,1.707825127659881,121.0,4.035556254807254,124.83333333333333,7.284271141343054,124.83333333333333,7.284271141343054,-1.7617868808446295,0.897196261682243,104.0,,104.0,7.6923076923076925,1.0,0.0,1.720151277554837,0.6880605110219349,False,0.0,8.97196261682243,2.9,LOW,🟢,Continue routine monitoring. No administrative action required at this time.,No significant deviation from normal demand patterns detected
Tamil Nadu,Salem,Attur,Servarayan Gp,Servarayan,Tamil Nadu|Salem|Attur|Servarayan,2025,42,115.0,2025-10-13,MGNREGA (historical),112.0,120.0,118.0,2.6785714285714284,-4.166666666666666,-2.5423728813559325,1,117.75,4.031128874149254,119.75,5.092010548749001,122.41666666666667,6.156420644458308,122.41666666666667,6.156420644458308,-1.2047043395812747,0.9394145677331518,97.0,,97.0,18.556701030927837,1.0,0.0,3.1508789012021325,1.260351560480853,False,10.714285714285714,9.394145677331519,7.5,LOW,🟢,Continue routine monitoring. No administrative action required at this time.,No significant deviation from normal demand patterns detected
Tamil Nadu,Salem,Attur,Servarayan Gp,Servarayan,Tamil Nadu|Salem|Attur|Servarayan,2025,43,124.0,2025-10-20,MGNREGA (historical),115.0,112.0,121.0,7.82608695652174,10.714285714285714,2.479338842975207,2,117.0,4.242640687119266,118.125,4.051013982414027,121.0,5.688904671695044,121.0,5.688904671695044,0.527342286983011,1.024793388429752,88.0,,88.0,40.909090909090914,1.0,10.54684573966022,9.161995741306376,9.992905740318683,False,28.47826086956522,13.099173553718998,18.3,LOW,🟢,Continue routine monitoring. No administrative action required at this time.,Demand increased 8% in the latest week
Tamil Nadu,Salem,Attur,Servarayan Gp,Servarayan,Tamil Nadu|Salem|Attur|Servarayan,2025,44,126.0,2025-10-27,MGNREGA (historical),124.0,115.0,120.0,1.6129032258064515,9.565217391304348,5.0,3,117.75,5.315072906367309,118.25,4.2342143815082265,120.41666666666667,4.870287154747071,120.41666666666667,4.870287154747071,1.1464074203286454,1.0463667820069205,103.0,,103.0,22.330097087378643,1.0,22.928148406572905,19.059782747459227,21.380802142927433,False,6.451612903225806,15.795847750865057,13.7,LOW,🟢,Continue routine monitoring. No administrative action required at this time.,Momentum has increased for 3 consecutive weeks
Tamil Nadu,Salem,Attur,Servarayan Gp,Servarayan,Tamil Nadu|Salem|Attur|Servarayan,2025,45,125.0,2025-11-03,MGNREGA (historical),126.0,124.0,112.0,-0.7936507936507936,0.8064516129032258,11.607142857142858,0,119.25,6.8007352543677095,119.75,4.6213788913204805,120.41666666666667,4.870287154747071,120.41666666666667,4.870287154747071,0.9410807181802312,1.0380622837370241,113.0,,113.0,10.619469026548673,1.0,18.821614363604624,3.351326109874786,12.633499062112689,False,0.0,14.757785467128018,8.2,LOW,🟢,Continue routine monitoring. No administrative action required at this time.,No significant deviation from normal demand patterns detected
Tamil Nadu,Salem,Attur,Servarayan Gp,Servarayan,Tamil Nadu|Salem|Attur|Servarayan,2025,46,129.0,2025-11-10,MGNREGA (historical),125.0,126.0,115.0,3.2,2.380952380952381,12.173913043478262,1,122.5,5.066228051190202,120.125,4.940720016932142,120.66666666666667,5.0332229568469025,120.66666666666667,5.0332229568469025,1.6556654463313907,1.069060773480663,109.0,,109.0,18.34862385321101,1.0,33.113308926627816,4.960808819383812,21.852308883730213,False,12.8,18.632596685082873,17.3,LOW,🟢,Continue routine monitoring. No administrative action required at this time.,Current demand is 1.7 standard deviations above baseline
Tamil Nadu,Salem,Attur,Servarayan Gp,Servarayan,Tamil Nadu|Salem|Attur|Servarayan,2025,47,140.0,2025-11-17,MGNREGA (historical),129.0,125.0,124.0,8.527131782945736,12.0,12.903225806451612,2,126.0,2.160246899469243,121.5,5.7321150422110785,120.75,5.172040216394043,120.75,5.172040216394043,3.72193548282599,1.1594202898550725,97.0,,97.0,44.329896907216494,1.0,74.43870965651979,30.782882360967857,56.97637873829901,False,30.581395348837205,29.92753623188407,38.3,LOW,🟢,Continue routine monitoring. No administrative action required at this time.,Demand increased 9% in the latest week · Current demand is 16% above its historical baseline · Current demand is 3.7 standard deviations above baseline
Tamil Nadu,Salem,Attur,Servarayan Gp,Servarayan,Tamil Nadu|Salem|Attur|Servarayan,2025,48,133.0,2025-11-24,MGNREGA (historical),140.0,129.0,126.0,-5.0,3.10077519379845,5.555555555555555,0,130.0,6.879922480183415,123.875,8.675704993996558,122.16666666666667,7.601833909516578,122.16666666666667,7.601833909516578,1.4250947156016267,1.0886766712141882,107.0,,107.0,24.299065420560748,1.0,28.501894312032533,5.78539239317337,19.415293544488865,False,0.0,21.084583901773527,12.1,LOW,🟢,Continue routine monitoring. No administrative action required at this time.,No significant deviation from normal demand patterns detected
Tamil Nadu,Salem,Attur,Servarayan Gp,Servarayan,Tamil Nadu|Salem|Attur|Servarayan,2025,49,145.0,2025-12-01,MGNREGA (historical),133.0,140.0,125.0,9.022556390977442,3.571428571428571,16.0,1,131.75,6.396613687465145,125.5,9.055385138137398,123.75,7.723929758166379,123.75,7.723929758166379,2.7511902186232002,1.1717171717171717,121.0,,121.0,19.834710743801654,1.0,55.023804372464,14.540160641980737,38.830346880270696,False,32.06766917293233,31.464646464646467,33.9,LOW,🟢,Continue routine monitoring. No administrative action required at this time.,Demand increased 9% in the latest week · Current demand is 17% above its historical baseline · Current demand is 2.8 standard deviations above baseline
Tamil Nadu,Salem,Attur,Servarayan Gp,Servarayan,Tamil Nadu|Salem|Attur|Servarayan,2025,50,145.0,2025-12-08,MGNREGA (historical),145.0,133.0,129.0,0.0,9.022556390977442,12.4031007751938,0,136.75,7.135591542869199,129.625,9.53096457418059,125.66666666666667,9.819584636034232,125.66666666666667,9.819584636034232,1.968854493334389,1.1538461538461537,114.0,,114.0,27.192982456140353,1.0,39.37708986668778,11.886752129477657,28.380954771803733,False,0.0,29.230769230769223,17.3,LOW,🟢,Continue routine monitoring. No administrative action required at this time.,Current demand is 15% above its historical baseline · Current demand is 2.0 standard deviations above baseline
Tamil Nadu,Salem,Attur,Servarayan Gp,Servarayan,Tamil Nadu|Salem|Attur|Servarayan,2025,51,150.0,2025-12-15,MGNREGA (historical),145.0,145.0,140.0,3.4482758620689653,3.4482758620689653,7.142857142857142,1,140.75,5.6789083458002505,133.375,8.830749846821758,127.91666666666667,10.933337952696597,127.91666666666667,10.933337952696597,2.0198162197928493,1.1726384364820845,125.0,,125.0,20.0,1.0,40.396324395856986,6.896743080197284,26.996491869593108,False,13.793103448275861,31.579804560260573,23.1,LOW,🟢,Continue routine monitoring. No administrative action required at this time.,Current demand is 17% above its historical baseline · Current demand is 2.0 standard deviations above baseline
Tamil Nadu,Salem,Attur,Servarayan Gp,Servarayan,Tamil Nadu|Salem|Attur|Servarayan,2025,52,164.0,2025-12-22,MGNREGA (historical),150.0,145.0,133.0,9.333333333333334,13.10344827586207,23.308270676691727,2,143.25,7.228416147400462,136.625,9.635314510397953,130.33333333333334,12.37543999829954,130.33333333333334,12.37543999829954,2.720441994086082,1.258312020460358,131.0,,131.0,25.190839694656486,1.0,54.40883988172164,23.630370368508625,42.09745207643643,False,33.0,39.85933503836316,37.8,LOW,🟢,Continue routine monitoring. No administrative action required at this time.,Demand increased 9% in the latest week · Current demand is 26% above its historical baseline · Current demand is 2.7 standard deviations above baseline
Tamil Nadu,Salem,Yercaud,Kumarapuram Gp,Kumara Puram,Tamil Nadu|Salem|Yercaud|Kumara Puram,2024,40,91.0,2024-09-30,MGNREGA (historical),,,,,,,0,,,,,,,,,0.0,1.0,,,,,1.0,0.0,0.0,0.0,False,0.0,10.0,3.0,LOW,🟢,Continue routine monitoring. No administrative action required at this time.,No significant deviation from normal demand patterns detected
Tamil Nadu,Salem,Yercaud,Kumarapuram Gp,Kumarapuram,Tamil Nadu|Salem|Yercaud|Kumarapuram,2024,1,124.0,2024-01-01,MGNREGA (historical),,,,,,,0,,,,,,,,,0.0,1.0,,,,,1.0,0.0,0.0,0.0,False,0.0,10.0,3.0,LOW,🟢,Continue routine monitoring. No administrative action required at this time.,No significant deviation from normal demand patterns detected
Tamil Nadu,Salem,Yercaud,Kumarapuram Gp,Kumarapuram,Tamil Nadu|Salem|Yercaud|Kumarapuram,2024,2,123.0,2024-01-08,MGNREGA (historical),124.0,,,-0.8064516129032258,,,0,,,,,,,,,0.0,1.0,,,,,1.0,0.0,0.0,0.0,False,0.0,10.0,3.0,LOW,🟢,Continue routine monitoring. No administrative action required at this time.,No significant deviation from normal demand patterns detected
Tamil Nadu,Salem,Yercaud,Kumarapuram Gp,Kumarapuram,Tamil Nadu|Salem|Yercaud|Kumarapuram,2024,3,132.0,2024-01-15,MGNREGA (historical),123.0,124.0,,7.317073170731707,6.451612903225806,,1,,,,,,,,,0.0,1.0,,,,,1.0,0.0,0.0,0.0,False,26.95121951219512,10.0,13.8,LOW,🟢,Continue routine monitoring. No administrative action required at this time.,Demand increased 7% in the latest week
Tamil Nadu,Salem,Yercaud,Kumarapuram Gp,Kumarapuram,Tamil Nadu|Salem|Yercaud|Kumarapuram,2024,4,142.0,2024-01-22,MGNREGA (historical),132.0,123.0,,7.575757575757576,15.447154471544716,,2,126.33333333333333,4.93288286231625,,,,,126.33333333333333,4.93288286231625,3.175965678477583,1.1240105540897098,,,,,1.0,63.51931356955166,0.0,38.111588141731,False,27.727272727272727,25.501319261213734,30.2,LOW,🟢,Continue routine monitoring. No administrative action required at this time.,Demand increased 8% in the latest week · Current demand is 12% above its historical baseline · Current demand is 3.2 standard deviations above baseline
Tamil Nadu,Salem,Yercaud,Kumarapuram Gp,Kumarapuram,Tamil Nadu|Salem|Yercaud|Kumarapuram,2024,5,132.0,2024-01-29,MGNREGA (historical),142.0,132.0,124.0,-7.042253521126761,0.0,6.451612903225806,0,130.25,8.808140174482544,130.25,8.808140174482544,,,130.25,8.808140174482544,0.1986798535597565,1.0134357005758157,,,,,1.0,3.97359707119513,1.5649156609704877,3.0101245071052727,False,0.0,11.67946257197696,4.4,LOW,🟢,Continue routine monitoring. No administrative action required at this time.,No significant deviation from normal demand patterns detected
Tamil Nadu,Salem,Yercaud,Kumarapuram Gp,Kumarapuram,Tamil Nadu|Salem|Yercaud|Kumarapuram,2024,6,135.0,2024-02-05,MGNREGA (historical),132.0,142.0,123.0,2.272727272727273,-4.929577464788732,9.75609756097561,1,132.25,7.762087348130013,130.6,7.668115805072328,,,130.6,7.668115805072328,0.5738045840530317,1.0336906584992342,,,,,1.0,11.476091681060634,1.4495020557398952,7.465455830932338,False,9.090909090909092,14.211332312404283,10.1,LOW,🟢,Continue routine monitoring. No administrative action required at this time.,No significant deviation from normal demand patterns detected
Tamil Nadu,Salem,Yercaud,Kumarapuram Gp,Kumarapuram,Tamil Nadu|Salem|Yercaud|Kumarapuram,2024,7,151.0,2024-02-12,MGNREGA (historical),135.0,132.0,132.0,11.851851851851853,14.393939393939394,14.393939393939394,2,135.25,4.716990566028301,131.33333333333334,7.089898917944226,131.33333333333334,7.089898917944226,131.33333333333334,7.089898917944226,2.7738994440232676,1.149746192893401,,,,,1.0,55.477988880465354,20.9821537093909,41.67965481203557,False,38.70370370370371,28.718274111675125,36.6,LOW,🟢,Continue routine monitoring. No administrative action required at this time.,Demand increased 12% in the latest week · Current demand is 15% above its historical baseline · Current demand is 2.8 standard deviations above baseline
Tamil Nadu,Salem,Yercaud,Kumarapuram Gp,Kumarapuram,Tamil Nadu|Salem|Yercaud|Kumarapuram,2024,8,148.0,2024-02-19,MGNREGA (historical),151.0,135.0,142.0,-1.9867549668874174,9.62962962962963,4.225352112676056,0,140.0,8.445906306213281,134.14285714285714,9.856107606091628,134.14285714285714,9.856107606091628,134.14285714285714,9.856107606091628,1.4059447614571872,1.1033013844515442,,,,,1.0,28.118895229143742,5.1852372551939965,18.94543203956384,False,0.0,22.912673056443033,12.6,LOW,🟢,Continue routine monitoring. No administrative action required at this time.,Current demand is 10% above its historical baseline
Tamil Nadu,Salem,Yercaud,Kumarapuram Gp,Kumarapuram,Tamil Nadu|Salem|Yercaud|Kumarapuram,2024,9,141.0,2024-02-26,MGNREGA (historical),148.0,151.0,132.0,-4.72972972972973,-6.622516556291391,6.8181818181818175,0,141.5,9.398581453247786,135.875,10.357019703701313,135.875,10.357019703701313,135.875,10.357019703701313,0.49483347011191514,1.0377184912603497,,,,,1.0,9.896669402238304,2.0507833963843147,6.758314999896708,False,0.0,14.714811407543706,6.4,LOW,🟢,Continue routine monitoring. No administrative action required at this time.,No significant deviation from normal demand patterns detected
Tamil Nadu,Salem,Yercaud,Kumarapuram Gp,Kumarapuram,Tamil Nadu|Salem|Yercaud|Kumarapuram,2024,10,150.0,2024-03-04,MGNREGA (historical),141.0,148.0,135.0,6.382978723404255,1.3513513513513513,11.11111111111111,1,143.75,7.182153808805078,138.0,9.258200997725519,136.44444444444446,9.837569708915808,136.44444444444446,9.837569708915808,1.3779374333957823,1.0993485342019542,,,,,1.0,27.558748667915644,2.8691508160574326,17.68290952717236,False,24.148936170212764,22.41856677524428,21.7,LOW,🟢,Continue routine monitoring. No administrative action required at this time.,Demand increased 6% in the latest week
Tamil Nadu,Salem,Yercaud,Kumarapuram Gp,Kumarapuram,Tamil Nadu|Salem|Yercaud|Kumarapuram,2024,11,145.0,2024-03-11,MGNREGA (historical),150.0,141.0,151.0,-3.3333333333333335,2.8368794326241136,-3.9735099337748347,0,147.5,4.509249752822892,141.375,7.818247885555949,137.8,10.217631819555843,137.8,10.217631819555843,0.704664263417643,1.0522496371552974,,,,,1.0,14.09328526835286,3.0996558683148683,9.695833508337664,False,0.0,16.531204644412178,7.9,LOW,🟢,Continue routine monitoring. No administrative action required at this time.,No significant deviation from normal demand patterns detected
Tamil Nadu,Salem,Yercaud,Kumarapuram Gp,Kumarapuram,Tamil Nadu|Salem|Yercaud|Kumarapuram,2024,12,146.0,2024-03-18,MGNREGA (historical),145.0,150.0,148.0,0.6896551724137931,-2.666666666666667,-1.3513513513513513,1,146.0,3.915780041490242,143.0,6.88684045325369,138.45454545454547,9.933414683417142,138.45454545454547,9.933414683417142,0.7596032971472464,1.0544977019041364,,,,,1.0,15.192065942944927,2.3229488652250323,10.04441911185697,False,2.7586206896551726,16.81221273801705,9.2,LOW,🟢,Continue routine monitoring. No administrative action required at this time.,No significant deviation from normal demand patterns detected
Tamil Nadu,Salem,Yercaud,Kumarapuram Gp,Kumarapuram,Tamil Nadu|Salem|Yercaud|Kumarapuram,2024,13,152.0,2024-03-25,MGNREGA (historical),146.0,145.0,141.0,4.10958904109589,4.827586206896552,7.801418439716312,2,145.5,3.6968455021364717,143.5,6.948792289723039,139.08333333333334,9.718383080377604,139.08333333333334,9.718383080377604,1.3290962663065535,1.0928699820251646,,,,,1.0,26.581925326131074,7.976619584612406,19.139803029523605,False,16.43835616438356,21.60874775314558,18.8,LOW,🟢,Continue routine monitoring. No administrative action required at this time.,No significant deviation from normal demand patterns detected
Tamil Nadu,Salem,Yercaud,Kumarapuram Gp,Kumarapuram,Tamil Nadu|Salem|Yercaud|Kumarapuram,2024,14,136.0,2024-04-01,MGNREGA (historical),152.0,146.0,150.0,-10.526315789473683,-6.8493150684931505,-9.333333333333334,0,148.25,3.304037933599834,146.0,5.707138387268058,141.41666666666666,9.11001779594443,141.41666666666666,9.11001779594443,-0.594583543961685,0.9616971125515617,,,,,1.0,0.0,3.1990003067608157,1.2796001227043263,False,0.0,9.616971125515617,3.3,LOW,🟢,Continue routine monitoring. No administrative action required at this time.,No significant deviation from normal demand patterns detected
Tamil Nadu,Salem,Yercaud,Kumarapuram Gp,Kumarapuram,Tamil Nadu|Salem|Yercaud|Kumarapuram,2024,15,137.0,2024-04-08,MGNREGA (historical),136.0,152.0,145.0,0.7352941176470588,-9.868421052631579,-5.517241379310345,1,144.75,6.601767440112783,146.125,5.436319658424393,142.5,7.317475968218443,142.5,7.317475968218443,-0.7516252904536785,0.9614035087719298,,,,,1.0,0.0,2.37386158897543,0.949544635590172,False,2.941176470588235,9.614035087719298,4.3,LOW,🟢,Continue routine monitoring. No administrative action required at this time.,No significant deviation from normal demand patterns detected
Tamil Nadu,Salem,Yercaud,Kumarapuram Gp,Kumarapuram,Tamil Nadu|Salem|Yercaud|Kumarapuram,2024,16,145.0,2024-04-15,MGNREGA (historical),137.0,136.0,146.0,5.839416058394161,6.61764705882353,-0.684931506849315,2,142.75,7.63216876123687,144.375,5.878228596147949,142.91666666666666,6.788470618138758,142.91666666666666,6.788470618138758,0.3068928850876495,1.0145772594752187,,,,,1.0,6.137857701752989,9.73022458468368,7.574804454925266,False,22.51824817518248,11.822157434402339,14.8,LOW,🟢,Continue routine monitoring. No administrative action required at this time.,Demand increased 6% in the latest week
Tamil Nadu,Salem,Yercaud,Kumarapuram Gp,Kumarapuram,Tamil Nadu|Salem|Yercaud|Kumarapuram,2024,17,141.0,2024-04-22,MGNREGA (historical),145.0,137.0,152.0,-2.7586206896551726,2.9197080291970803,-7.236842105263158,0,142.5,7.505553499465131,144.0,5.707138387268056,143.16666666666666,6.806859285554035,143.16666666666666,6.806859285554035,-0.3183063694683538,0.9848661233993016,,,,,1.0,0.0,0.43382078002420854,0.17352831200968344,False,0.0,9.848661233993015,3.0,LOW,🟢,Continue routine monitoring. No administrative action required at this time.,No significant deviation from normal demand patterns detected
Tamil Nadu,Salem,Yercaud,Kumarapuram Gp,Kumarapuram,Tamil Nadu|Salem|Yercaud|Kumarapuram,2024,18,149.0,2024-04-29,MGNREGA (historical),141.0,145.0,136.0,5.673758865248227,2.7586206896551726,9.558823529411764,1,139.75,4.112987559751018,144.0,5.707138387268056,143.91666666666666,5.900051360844737,143.91666666666666,5.900051360844737,0.8615744207022529,1.0353213665315577,,,,,1.0,17.231488414045057,1.4644777917730938,10.924684165136272,False,22.02127659574468,14.415170816444714,16.4,LOW,🟢,Continue routine monitoring. No administrative action required at this time.,Demand increased 6% in the latest week
Tamil Nadu,Salem,Yercaud,Kumarapuram Gp,Kumarapuram,Tamil Nadu|Salem|Yercaud|Kumarapuram,2024,19,138.0,2024-05-06,MGNREGA (historical),149.0,141.0,137.0,-7.38255033557047,-2.127659574468085,0.7299270072992701,0,143.0,5.16397779494322,143.875,5.566160513059511,145.08333333333334,5.333570070503373,145.08333333333334,5.333570070503373,-1.3280660495128416,0.9511774842044801,,,,,1.0,0.0,2.6223383140371546,1.048935325614862,False,0.0,9.511774842044801,3.2,LOW,🟢,Continue routine monitoring. No administrative action required at this time.,No significant deviation from normal demand patterns detected
Tamil Nadu,Salem,Yercaud,Kumarapuram Gp,Kumarapuram,Tamil Nadu|Salem|Yercaud|Kumarapuram,2024,20,132.0,2024-05-13,MGNREGA (historical),138.0,149.0,145.0,-4.3478260869565215,-11.409395973154362,-8.96551724137931,0,143.25,4.787135538781688,143.0,5.903993805649098,144.0,5.342794638150926,144.0,5.342794638150926,-2.2460155803691997,0.9166666666666666,,,,,1.0,0.0,5.770842399863453,2.308336959945381,False,0.0,9.166666666666666,3.4,LOW,🟢,Continue routine monitoring. No administrative action required at this time.,No significant deviation from normal demand patterns detected
Tamil Nadu,Salem,Yercaud,Kumarapuram Gp,Kumarapuram,Tamil Nadu|Salem|Yercaud|Kumarapuram,2024,21,150.0,2024-05-20,MGNREGA (historical),132.0,138.0,141.0,13.636363636363635,8.695652173913043,6.382978723404255,1,140.0,7.071067811865471,141.25,6.88165262543402,142.66666666666666,6.1840459443978935,142.66666666666666,6.1840459443978935,1.1858471620794773,1.0514018691588787,,,,,1.0,23.716943241589544,5.813381723333179,16.555518634286997,False,42.272727272727266,16.425233644859837,26.8,LOW,🟢,Continue routine monitoring. No administrative action required at this time.,Demand increased 14% in the latest week
Tamil Nadu,Salem,Yercaud,Kumarapuram Gp,Kumarapuram,Tamil Nadu|Salem|Yercaud|Kumarapuram,2024,22,135.0,2024-05-27,MGNREGA (historical),150.0,132.0,149.0,-10.0,2.272727272727273,-9.395973154362416,0,142.25,8.732124598286488,141.0,6.458659745975615,143.41666666666666,6.501165396692448,143.41666666666666,6.501165396692448,-1.2946396765953294,0.9413131900058106,,,,,1.0,0.0,1.971967423096014,0.7887869692384056,False,0.0,9.413131900058106,3.1,LOW,🟢,Continue routine monitoring. No administrative action required at this time.,No significant deviation from normal demand patterns detected
Tamil Nadu,Salem,Yercaud,Kumarapuram Gp,Kumarapuram,Tamil Nadu|Salem|Yercaud|Kumarapuram,2024,23,134.0,2024-06-03,MGNREGA (historical),135.0,150.0,138.0,-0.7407407407407408,-10.666666666666668,-2.898550724637681,0,138.75,7.889866919029748,140.875,6.577830732305084,142.16666666666666,6.562058065927631,142.16666666666666,6.562058065927631,-1.2445282538828304,0.9425556858147714,,,,,1.0,0.0,2.2362605288932134,0.8945042115572854,False,0.0,9.425556858147715,3.1,LOW,🟢,Continue routine monitoring. No administrative action required at this time.,No significant deviation from normal demand patterns detected
Tamil Nadu,Salem,Yercaud,Kumarapuram Gp,Kumarapuram,Tamil Nadu|Salem|Yercaud|Kumarapuram,2024,24,120.0,2024-06-10,MGNREGA (historical),134.0,135.0,132.0,-10.44776119402985,-11.11111111111111,-9.090909090909092,0,137.75,8.26135582092915,140.5,6.907552802135196,141.25,6.890375369112527,141.25,6.890375369112527,-3.084011953145156,0.8495575221238938,,,,,1.0,0.0,13.305714200230625,5.32228568009225,False,0.0,8.495575221238937,4.1,LOW,🟢,Continue routine monitoring. No administrative action required at this time.,No significant deviation from normal demand patterns detected
Tamil Nadu,Salem,Yercaud,Kumarapuram Gp,Kumarapuram,Tamil Nadu|Salem|Yercaud|Kumarapuram,2024,25,123.0,2024-06-17,MGNREGA (historical),120.0,134.0,150.0,2.5,-8.208955223880597,-18.0,1,134.75,12.257650672131259,137.375,9.679691553527347,139.08333333333334,9.019759453891249,139.08333333333334,9.019759453891249,-1.783122201379192,0.8843618933493109,,,,,1.0,0.0,13.683456925499238,5.473382770199695,False,10.0,8.84361893349311,8.3,LOW,🟢,Continue routine monitoring. No administrative action required at this time.,No significant deviation from normal demand patterns detected
Tamil Nadu,Salem,Yercaud,Kumarapuram Gp,Kumarapuram,Tamil Nadu|Salem|Yercaud|Kumarapuram,2024,26,124.0,2024-06-24,MGNREGA (historical),123.0,120.0,135.0,0.8130081300813009,3.3333333333333335,-8.148148148148149,2,128.0,7.615773105863899,135.125,10.749584709586298,136.66666666666666,9.128709291752765,136.66666666666666,9.128709291752765,-1.3875638123464205,0.9073170731707317,,,,,1.0,0.0,19.774725658900895,7.909890263560358,False,3.2520325203252036,9.073170731707318,6.4,LOW,🟢,Continue routine monitoring. No administrative action required at this time.,No significant deviation from normal demand patterns detected
Tamil Nadu,Salem,Yercaud,Kumarapuram Gp,Kumarapuram,Tamil Nadu|Salem|Yercaud|Kumarapuram,2024,27,112.0,2024-07-01,MGNREGA (historical),124.0,123.0,134.0,-9.67741935483871,-8.94308943089431,-16.417910447761194,0,125.25,6.075908711186051,132.0,9.724784242924295,135.66666666666666,9.838083085026204,135.66666666666666,9.838083085026204,-2.4056176861006477,0.8255528255528256,,,,,1.0,0.0,7.894460385969171,3.1577841543876684,False,0.0,8.255528255528256,3.4,LOW,🟢,Continue routine monitoring. No administrative action required at this time.,No significant deviation from normal demand patterns detected
Tamil Nadu,Salem,Yercaud,Kumarapuram Gp,Kumarapuram,Tamil Nadu|Salem|Yercaud|Kumarapuram,2024,28,119.0,2024-07-08,MGNREGA (historical),112.0,124.0,120.0,6.25,-4.032258064516129,-0.8333333333333334,1,119.75,5.43905629069356,128.75,11.597413504743205,133.58333333333334,11.950339160902754,133.58333333333334,11.950339160902754,-1.22032798709553,0.8908296943231441,,,,,1.0,0.0,5.394735527334254,2.157894210933702,False,23.75,8.908296943231441,12.8,LOW,🟢,Continue routine monitoring. No administrative action required at this time.,Demand increased 6% in the latest week
Tamil Nadu,Salem,Yercaud,Kumarapuram Gp,Kumarapuram,Tamil Nadu|Salem|Yercaud|Kumarapuram,2024,29,108.0,2024-07-15,MGNREGA (historical),119.0,112.0,123.0,-9.243697478991598,-3.571428571428571,-12.195121951219512,0,119.5,5.4467115461227165,127.125,11.98138437028758,131.41666666666666,12.048827429432384,131.41666666666666,12.048827429432384,-1.9434809572809866,0.8218135700697528,,,,,1.0,0.0,3.7505250215582633,1.5002100086233054,False,0.0,8.218135700697527,2.9,LOW,🟢,Continue routine monitoring. No administrative action required at this time.,No significant deviation from normal demand patterns detected
Tamil Nadu,Salem,Yercaud,Kumarapuram Gp,Kumarapuram,Tamil Nadu|Salem|Yercaud|Kumarapuram,2024,30,107.0,2024-07-22,MGNREGA (historical),108.0,119.0,124.0,-0.9259259259259258,-10.084033613445378,-13.709677419354838,0,115.75,7.135591542869203,121.875,9.463274878633271,128.66666666666666,13.357553758987539,128.66666666666666,13.357553758987539,-1.6220534880564033,0.8316062176165804,,,,,1.0,0.0,4.8880069806231266,1.9552027922492508,False,0.0,8.316062176165804,3.1,LOW,🟢,Continue routine monitoring. No administrative action required at this time.,No significant deviation from normal demand patterns detected
Tamil Nadu,Salem,Yercaud,Kumarapuram Gp,Kumarapuram,Tamil Nadu|Salem|Yercaud|Kumarapuram,2024,31,102.0,2024-07-29,MGNREGA (historical),107.0,108.0,112.0,-4.672897196261682,-5.555555555555555,-8.928571428571429,0,111.5,5.446711546122715,118.375,9.08589959379761,125.16666666666667,13.044213857167277,125.16666666666667,13.044213857167277,-1.776010951701586,0.8149134487350199,,,,,1.0,0.0,3.1238314576502866,1.2495325830601147,False,0.0,8.1491344873502,2.8,LOW,🟢,Continue routine monitoring. No administrative action required at this time.,No significant deviation from normal demand patterns detected
Tamil Nadu,Salem,Yercaud,Kumarapuram Gp,Kumarapuram,Tamil Nadu|Salem|Yercaud|Kumarapuram,2024,32,116.0,2024-08-05,MGNREGA (historical),102.0,107.0,119.0,13.725490196078432,8.411214953271028,-2.5210084033613445,1,109.0,7.164728420068212,114.375,8.227783940492646,122.16666666666667,13.93382629256999,122.16666666666667,13.93382629256999,-0.4425680740655535,0.9495225102319236,,,,,1.0,0.0,4.256533811044639,1.7026135244178555,False,42.450980392156865,9.495225102319235,20.3,LOW,🟢,Continue routine monitoring. No administrative action required at this time.,Demand increased 14% in the latest week
Tamil Nadu,Salem,Yercaud,Kumarapuram Gp,Kumarapuram,Tamil Nadu|Salem|Yercaud|Kumarapuram,2024,33,100.0,2024-08-12,MGNREGA (historical),116.0,102.0,108.0,-13.793103448275861,-1.9607843137254901,-7.4074074074074066,0,108.25,5.795112883571221,113.875,7.954109450017473,120.83333333333333,13.670361658668268,120.83333333333333,13.670361658668268,-1.5239782131237967,0.8275862068965517,,,,,1.0,0.0,5.4906810318021995,2.1962724127208797,False,0.0,8.275862068965518,3.1,LOW,🟢,Continue routine monitoring. No administrative action required at this time.,No significant deviation from normal demand patterns detected
Tamil Nadu,Salem,Yercaud,Kumarapuram Gp,Kumarapuram,Tamil Nadu|Salem|Yercaud|Kumarapuram,2024,34,90.0,2024-08-19,MGNREGA (historical),100.0,116.0,107.0,-10.0,-22.413793103448278,-15.887850467289718,0,106.25,7.135591542869202,111.0,8.33238089795297,116.66666666666667,11.404411692875945,116.66666666666667,11.404411692875945,-2.338276395557053,0.7714285714285714,,,,,1.0,0.0,9.795331429078443,3.9181325716313773,False,0.0,7.7142857142857135,3.5,LOW,🟢,Continue routine monitoring. No administrative action required at this time.,No significant deviation from normal demand patterns detected
Tamil Nadu,Salem,Yercaud,Kumarapuram Gp,Kumarapuram,Tamil Nadu|Salem|Yercaud|Kumarapuram,2024,35,101.0,2024-08-26,MGNREGA (historical),90.0,100.0,102.0,12.222222222222221,1.0,-0.9803921568627451,1,102.0,10.708252269472665,106.75,9.361776388210586,112.91666666666667,12.198795270870212,112.91666666666667,12.198795270870212,-0.9768724207645945,0.8944649446494465,,,,,1.0,0.0,5.743858630185263,2.2975434520741054,False,39.44444444444444,8.944649446494465,19.2,LOW,🟢,Continue routine monitoring. No administrative action required at this time.,Demand increased 12% in the latest week
Tamil Nadu,Salem,Yercaud,Kumarapuram Gp,Kumarapuram,Tamil Nadu|Salem|Yercaud|Kumarapuram,2024,36,85.0,2024-09-02,MGNREGA (historical),101.0,90.0,116.0,-15.841584158415841,-5.555555555555555,-26.72413793103448,0,101.75,10.719919153923993,105.375,9.288049157000476,110.16666666666667,10.632996099905492,110.16666666666667,10.632996099905492,-2.366846223792968,0.7715582450832073,,,,,1.0,0.0,18.886860794780272,7.554744317912109,False,0.0,7.7155824508320725,4.6,LOW,🟢,Continue routine monitoring. No administrative action required at this time.,No significant deviation from normal demand patterns detected
Tamil Nadu,Salem,Yercaud,Kumarapuram Gp,Kumarapuram,Tamil Nadu|Salem|Yercaud|Kumarapuram,2024,37,81.0,2024-09-09,MGNREGA (historical),85.0,101.0,100.0,-4.705882352941177,-19.801980198019802,-19.0,0,94.0,7.788880963698603,101.125,9.920217451533732,107.25,12.351849327861036,107.25,12.351849327861036,-2.125187840560042,0.7552447552447552,,,,,1.0,0.0,11.536423801753747,4.614569520701499,False,0.0,7.552447552447552,3.7,LOW,🟢,Continue routine monitoring. No administrative action required at this time.,No significant deviation from normal demand patterns detected
Tamil Nadu,Salem,Yercaud,Kumarapuram Gp,Kumarapuram,Tamil Nadu|Salem|Yercaud|Kumarapuram,2024,38,77.0,2024-09-16,MGNREGA (historical),81.0,85.0,90.0,-4.938271604938271,-9.411764705882353,-14.444444444444443,0,89.25,8.655441448399179,97.75,11.683321445547927,103.75,13.39012526250049,103.75,13.39012526250049,-1.9977408333075346,0.7421686746987952,,,,,1.0,0.0,10.576772084372335,4.230708833748934,False,0.0,7.421686746987952,3.5,LOW,🟢,Continue routine monitoring. No administrative action required at this time.,No significant deviation from normal demand patterns detected
Tamil Nadu,Salem,Yercaud,Kumarapuram Gp,Kumarapuram,Tamil Nadu|Salem|Yercaud|Kumarapuram,2024,39,81.0,2024-09-23,MGNREGA (historical),77.0,81.0,101.0,5.194805194805195,0.0,-19.801980198019802,1,86.0,10.519822558706323,94.0,13.02744356020343,99.83333333333333,13.796134724383224,99.83333333333333,13.796134724383224,-1.3651166583671717,0.8113522537562605,,,,,1.0,0.0,15.736993440358157,6.294797376143263,False,20.584415584415584,8.113522537562606,12.6,LOW,🟢,Continue routine monitoring. No administrative action required at this time.,Demand increased 5% in the latest week
Tamil Nadu,Salem,Yercaud,Kumarapuram Gp,Kumarapuram,Tamil Nadu|Salem|Yercaud|Kumarapuram,2024,40,91.0,2024-09-30,MGNREGA (historical),81.0,77.0,85.0,12.345679012345679,18.181818181818183,7.0588235294117645,2,81.0,3.2659863237108753,91.375,13.298093311233977,97.25,14.20707250248651,97.25,14.20707250248651,-0.43992173608645485,0.9357326478149101,,,,,1.0,0.0,15.520231480317475,6.208092592126991,False,39.691358024691354,9.357326478149101,20.5,LOW,🟢,Continue routine monitoring. No administrative action required at this time.,Demand increased 12% in the latest week
Tamil Nadu,Salem,Yercaud,Kumarapuram Gp,Kumarapuram,Tamil Nadu|Salem|Yercaud|Kumarapuram,2024,41,96.0,2024-10-07,MGNREGA (historical),91.0,81.0,81.0,5.4945054945054945,18.51851851851852,18.51851851851852,3,82.5,5.972157622389622,88.25,8.892211680534192,94.91666666666667,12.507876306430637,94.91666666666667,12.507876306430637,0.08661209199649325,1.0114135206321333,,,,,1.0,1.732241839929865,26.469972208677888,11.627333987429074,False,21.483516483516482,11.426690079016662,15.5,LOW,🟢,Continue routine monitoring. No administrative action required at this time.,Demand increased 5% in the latest week · Momentum has increased for 3 consecutive weeks
Tamil Nadu,Salem,Yercaud,Kumarapuram Gp,Kumarapuram,Tamil Nadu|Salem|Yercaud|Kumarapuram,2024,42,92.0,2024-10-14,MGNREGA (historical),96.0,91.0,77.0,-4.166666666666666,1.098901098901099,19.480519480519483,0,86.25,8.770214744615235,87.75,8.224527776283407,93.91666666666667,11.827997089596968,93.91666666666667,11.827997089596968,-0.16204490516424203,0.9795918367346939,,,,,1.0,0.0,7.739907829543502,3.095963131817401,False,0.0,9.795918367346939,3.9,LOW,🟢,Continue routine monitoring. No administrative action required at this time.,No significant deviation from normal demand patterns detected
Tamil Nadu,Salem,Yercaud,Kumarapuram Gp,Kumarapuram,Tamil Nadu|Salem|Yercaud|Kumarapuram,2024,43,91.0,2024-10-21,MGNREGA (historical),92.0,96.0,81.0,-1.0869565217391304,-5.208333333333334,12.345679012345679,0,90.0,6.377042156569649,88.0,8.332380897952971,92.66666666666667,11.089170256141626,92.66666666666667,11.089170256141626,-0.15029678760172382,0.9820143884892086,,,,,1.0,0.0,2.639640889601285,1.055856355840514,False,0.0,9.820143884892087,3.3,LOW,🟢,Continue routine monitoring. No administrative action required at this time.,No significant deviation from normal demand patterns detected
Tamil Nadu,Salem,Yercaud,Kumarapuram Gp,Kumarapuram,Tamil Nadu|Salem|Yercaud|Kumarapuram,2024,44,91.0,2024-10-28,MGNREGA (historical),91.0,92.0,91.0,0.0,-1.0869565217391304,0.0,0,92.5,2.380476142847579,86.75,6.692212958783845,91.75,10.695156082842493,91.75,10.695156082842493,-0.07012520380166996,0.9918256130790191,,,,,1.0,0.0,0.4857383901205027,0.19429535604820108,False,0.0,9.91825613079019,3.0,LOW,🟢,Continue routine monitoring. No administrative action required at this time.,No significant deviation from normal demand patterns detected
Tamil Nadu,Salem,Yercaud,Kumarapuram Gp,Kumarapuram,Tamil Nadu|Salem|Yercaud|Kumarapuram,2024,45,85.0,2024-11-04,MGNREGA (historical),91.0,91.0,96.0,-6.593406593406594,-6.593406593406594,-11.458333333333332,0,92.5,2.380476142847579,87.5,6.8033605141661,89.66666666666667,7.499494932488679,89.66666666666667,7.499494932488679,-0.6222641269414201,0.9479553903345724,,,,,1.0,0.0,0.8873293819928346,0.35493175279713385,False,0.0,9.479553903345725,3.0,LOW,🟢,Continue routine monitoring. No administrative action required at this time.,No significant deviation from normal demand patterns detected
Tamil Nadu,Salem,Yercaud,Kumarapuram Gp,Kumarapuram,Tamil Nadu|Salem|Yercaud|Kumarapuram,2024,46,92.0,2024-11-11,MGNREGA (historical),85.0,91.0,92.0,8.235294117647058,1.098901098901099,0.0,1,89.75,3.201562118716394,88.0,6.391959234627752,88.41666666666667,6.841827684223361,88.41666666666667,6.841827684223361,0.5237391964132878,1.0405278039585297,,,,,1.0,10.474783928265756,1.0185635530822876,6.692295778192369,False,29.705882352941174,15.065975494816218,18.4,LOW,🟢,Continue routine monitoring. No administrative action required at this time.,Demand increased 8% in the latest week
Tamil Nadu,Salem,Yercaud,Kumarapuram Gp,Kumarapuram,Tamil Nadu|Salem|Yercaud|Kumarapuram,2024,47,97.0,2024-11-18,MGNREGA (historical),92.0,85.0,91.0,5.434782608695652,14.117647058823529,6.593406593406594,2,89.75,3.201562118716394,89.875,4.673252156077805,88.58333333333333,6.907944482238989,88.58333333333333,6.907944482238989,1.2184039243955647,1.0950141110065852,,,,,1.0,24.368078487911294,8.361760039269573,17.965551108454605,False,21.304347826086957,21.87676387582315,20.5,LOW,🟢,Continue routine monitoring. No administrative action required at this time.,Demand increased 5% in the latest week
Tamil Nadu,Salem,Yercaud,Kumarapuram Gp,Kumarapuram,Tamil Nadu|Salem|Yercaud|Kumarapuram,2024,48,111.0,2024-11-25,MGNREGA (historical),97.0,92.0,91.0,14.432989690721648,20.652173913043477,21.978021978021978,3,91.25,4.924428900898033,91.875,3.6425069859723385,88.25,6.3263518138597385,88.25,6.3263518138597385,3.596069372898203,1.2577903682719547,,,,,1.0,71.92138745796406,41.36715937880031,59.699696226298556,False,43.865979381443296,39.81586402266289,47.4,MODERATE,🟡,Increase monitoring frequency. Review recent employment demand trends for this village.,Demand increased 14% in the latest week · Current demand is 26% above its historical baseline · Current demand is 3.6 standard deviations above baseline · Momentum has increased for 3 consecutive weeks
Tamil Nadu,Salem,Yercaud,Kumarapuram Gp,Kumarapuram,Tamil Nadu|Salem|Yercaud|Kumarapuram,2024,49,109.0,2024-12-02,MGNREGA (historical),111.0,97.0,85.0,-1.8018018018018018,12.371134020618557,28.235294117647058,0,96.25,10.99621146880445,94.375,7.633338531917557,90.41666666666667,8.999579114737717,90.41666666666667,8.999579114737717,2.064911380455698,1.2055299539170505,,,,,1.0,41.29822760911396,23.922816558327177,34.348063188799244,False,0.0,35.46082949308755,20.9,LOW,🟢,Continue routine monitoring. No administrative action required at this time.,Current demand is 21% above its historical baseline · Current demand is 2.1 standard deviations above baseline
Tamil Nadu,Salem,Yercaud,Kumarapuram Gp,Kumarapuram,Tamil Nadu|Salem|Yercaud|Kumarapuram,2024,50,97.0,2024-12-09,MGNREGA (historical),109.0,111.0,92.0,-11.009174311926607,-12.612612612612612,5.434782608695652,0,102.25,9.215023964519382,96.0,9.242757782641043,92.75,9.918990051228128,92.75,9.918990051228128,0.42847104171394773,1.045822102425876,,,,,1.0,8.569420834278954,6.701979802191244,7.82244442144387,False,0.0,15.727762803234505,7.1,LOW,🟢,Continue routine monitoring. No administrative action required at this time.,No significant deviation from normal demand patterns detected
Tamil Nadu,Salem,Yercaud,Kumarapuram Gp,Kumarapuram,Tamil Nadu|Salem|Yercaud|Kumarapuram,2024,51,115.0,2024-12-16,MGNREGA (historical),97.0,109.0,97.0,18.556701030927837,5.5045871559633035,18.556701030927837,1,103.5,7.54983443527074,96.625,9.101608962940885,94.41666666666667,8.628265740979968,94.41666666666667,8.628265740979968,2.385570165690741,1.2180052956751986,,,,,1.0,47.71140331381482,17.21537107654092,35.51299041890526,False,52.11340206185567,36.50044130626655,42.4,MODERATE,🟡,Increase monitoring frequency. Review recent employment demand trends for this village.,Demand increased 19% in the latest week · Current demand is 22% above its historical baseline · Current demand is 2.4 standard deviations above baseline
Tamil Nadu,Salem,Yercaud,Kumarapuram Gp,Kumarapuram,Tamil Nadu|Salem|Yercaud|Kumarapuram,2024,52,115.0,2024-12-23,MGNREGA (historical),115.0,97.0,111.0,0.0,18.556701030927837,3.6036036036036037,0,108.0,7.7459666924148225,99.625,10.782757399796086,97.25,9.372348109780594,97.25,9.372348109780594,1.8938690488327932,1.1825192802056554,,,,,1.0,37.877380976655864,12.307165344286583,27.649294723708152,False,0.0,32.814910025706936,18.1,LOW,🟢,Continue routine monitoring. No administrative action required at this time.,Current demand is 18% above its historical baseline · Current demand is 1.9 standard deviations above baseline
Tamil Nadu,Salem,Yercaud,Kumarapuram Gp,Kumarapuram,Tamil Nadu|Salem|Yercaud|Kumarapuram,2025,1,115.0,2024-12-30,MGNREGA (historical),115.0,115.0,109.0,0.0,0.0,5.5045871559633035,0,109.0,8.48528137423856,102.625,11.363318177363517,99.25,10.419605646001223,99.25,10.419605646001223,1.5115735215991064,1.1586901763224182,124.0,,124.0,-7.258064516129033,1.0,30.231470431982128,7.119355722520949,20.986624548197657,False,0.0,29.836272040302283,15.2,LOW,🟢,Continue routine monitoring. No administrative action required at this time.,Current demand is 16% above its historical baseline · Current demand is 1.5 standard deviations above baseline
Tamil Nadu,Salem,Yercaud,Kumarapuram Gp,Kumarapuram,Tamil Nadu|Salem|Yercaud|Kumarapuram,2025,2,128.0,2025-01-06,MGNREGA (historical),115.0,115.0,97.0,11.304347826086957,11.304347826086957,31.958762886597935,1,110.5,8.999999999999991,106.375,9.515964030437042,100.83333333333333,11.288234690342026,100.83333333333333,11.288234690342026,2.406635529106238,1.2694214876033059,123.0,,123.0,4.0650406504065035,1.0,48.13271058212476,23.505258705822502,38.281729831603855,False,37.608695652173914,40.78512396694216,38.8,LOW,🟢,Continue routine monitoring. No administrative action required at this time.,Demand increased 11% in the latest week · Current demand is 27% above its historical baseline · Current demand is 2.4 standard deviations above baseline
Tamil Nadu,Salem,Yercaud,Kumarapuram Gp,Kumarapuram,Tamil Nadu|Salem|Yercaud|Kumarapuram,2025,3,135.0,2025-01-13,MGNREGA (historical),128.0,115.0,115.0,5.46875,17.391304347826086,17.391304347826086,2,118.25,6.5,110.875,10.232127274981908,103.83333333333333,13.32689238367517,103.83333333333333,13.32689238367517,2.338629724724453,1.3001605136436598,132.0,,132.0,2.272727272727273,1.0,46.77259449448906,20.086895561412515,36.09831492125844,False,21.40625,43.34670947030499,32.4,LOW,🟢,Continue routine monitoring. No administrative action required at this time.,Demand increased 5% in the latest week · Current demand is 30% above its historical baseline · Current demand is 2.3 standard deviations above baseline
Tamil Nadu,Salem,Yercaud,Kumarapuram Gp,Kumarapuram,Tamil Nadu|Salem|Yercaud|Kumarapuram,2025,4,137.0,2025-01-20,MGNREGA (historical),135.0,128.0,115.0,1.4814814814814816,7.03125,19.130434782608695,3,123.25,9.945685831890463,115.625,11.599722903094346,107.5,15.371165449396667,107.5,15.371165449396667,1.91917783313938,1.2744186046511627,142.0,,142.0,-3.5211267605633805,1.0,38.3835566627876,25.005398209439665,33.032293281448425,False,5.9259259259259265,41.201550387596896,24.6,LOW,🟢,Continue routine monitoring. No administrative action required at this time.,Current demand is 27% above its historical baseline · Current demand is 1.9 standard deviations above baseline · Momentum has increased for 3 consecutive weeks
Tamil Nadu,Salem,Yercaud,Kumarapuram Gp,Kumarapuram,Tamil Nadu|Salem|Yercaud|Kumarapuram,2025,5,128.0,2025-01-27,MGNREGA (historical),137.0,135.0,115.0,-6.569343065693431,-5.185185185185185,11.304347826086957,0,128.75,9.945685831890463,118.875,13.590306419335388,111.33333333333333,16.571241975363797,111.33333333333333,16.571241975363797,1.0057584513849198,1.1497005988023952,132.0,,132.0,-3.0303030303030303,1.0,20.115169027698396,8.079193900252465,15.300778976720023,False,0.0,28.7125748502994,13.2,LOW,🟢,Continue routine monitoring. No administrative action required at this time.,Current demand is 15% above its historical baseline
Tamil Nadu,Salem,Yercaud,Kumarapuram Gp,Kumarapuram,Tamil Nadu|Salem|Yercaud|Kumarapuram,2025,6,135.0,2025-02-03,MGNREGA (historical),128.0,137.0,128.0,5.46875,-1.4598540145985401,5.46875,1,132.0,4.690415759823431,121.25,13.274572901388796,114.91666666666667,14.92684179793584,114.91666666666667,14.92684179793584,1.345450940339607,1.1747643219724437,135.0,,135.0,0.0,1.0,26.90901880679214,3.979266431717231,17.737117856762175,False,21.40625,31.845540246555473,23.4,LOW,🟢,Continue routine monitoring. No administrative action required at this time.,Demand increased 5% in the latest week · Current demand is 17% above its historical baseline
Tamil Nadu,Salem,Yercaud,Kumarapuram Gp,Kumarapuram,Tamil Nadu|Salem|Yercaud|Kumarapuram,2025,7,142.0,2025-02-10,MGNREGA (historical),135.0,128.0,135.0,5.185185185185185,10.9375,5.185185185185185,2,133.75,3.947573094109003,126.0,9.665845613735588,118.5,14.061552998416326,118.5,14.061552998416326,1.6712236552140913,1.1983122362869199,151.0,,151.0,-5.960264900662252,1.0,33.42447310428183,11.258747167387737,24.55818272952419,False,20.555555555555557,34.789029535864984,26.0,LOW,🟢,Continue routine monitoring. No administrative action required at this time.,Demand increased 5% in the latest week · Current demand is 20% above its historical baseline · Current demand is 1.7 standard deviations above baseline
Tamil Nadu,Salem,Yercaud,Kumarapuram Gp,Kumarapuram,Tamil Nadu|Salem|Yercaud|Kumarapuram,2025,8,149.0,2025-02-17,MGNREGA (historical),142.0,135.0,137.0,4.929577464788732,10.37037037037037,8.75912408759124,3,135.5,5.802298395176401,129.375,9.984809891601776,122.25,13.804643487543611,122.25,13.804643487543611,1.9377537727893817,1.2188139059304703,148.0,,148.0,0.6756756756756757,1.0,38.75507545578763,18.31129092305448,30.57756164269437,False,19.718309859154928,36.56782549420586,28.0,LOW,🟢,Continue routine monitoring. No administrative action required at this time.,Current demand is 22% above its historical baseline · Current demand is 1.9 standard deviations above baseline · Momentum has increased for 3 consecutive weeks
Tamil Nadu,Salem,Yercaud,Kumarapuram Gp,Kumarapuram,Tamil Nadu|Salem|Yercaud|Kumarapuram,2025,9,141.0,2025-02-24,MGNREGA (historical),149.0,142.0,128.0,-5.369127516778524,-0.7042253521126761,10.15625,0,138.5,9.036961141150638,133.625,10.225144078621659,125.41666666666667,15.270043956198714,125.41666666666667,15.270043956198714,1.0205165995614203,1.1242524916943522,141.0,,141.0,0.0,1.0,20.410331991228407,5.0871819173035915,14.28107196165848,False,0.0,25.53156146179402,11.9,LOW,🟢,Continue routine monitoring. No administrative action required at this time.,Current demand is 12% above its historical baseline
Tamil Nadu,Salem,Yercaud,Kumarapuram Gp,Kumarapuram,Tamil Nadu|Salem|Yercaud|Kumarapuram,2025,10,145.0,2025-03-03,MGNREGA (historical),141.0,149.0,135.0,2.8368794326241136,-2.684563758389262,7.4074074074074066,1,141.75,5.737304826019501,136.875,7.12014245443367,128.08333333333334,14.932930865788633,128.08333333333334,14.932930865788633,1.1328430311977649,1.1320754716981132,150.0,,150.0,-3.3333333333333335,1.0,22.656860623955296,2.4108807984515668,14.558468693753804,False,11.347517730496454,26.50943396226415,16.9,LOW,🟢,Continue routine monitoring. No administrative action required at this time.,Current demand is 13% above its historical baseline
Tamil Nadu,Salem,Yercaud,Kumarapuram Gp,Kumarapuram,Tamil Nadu|Salem|Yercaud|Kumarapuram,2025,11,140.0,2025-03-10,MGNREGA (historical),145.0,141.0,142.0,-3.4482758620689653,-0.7092198581560284,-1.4084507042253522,0,144.25,3.5939764421413014,139.0,6.6116779802320895,132.08333333333334,11.988315017953763,132.08333333333334,11.988315017953763,0.6603652518982539,1.05993690851735,145.0,,145.0,-3.4482758620689653,1.0,13.207305037965078,2.3697620996280566,8.87228786263027,False,0.0,17.492113564668752,7.9,LOW,🟢,Continue routine monitoring. No administrative action required at this time.,No significant deviation from normal demand patterns detected
Tamil Nadu,Salem,Yercaud,Kumarapuram Gp,Kumarapuram,Tamil Nadu|Salem|Yercaud|Kumarapuram,2025,12,141.0,2025-03-17,MGNREGA (historical),140.0,145.0,149.0,0.7142857142857143,-2.7586206896551726,-5.369127516778524,1,143.75,4.112987559751019,139.625,6.412877669190342,134.16666666666666,10.86975230405523,134.16666666666666,10.86975230405523,0.6286558462591644,1.0509316770186337,146.0,,146.0,-3.4246575342465753,1.0,12.573116925183287,3.5729043934738933,8.973031912499529,False,2.857142857142857,16.36645962732921,8.7,LOW,🟢,Continue routine monitoring. No administrative action required at this time.,No significant deviation from normal demand patterns detected
Tamil Nadu,Salem,Yercaud,Kumarapuram Gp,Kumarapuram,Tamil Nadu|Salem|Yercaud|Kumarapuram,2025,13,156.0,2025-03-24,MGNREGA (historical),141.0,140.0,141.0,10.638297872340425,11.428571428571429,10.638297872340425,2,141.75,2.2173557826083408,140.125,6.334429729659976,136.33333333333334,9.158536339327739,136.33333333333334,9.158536339327739,2.147359134473909,1.1442542787286063,152.0,,152.0,2.631578947368421,1.0,42.94718268947818,11.804586168138238,30.490144080942205,False,36.27659574468085,28.03178484107579,32.1,LOW,🟢,Continue routine monitoring. No administrative action required at this time.,Demand increased 11% in the latest week · Current demand is 14% above its historical baseline · Current demand is 2.1 standard deviations above baseline
Tamil Nadu,Salem,Yercaud,Kumarapuram Gp,Kumarapuram,Tamil Nadu|Salem|Yercaud|Kumarapuram,2025,14,160.0,2025-03-31,MGNREGA (historical),156.0,141.0,145.0,2.564102564102564,13.47517730496454,10.344827586206897,3,145.5,7.325753658611969,143.625,6.41287766919034,139.75,8.058028181994464,139.75,8.058028181994464,2.513021739642001,1.144901610017889,136.0,,136.0,17.647058823529413,1.0,50.26043479284002,22.360658889945476,39.1005244316822,False,10.256410256410255,28.112701252236135,24.3,LOW,🟢,Continue routine monitoring. No administrative action required at this time.,Current demand is 14% above its historical baseline · Current demand is 2.5 standard deviations above baseline · Momentum has increased for 3 consecutive weeks
Tamil Nadu,Salem,Yercaud,Kumarapuram Gp,Kumarapuram,Tamil Nadu|Salem|Yercaud|Kumarapuram,2025,15,149.0,2025-04-07,MGNREGA (historical),160.0,156.0,140.0,-6.875000000000001,-4.487179487179487,6.428571428571428,0,149.25,10.242883708539637,146.75,7.592289321598412,142.41666666666666,9.049945588317867,142.41666666666666,9.049945588317867,0.727444520973855,1.0462258630778234,137.0,,137.0,8.75912408759124,1.0,14.5488904194771,3.2068724124144152,10.012083216652025,False,0.0,15.778232884727926,7.7,LOW,🟢,Continue routine monitoring. No administrative action required at this time.,No significant deviation from normal demand patterns detected
Tamil Nadu,Salem,Yercaud,Kumarapuram Gp,Kumarapuram,Tamil Nadu|Salem|Yercaud|Kumarapuram,2025,16,156.0,2025-04-14,MGNREGA (historical),149.0,160.0,141.0,4.697986577181208,-2.5,10.638297872340425,1,151.5,8.34665601703261,147.625,7.366672053434799,143.58333333333334,8.908201872772048,143.58333333333334,8.908201872772048,1.393846574651417,1.0864770748694137,145.0,,145.0,7.586206896551724,1.0,27.87693149302834,3.1113414366107315,17.970695470461298,False,18.79194630872483,20.809634358676714,19.2,LOW,🟢,Continue routine monitoring. No administrative action required at this time.,No significant deviation from normal demand patterns detected
Tamil Nadu,Salem,Yercaud,Kumarapuram Gp,Kumarapuram,Tamil Nadu|Salem|Yercaud|Kumarapuram,2025,17,151.0,2025-04-21,MGNREGA (historical),156.0,149.0,156.0,-3.205128205128205,1.342281879194631,-3.205128205128205,0,155.25,4.573474244670748,148.5,7.946247991527655,145.16666666666666,9.311120754075125,145.16666666666666,9.311120754075125,0.626490997958577,1.0401836969001148,141.0,,141.0,7.092198581560284,1.0,12.52981995917154,2.57014389943771,8.545949535278007,False,0.0,15.022962112514353,7.1,LOW,🟢,Continue routine monitoring. No administrative action required at this time.,No significant deviation from normal demand patterns detected
Tamil Nadu,Salem,Yercaud,Kumarapuram Gp,Kumarapuram,Tamil Nadu|Salem|Yercaud|Kumarapuram,2025,18,142.0,2025-04-28,MGNREGA (historical),151.0,156.0,160.0,-5.960264900662252,-8.974358974358974,-11.25,0,154.0,4.96655480858378,149.75,7.363035088486666,147.08333333333334,7.680652592223071,147.08333333333334,7.680652592223071,-0.6618361229461668,0.9654390934844193,149.0,,149.0,-4.697986577181208,1.0,0.0,1.4296175288166653,0.5718470115266662,False,0.0,9.654390934844193,3.1,LOW,🟢,Continue routine monitoring. No administrative action required at this time.,No significant deviation from normal demand patterns detected
Tamil Nadu,Salem,Yercaud,Kumarapuram Gp,Kumarapuram,Tamil Nadu|Salem|Yercaud|Kumarapuram,2025,19,147.0,2025-05-05,MGNREGA (historical),142.0,151.0,149.0,3.5211267605633805,-2.6490066225165565,-1.342281879194631,1,149.5,5.802298395176403,149.375,7.707834604200742,147.66666666666666,6.9062992765278,147.66666666666666,6.9062992765278,-0.09653023131106322,0.9954853273137698,138.0,,138.0,6.521739130434782,1.0,0.0,1.0524737151580923,0.42098948606323694,False,14.084507042253522,9.954853273137697,8.7,LOW,🟢,Continue routine monitoring. No administrative action required at this time.,No significant deviation from normal demand patterns detected
Tamil Nadu,Salem,Yercaud,Kumarapuram Gp,Kumarapuram,Tamil Nadu|Salem|Yercaud|Kumarapuram,2025,20,154.0,2025-05-12,MGNREGA (historical),147.0,142.0,156.0,4.761904761904762,8.450704225352112,-1.282051282051282,2,149.0,5.944184833375669,150.25,6.840008354213787,148.08333333333334,6.680478117529208,148.08333333333334,6.680478117529208,0.8856651518910973,1.0399549803038828,132.0,,132.0,16.666666666666664,1.0,17.713303037821944,9.502146004208463,14.428840224376552,False,19.047619047619047,14.994372537985349,16.4,LOW,🟢,Continue routine monitoring. No administrative action required at this time.,No significant deviation from normal demand patterns detected
Tamil Nadu,Salem,Yercaud,Kumarapuram Gp,Kumarapuram,Tamil Nadu|Salem|Yercaud|Kumarapuram,2025,21,140.0,2025-05-19,MGNREGA (historical),154.0,147.0,151.0,-9.090909090909092,-4.761904761904762,-7.28476821192053,0,148.5,5.196152422706631,151.875,5.792544469278724,148.5,6.895321206836794,148.5,6.895321206836794,-1.2327199480674154,0.9427609427609428,150.0,,150.0,-6.666666666666667,1.0,0.0,1.8748295936546855,0.7499318374618742,False,0.0,9.427609427609427,3.1,LOW,🟢,Continue routine monitoring. No administrative action required at this time.,No significant deviation from normal demand patterns detected
Tamil Nadu,Salem,Yercaud,Kumarapuram Gp,Kumarapuram,Tamil Nadu|Salem|Yercaud|Kumarapuram,2025,22,148.0,2025-05-26,MGNREGA (historical),140.0,154.0,142.0,5.714285714285714,-3.896103896103896,4.225352112676056,1,145.75,6.238322424070964,149.875,6.833478511814364,148.41666666666666,6.9994588535416735,148.41666666666666,6.9994588535416735,-0.05952841146509876,0.9971925884334644,135.0,,135.0,9.62962962962963,1.0,0.0,0.6980179876134166,0.2792071950453667,False,22.142857142857142,9.971925884334643,11.9,LOW,🟢,Continue routine monitoring. No administrative action required at this time.,Demand increased 6% in the latest week
Tamil Nadu,Salem,Yercaud,Kumarapuram Gp,Kumarapuram,Tamil Nadu|Salem|Yercaud|Kumarapuram,2025,23,115.0,2025-06-02,MGNREGA (historical),148.0,140.0,147.0,-22.2972972972973,-17.857142857142858,-21.768707482993197,0,147.25,5.737304826019499,148.375,5.475595205741831,148.66666666666666,6.919449969382432,148.66666666666666,6.919449969382432,-4.865511972141832,0.773542600896861,134.0,,134.0,-14.17910447761194,1.0,0.0,43.418359106856514,17.367343642742608,False,0.0,7.73542600896861,7.5,LOW,🟢,Continue routine monitoring. No administrative action required at this time.,No significant deviation from normal demand patterns detected
Tamil Nadu,Salem,Yercaud,Kumarapuram Gp,Kumarapuram,Tamil Nadu|Salem|Yercaud|Kumarapuram,2025,24,137.0,2025-06-09,MGNREGA (historical),115.0,148.0,154.0,19.130434782608695,-7.4324324324324325,-11.03896103896104,1,139.25,17.153716798408446,144.125,12.977315372823236,146.58333333333334,11.8049167979304,146.58333333333334,11.8049167979304,-0.8118086300289268,0.9346219442865263,120.0,,120.0,14.166666666666666,1.0,0.0,11.76984794533419,4.707939178133676,False,53.26086956521739,9.346219442865264,25.5,LOW,🟢,Continue routine monitoring. No administrative action required at this time.,Demand increased 19% in the latest week
Tamil Nadu,Salem,Yercaud,Kumarapuram Gp,Kumarapuram,Tamil Nadu|Salem|Yercaud|Kumarapuram,2025,25,128.0,2025-06-16,MGNREGA (historical),137.0,115.0,140.0,-6.569343065693431,11.304347826086957,-8.571428571428571,0,135.0,14.118545723031582,141.75,12.209481093454732,146.25,12.031209415515912,146.25,12.031209415515912,-1.5168882337351801,0.8752136752136752,123.0,,123.0,4.0650406504065035,1.0,0.0,0.47912559884221945,0.19165023953688778,False,0.0,8.752136752136753,2.7,LOW,🟢,Continue routine monitoring. No administrative action required at this time.,No significant deviation from normal demand patterns detected
Tamil Nadu,Salem,Yercaud,Kumarapuram Gp,Kumarapuram,Tamil Nadu|Salem|Yercaud|Kumarapuram,2025,26,121.0,2025-06-23,MGNREGA (historical),128.0,137.0,148.0,-5.46875,-11.678832116788321,-18.243243243243242,0,132.0,13.97617019549109,138.875,12.426210777454012,143.91666666666666,12.666766347295134,143.91666666666666,12.666766347295134,-1.8091962888034396,0.8407643312101911,124.0,,124.0,-2.4193548387096775,1.0,0.0,5.063078725164132,2.025231490065653,False,0.0,8.40764331210191,3.1,LOW,🟢,Continue routine monitoring. No administrative action required at this time.,No significant deviation from normal demand patterns detected
Tamil Nadu,Salem,Yercaud,Kumarapuram Gp,Kumarapuram,Tamil Nadu|Salem|Yercaud|Kumarapuram,2025,27,121.0,2025-06-30,MGNREGA (historical),121.0,128.0,115.0,0.0,-5.46875,5.217391304347826,0,125.25,9.464847243000465,136.25,13.812520200373074,140.66666666666666,13.158704919235557,140.66666666666666,13.158704919235557,-1.494574639934184,0.8601895734597157,112.0,,112.0,8.035714285714286,1.0,0.0,7.938471423743569,3.1753885694974278,False,0.0,8.601895734597157,3.5,LOW,🟢,Continue routine monitoring. No administrative action required at this time.,No significant deviation from normal demand patterns detected
Tamil Nadu,Salem,Yercaud,Kumarapuram Gp,Kumarapuram,Tamil Nadu|Salem|Yercaud|Kumarapuram,2025,28,102.0,2025-07-07,MGNREGA (historical),121.0,121.0,137.0,-15.702479338842975,-15.702479338842975,-25.547445255474454,0,126.75,7.588368291888152,133.0,13.97957694025722,138.33333333333334,14.002164334866418,138.33333333333334,14.002164334866418,-2.594836945518535,0.7373493975903614,119.0,,119.0,-14.285714285714285,1.0,0.0,21.907363515189147,8.762945406075659,False,0.0,7.373493975903615,4.8,LOW,🟢,Continue routine monitoring. No administrative action required at this time.,No significant deviation from normal demand patterns detected
Tamil Nadu,Salem,Yercaud,Kumarapuram Gp,Kumarapuram,Tamil Nadu|Salem|Yercaud|Kumarapuram,2025,29,111.0,2025-07-14,MGNREGA (historical),102.0,121.0,128.0,8.823529411764707,-8.264462809917356,-13.28125,1,118.0,11.165422816296157,126.5,14.880476182856897,133.83333333333334,16.297424968566663,133.83333333333334,16.297424968566663,-1.401039328444382,0.8293897882938979,108.0,,108.0,2.7777777777777777,1.0,0.0,11.880152187441864,4.7520608749767455,False,31.47058823529412,8.293897882938978,16.5,LOW,🟢,Continue routine monitoring. No administrative action required at this time.,Demand increased 9% in the latest week
Tamil Nadu,Salem,Yercaud,Kumarapuram Gp,Kumarapuram,Tamil Nadu|Salem|Yercaud|Kumarapuram,2025,30,112.0,2025-07-21,MGNREGA (historical),111.0,102.0,121.0,0.9009009009009009,9.803921568627452,-7.43801652892562,2,113.75,9.142392101268326,122.875,14.652522942190826,130.5,16.55569113902856,130.5,16.55569113902856,-1.117440513032277,0.8582375478927203,107.0,,107.0,4.672897196261682,1.0,0.0,17.483057945955586,6.993223178382235,False,3.6036036036036037,8.582375478927203,6.1,LOW,🟢,Continue routine monitoring. No administrative action required at this time.,No significant deviation from normal demand patterns detected
Tamil Nadu,Salem,Yercaud,Kumarapuram Gp,Kumarapuram,Tamil Nadu|Salem|Yercaud|Kumarapuram,2025,31,117.0,2025-07-28,MGNREGA (historical),112.0,111.0,121.0,4.464285714285714,5.405405405405405,-3.3057851239669422,3,111.5,7.767453465154039,118.375,10.875102626773558,128.0,16.922282244532983,128.0,16.922282244532983,-0.6500305243138069,0.9140625,102.0,,102.0,14.705882352941178,1.0,0.0,28.21597259003383,11.286389036013531,False,17.857142857142858,9.140625,13.3,LOW,🟢,Continue routine monitoring. No administrative action required at this time.,Momentum has increased for 3 consecutive weeks
Tamil Nadu,Salem,Yercaud,Kumarapuram Gp,Kumarapuram,Tamil Nadu|Salem|Yercaud|Kumarapuram,2025,32,99.0,2025-08-04,MGNREGA (historical),117.0,112.0,102.0,-15.384615384615385,-11.607142857142858,-2.941176470588235,0,110.5,6.24499799839841,118.625,10.809222252978506,125.5,16.053886530285205,125.5,16.053886530285205,-1.6506906256007539,0.7888446215139442,116.0,,116.0,-14.655172413793101,1.0,0.0,11.397209051637889,4.5588836206551555,False,0.0,7.888446215139442,3.7,LOW,🟢,Continue routine monitoring. No administrative action required at this time.,No significant deviation from normal demand patterns detected
Tamil Nadu,Salem,Yercaud,Kumarapuram Gp,Kumarapuram,Tamil Nadu|Salem|Yercaud|Kumarapuram,2025,33,94.0,2025-08-11,MGNREGA (historical),99.0,117.0,111.0,-5.05050505050505,-19.65811965811966,-15.315315315315313,0,109.75,7.632168761236883,113.875,9.891374308673477,120.91666666666667,14.993685539606542,120.91666666666667,14.993685539606542,-1.7952001591313225,0.777394900068918,100.0,,100.0,-6.0,1.0,0.0,6.30811711598408,2.5232468463936324,False,0.0,7.77394900068918,3.1,LOW,🟢,Continue routine monitoring. No administrative action required at this time.,No significant deviation from normal demand patterns detected
Tamil Nadu,Salem,Yercaud,Kumarapuram Gp,Kumarapuram,Tamil Nadu|Salem|Yercaud|Kumarapuram,2025,34,94.0,2025-08-18,MGNREGA (historical),94.0,99.0,112.0,0.0,-5.05050505050505,-16.071428571428573,0,105.5,10.785793124908963,109.625,10.25304832720494,117.08333333333333,15.54148895015787,117.08333333333333,15.54148895015787,-1.4852716755365225,0.802846975088968,90.0,,90.0,4.444444444444445,1.0,0.0,7.502214615527306,3.0008858462109225,False,0.0,8.02846975088968,3.3,LOW,🟢,Continue routine monitoring. No administrative action required at this time.,No significant deviation from normal demand patterns detected
Tamil Nadu,Salem,Yercaud,Kumarapuram Gp,Kumarapuram,Tamil Nadu|Salem|Yercaud|Kumarapuram,2025,35,102.0,2025-08-25,MGNREGA (historical),94.0,94.0,117.0,8.51063829787234,8.51063829787234,-12.82051282051282,1,101.0,10.92397973878263,106.25,10.41633332799983,112.58333333333333,13.453342493314622,112.58333333333333,13.453342493314622,-0.7866694346473756,0.9059955588452998,101.0,,101.0,0.9900990099009901,1.0,0.0,5.3792517134636695,2.151700685385468,False,30.53191489361702,9.059955588452999,15.6,LOW,🟢,Continue routine monitoring. No administrative action required at this time.,Demand increased 9% in the latest week
Tamil Nadu,Salem,Yercaud,Kumarapuram Gp,Kumarapuram,Tamil Nadu|Salem|Yercaud|Kumarapuram,2025,36,96.0,2025-09-01,MGNREGA (historical),102.0,94.0,99.0,-5.88235294117647,2.127659574468085,-3.0303030303030303,0,97.25,3.947573094109018,103.875,8.57633787980461,111.5,13.760946056272333,111.5,13.760946056272333,-1.1263760454125895,0.8609865470852018,85.0,,85.0,12.941176470588237,1.0,0.0,3.021904524493381,1.2087618097973525,False,0.0,8.609865470852018,2.9,LOW,🟢,Continue routine monitoring. No administrative action required at this time.,No significant deviation from normal demand patterns detected
Tamil Nadu,Salem,Yercaud,Kumarapuram Gp,Kumarapuram,Tamil Nadu|Salem|Yercaud|Kumarapuram,2025,37,88.0,2025-09-08,MGNREGA (historical),96.0,102.0,94.0,-8.333333333333332,-13.725490196078432,-6.382978723404255,0,96.5,3.785938897200198,103.125,9.014868670305582,108.08333333333333,11.804916797930494,108.08333333333333,11.804916797930494,-1.7012685203214744,0.8141865844255975,81.0,,81.0,8.641975308641975,1.0,0.0,4.43239053707333,1.7729562148293319,False,0.0,8.141865844255975,3.0,LOW,🟢,Continue routine monitoring. No administrative action required at this time.,No significant deviation from normal demand patterns detected
Tamil Nadu,Salem,Yercaud,Kumarapuram Gp,Kumarapuram,Tamil Nadu|Salem|Yercaud|Kumarapuram,2025,38,95.0,2025-09-15,MGNREGA (historical),88.0,96.0,94.0,7.954545454545454,-1.0416666666666665,1.0638297872340425,1,95.0,5.773502691896267,100.25,9.779716618739888,104.75,11.306675421666188,104.75,11.306675421666188,-0.8623224454924,0.9069212410501193,77.0,,77.0,23.376623376623375,1.0,0.0,3.823407253325236,1.5293629013300944,False,28.863636363636363,9.069212410501192,14.7,LOW,🟢,Continue routine monitoring. No administrative action required at this time.,Demand increased 8% in the latest week
Tamil Nadu,Salem,Yercaud,Kumarapuram Gp,Kumarapuram,Tamil Nadu|Salem|Yercaud|Kumarapuram,2025,39,96.0,2025-09-22,MGNREGA (historical),95.0,88.0,102.0,1.0526315789473684,9.090909090909092,-5.88235294117647,2,95.25,5.737304826019511,98.125,8.6427095619041,102.58333333333333,10.361276977576747,102.58333333333333,10.361276977576747,-0.635378568450644,0.9358245329000813,81.0,,81.0,18.51851851851852,1.0,0.0,12.48365097651599,4.993460390606397,False,4.2105263157894735,9.358245329000813,6.0,LOW,🟢,Continue routine monitoring. No administrative action required at this time.,No significant deviation from normal demand patterns detected
Tamil Nadu,Salem,Yercaud,Kumarapuram Gp,Kumarapuram,Tamil Nadu|Salem|Yercaud|Kumarapuram,2025,40,97.0,2025-09-29,MGNREGA (historical),96.0,95.0,96.0,1.0416666666666665,2.1052631578947367,1.0416666666666665,3,93.75,3.8622100754188367,95.5,4.07080195679286,100.5,8.70214184711294,100.5,8.70214184711294,-0.4021998332699179,0.9651741293532339,91.0,,91.0,6.593406593406594,1.0,0.0,23.524418980262457,9.409767592104982,False,4.166666666666666,9.65174129353234,7.4,LOW,🟢,Continue routine monitoring. No administrative action required at this time.,Momentum has increased for 3 consecutive weeks
Tamil Nadu,Salem,Yercaud,Kumarapuram Gp,Kumarapuram,Tamil Nadu|Salem|Yercaud|Kumarapuram,2025,41,85.0,2025-10-06,MGNREGA (historical),97.0,96.0,88.0,-12.371134020618557,-11.458333333333332,-3.4090909090909087,0,94.0,4.082482904638644,95.25,3.8821937833431988,100.08333333333333,8.743395776068429,100.08333333333333,8.743395776068429,-1.7251115836043884,0.8492922564529559,96.0,,96.0,-11.458333333333332,1.0,0.0,6.0125882369084565,2.405035294763383,False,0.0,8.49292256452956,3.3,LOW,🟢,Continue routine monitoring. No administrative action required at this time.,No significant deviation from normal demand patterns detected
Tamil Nadu,Salem,Yercaud,Kumarapuram Gp,Kumarapuram,Tamil Nadu|Salem|Yercaud|Kumarapuram,2025,42,89.0,2025-10-13,MGNREGA (historical),85.0,97.0,95.0,4.705882352941177,-8.24742268041237,-6.315789473684211,1,93.25,5.560275772537436,94.125,5.330170192940774,97.91666666666667,9.009674934438213,97.91666666666667,9.009674934438213,-0.9896768453414417,0.908936170212766,92.0,,92.0,-3.260869565217391,1.0,0.0,2.660505550675479,1.0642022202701917,False,18.823529411764707,9.08936170212766,10.6,LOW,🟢,Continue routine monitoring. No administrative action required at this time.,No significant deviation from normal demand patterns detected
Tamil Nadu,Salem,Yercaud,Kumarapuram Gp,Kumarapuram,Tamil Nadu|Salem|Yercaud|Kumarapuram,2025,43,89.0,2025-10-20,MGNREGA (historical),89.0,85.0,96.0,0.0,4.705882352941177,-7.291666666666667,0,91.75,5.737304826019511,93.5,5.631543812693436,96.0,8.146387933534612,96.0,8.146387933534612,-0.8592765354549953,0.9270833333333334,91.0,,91.0,-2.197802197802198,1.0,0.0,1.192609674382729,0.47704386975309165,False,0.0,9.270833333333334,2.9,LOW,🟢,Continue routine monitoring. No administrative action required at this time.,No significant deviation from normal demand patterns detected
Tamil Nadu,Salem,Yercaud,Kumarapuram Gp,Kumarapuram,Tamil Nadu|Salem|Yercaud|Kumarapuram,2025,44,93.0,2025-10-27,MGNREGA (historical),89.0,89.0,97.0,4.49438202247191,4.49438202247191,-4.123711340206185,1,90.0,5.033222956847177,91.875,4.61170870099762,93.66666666666667,4.97874269147151,93.66666666666667,4.97874269147151,-0.13390261517403954,0.99288256227758,91.0,,91.0,2.197802197802198,1.0,0.0,1.6255893827000163,0.6502357530800066,False,17.97752808988764,9.9288256227758,10.4,LOW,🟢,Continue routine monitoring. No administrative action required at this time.,No significant deviation from normal demand patterns detected
Tamil Nadu,Salem,Yercaud,Kumarapuram Gp,Kumarapuram,Tamil Nadu|Salem|Yercaud|Kumarapuram,2025,45,97.0,2025-11-03,MGNREGA (historical),93.0,89.0,85.0,4.301075268817205,8.98876404494382,14.117647058823529,2,89.0,3.265986323710921,91.5,4.342481186734477,93.16666666666667,4.6871843328057,93.16666666666667,4.6871843328057,0.8178328525515307,1.0411449016100178,85.0,,85.0,14.117647058823529,1.0,16.356657051030616,9.862831862402771,13.759126975579479,False,17.20430107526882,15.143112701252228,15.6,LOW,🟢,Continue routine monitoring. No administrative action required at this time.,No significant deviation from normal demand patterns detected
Tamil Nadu,Salem,Yercaud,Kumarapuram Gp,Kumarapuram,Tamil Nadu|Salem|Yercaud|Kumarapuram,2025,46,99.0,2025-11-10,MGNREGA (historical),97.0,93.0,89.0,2.0618556701030926,6.451612903225806,11.235955056179774,3,92.0,3.8297084310253684,92.625,4.470139019889971,93.41666666666667,4.813963276162858,93.41666666666667,4.813963276162858,1.1598205081829631,1.0597680642283676,92.0,,92.0,7.608695652173914,1.0,23.196410163659262,19.072773447802156,21.54695547731642,False,8.24742268041237,17.471008028545945,15.0,LOW,🟢,Continue routine monitoring. No administrative action required at this time.,Momentum has increased for 3 consecutive weeks
Tamil Nadu,Salem,Yercaud,Kumarapuram Gp,Kumarapuram,Tamil Nadu|Salem|Yercaud|Kumarapuram,2025,47,100.0,2025-11-17,MGNREGA (historical),99.0,97.0,89.0,1.0101010101010102,3.0927835051546393,12.359550561797752,4,94.5,4.434711565216704,93.125,4.969550137731642,93.83333333333333,5.078176718851064,93.83333333333333,5.078176718851064,1.2143466066816748,1.0657193605683837,97.0,,97.0,3.0927835051546393,1.0,24.286932133633496,31.539853357974906,27.18810062337006,False,4.040404040404041,18.214920071047963,15.2,LOW,🟢,Continue routine monitoring. No administrative action required at this time.,Momentum has increased for 4 consecutive weeks
Tamil Nadu,Salem,Yercaud,Kumarapuram Gp,Kumarapuram,Tamil Nadu|Salem|Yercaud|Kumarapuram,2025,48,101.0,2025-11-24,MGNREGA (historical),100.0,99.0,93.0,1.0,2.0202020202020203,8.60215053763441,5,97.25,3.0956959368344736,93.625,5.4755952057418265,93.66666666666667,4.811602139778116,93.66666666666667,4.811602139778116,1.5240938715002528,1.0782918149466192,111.0,,111.0,-9.00900900900901,1.0,30.481877430005056,42.103186632812964,35.13040111112822,False,4.0,19.7864768683274,18.1,LOW,🟢,Continue routine monitoring. No administrative action required at this time.,Current demand is 1.5 standard deviations above baseline · Momentum has increased for 5 consecutive weeks
Tamil Nadu,Salem,Yercaud,Kumarapuram Gp,Kumarapuram,Tamil Nadu|Salem|Yercaud|Kumarapuram,2025,49,96.0,2025-12-01,MGNREGA (historical),101.0,100.0,97.0,-4.9504950495049505,-4.0,-1.0309278350515463,0,99.25,1.7078251276599703,94.125,5.986592162013856,94.08333333333333,5.2303021524633495,94.08333333333333,5.2303021524633495,0.3664542909368948,1.0203720106288752,109.0,,109.0,-11.926605504587156,1.0,7.329085818737896,1.3559962203370588,4.939849979377561,False,0.0,12.546501328609397,5.2,LOW,🟢,Continue routine monitoring. No administrative action required at this time.,No significant deviation from normal demand patterns detected
Tamil Nadu,Salem,Yercaud,Kumarapuram Gp,Kumarapuram,Tamil Nadu|Salem|Yercaud|Kumarapuram,2025,50,106.0,2025-12-08,MGNREGA (historical),96.0,101.0,99.0,10.416666666666668,4.9504950495049505,7.07070707070707,1,99.0,2.160246899469316,95.5,4.72077475481666,94.75,4.882715339942639,94.75,4.882715339942639,2.304045846779215,1.1187335092348285,97.0,,97.0,9.278350515463918,1.0,46.080916935584305,8.566785560362794,31.0752643854957,False,35.833333333333336,24.841688654353568,31.1,LOW,🟢,Continue routine monitoring. No administrative action required at this time.,Demand increased 10% in the latest week · Current demand is 12% above its historical baseline · Current demand is 2.3 standard deviations above baseline
Tamil Nadu,Salem,Yercaud,Kumarapuram Gp,Kumarapuram,Tamil Nadu|Salem|Yercaud|Kumarapuram,2025,51,110.0,2025-12-15,MGNREGA (historical),106.0,96.0,100.0,3.7735849056603774,14.583333333333334,10.0,2,100.75,4.112987559751038,97.625,5.180664601601393,95.66666666666667,5.867217604984868,95.66666666666667,5.867217604984868,2.442952400666976,1.1498257839721253,115.0,,115.0,-4.3478260869565215,1.0,48.859048013339525,13.402045755363643,34.67624711014917,False,15.09433962264151,28.72822299651567,25.1,LOW,🟢,Continue routine monitoring. No administrative action required at this time.,Current demand is 15% above its historical baseline · Current demand is 2.4 standard deviations above baseline
Tamil Nadu,Salem,Yercaud,Kumarapuram Gp,Kumarapuram,Tamil Nadu|Salem|Yercaud|Kumarapuram,2025,52,111.0,2025-12-22,MGNREGA (historical),110.0,106.0,101.0,0.9090909090909091,4.716981132075472,9.900990099009901,3,103.25,6.075908711186072,100.25,5.496752287877426,96.83333333333333,7.183735839106447,96.83333333333333,7.183735839106447,1.9720472723324414,1.1462994836488813,115.0,,115.0,-3.4782608695652173,1.0,39.440945446648826,18.381347789697745,31.017106383868395,False,3.6363636363636362,28.287435456110174,19.2,LOW,🟢,Continue routine monitoring. No administrative action required at this time.,Current demand is 15% above its historical baseline · Current demand is 2.0 standard deviations above baseline · Momentum has increased for 3 consecutive weeks
Tamil Nadu,Salem,Yercaud,Nallur Gp,Nallur,Tamil Nadu|Salem|Yercaud|Nallur,2024,1,89.0,2024-01-01,MGNREGA (historical),,,,,,,0,,,,,,,,,0.0,1.0,,,,,1.0,0.0,0.0,0.0,False,0.0,10.0,3.0,LOW,🟢,Continue routine monitoring. No administrative action required at this time.,No significant deviation from normal demand patterns detected
Tamil Nadu,Salem,Yercaud,Nallur Gp,Nallur,Tamil Nadu|Salem|Yercaud|Nallur,2024,2,95.0,2024-01-08,MGNREGA (historical),89.0,,,6.741573033707865,,,1,,,,,,,,,0.0,1.0,,,,,1.0,0.0,0.0,0.0,False,25.224719101123593,10.0,13.1,LOW,🟢,Continue routine monitoring. No administrative action required at this time.,Demand increased 7% in the latest week
Tamil Nadu,Salem,Yercaud,Nallur Gp,Nallur,Tamil Nadu|Salem|Yercaud|Nallur,2024,3,106.0,2024-01-15,MGNREGA (historical),95.0,89.0,,11.578947368421053,19.101123595505616,,2,,,,,,,,,0.0,1.0,,,,,1.0,0.0,0.0,0.0,False,38.15789473684211,10.0,18.3,LOW,🟢,Continue routine monitoring. No administrative action required at this time.,Demand increased 12% in the latest week
Tamil Nadu,Salem,Yercaud,Nallur Gp,Nallur,Tamil Nadu|Salem|Yercaud|Nallur,2024,4,99.0,2024-01-22,MGNREGA (historical),106.0,95.0,,-6.60377358490566,4.2105263157894735,,0,96.66666666666667,8.621678104251707,,,,,96.66666666666667,8.621678104251707,0.2706356355594702,1.0241379310344827,,,,,1.0,5.412712711189403,0.0,3.247627626713642,False,0.0,13.017241379310338,4.9,LOW,🟢,Continue routine monitoring. No administrative action required at this time.,No significant deviation from normal demand patterns detected
Tamil Nadu,Salem,Yercaud,Nallur Gp,Nallur,Tamil Nadu|Salem|Yercaud|Nallur,2024,5,102.0,2024-01-29,MGNREGA (historical),99.0,106.0,89.0,3.0303030303030303,-3.7735849056603774,14.606741573033707,1,97.25,7.135591542869213,97.25,7.135591542869213,,,97.25,7.135591542869213,0.6656771161105489,1.0488431876606683,,,,,1.0,13.313542322210978,2.5179718345261,8.995314127137027,False,12.121212121212121,16.10539845758354,12.4,LOW,🟢,Continue routine monitoring. No administrative action required at this time.,No significant deviation from normal demand patterns detected
Tamil Nadu,Salem,Yercaud,Nallur Gp,Nallur,Tamil Nadu|Salem|Yercaud|Nallur,2024,6,102.0,2024-02-05,MGNREGA (historical),102.0,99.0,95.0,0.0,3.0303030303030303,7.368421052631578,0,100.5,4.654746681256311,98.2,6.534523701081814,,,98.2,6.534523701081814,0.5815266993936977,1.0386965376782078,,,,,1.0,11.630533987873955,1.8687965553740735,7.725839014874003,False,0.0,14.837067209775975,6.8,LOW,🟢,Continue routine monitoring. No administrative action required at this time.,No significant deviation from normal demand patterns detected
Tamil Nadu,Salem,Yercaud,Nallur Gp,Nallur,Tamil Nadu|Salem|Yercaud|Nallur,2024,7,95.0,2024-02-12,MGNREGA (historical),102.0,102.0,106.0,-6.862745098039216,-6.862745098039216,-10.377358490566039,0,102.25,2.8722813232690108,98.83333333333333,6.047037842337903,98.83333333333333,6.047037842337903,98.83333333333333,6.047037842337903,-0.6339191904000533,0.9612141652613828,,,,,1.0,0.0,1.1183957460285932,0.44735829841143726,False,0.0,9.612141652613829,3.0,LOW,🟢,Continue routine monitoring. No administrative action required at this time.,No significant deviation from normal demand patterns detected
Tamil Nadu,Salem,Yercaud,Nallur Gp,Nallur,Tamil Nadu|Salem|Yercaud|Nallur,2024,8,107.0,2024-02-19,MGNREGA (historical),95.0,102.0,99.0,12.631578947368421,4.901960784313726,8.080808080808081,1,99.5,3.3166247903553967,98.28571428571429,5.70713838726805,98.28571428571429,5.70713838726805,98.28571428571429,5.70713838726805,1.5269098316813638,1.0886627906976742,,,,,1.0,30.53819663362728,6.3811936153764,20.87539542632693,False,40.26315789473684,21.082848837209283,28.7,LOW,🟢,Continue routine monitoring. No administrative action required at this time.,Demand increased 13% in the latest week · Current demand is 1.5 standard deviations above baseline
Tamil Nadu,Salem,Yercaud,Nallur Gp,Nallur,Tamil Nadu|Salem|Yercaud|Nallur,2024,9,109.0,2024-02-26,MGNREGA (historical),107.0,95.0,102.0,1.8691588785046727,14.736842105263156,6.862745098039216,2,101.5,4.932882862316244,99.375,6.11642986436649,99.375,6.11642986436649,99.375,6.11642986436649,1.573630404245126,1.0968553459119497,,,,,1.0,31.47260808490252,8.832516837940958,22.416571586117893,False,7.476635514018691,22.10691823899371,16.3,LOW,🟢,Continue routine monitoring. No administrative action required at this time.,Current demand is 1.6 standard deviations above baseline
Tamil Nadu,Salem,Yercaud,Nallur Gp,Nallur,Tamil Nadu|Salem|Yercaud|Nallur,2024,10,123.0,2024-03-04,MGNREGA (historical),109.0,107.0,102.0,12.844036697247708,14.953271028037381,20.588235294117645,3,103.25,6.238322424070965,101.875,5.303300858899104,100.44444444444444,6.559556218051474,100.44444444444444,6.559556218051474,3.4385795022968364,1.2245575221238938,,,,,1.0,68.77159004593672,38.64969315273811,56.722831288657275,False,40.68807339449542,37.046460176991154,44.4,MODERATE,🟡,Increase monitoring frequency. Review recent employment demand trends for this village.,Demand increased 13% in the latest week · Current demand is 22% above its historical baseline · Current demand is 3.4 standard deviations above baseline · Momentum has increased for 3 consecutive weeks
Tamil Nadu,Salem,Yercaud,Nallur Gp,Nallur,Tamil Nadu|Salem|Yercaud|Nallur,2024,11,110.0,2024-03-11,MGNREGA (historical),123.0,109.0,95.0,-10.569105691056912,0.9174311926605505,15.789473684210526,0,108.5,11.474609652039002,105.375,8.433563896716498,102.7,9.440456674452895,102.7,9.440456674452895,0.7732676767380066,1.071080817916261,,,,,1.0,15.465353534760132,11.22080544495167,13.767534298836747,False,0.0,18.885102239532625,9.8,LOW,🟢,Continue routine monitoring. No administrative action required at this time.,No significant deviation from normal demand patterns detected
Tamil Nadu,Salem,Yercaud,Nallur Gp,Nallur,Tamil Nadu|Salem|Yercaud|Nallur,2024,12,113.0,2024-03-18,MGNREGA (historical),110.0,123.0,107.0,2.727272727272727,-8.130081300813007,5.607476635514018,1,112.25,7.274384280931727,105.875,8.59297886150581,103.36363636363636,9.222502125483379,103.36363636363636,9.222502125483379,1.0448751873677198,1.0932277924362357,,,,,1.0,20.897503747354396,0.837693442594043,12.873579625450255,False,10.909090909090908,21.653474054529465,14.7,LOW,🟢,Continue routine monitoring. No administrative action required at this time.,No significant deviation from normal demand patterns detected
Tamil Nadu,Salem,Yercaud,Nallur Gp,Nallur,Tamil Nadu|Salem|Yercaud|Nallur,2024,13,112.0,2024-03-25,MGNREGA (historical),113.0,110.0,109.0,-0.8849557522123894,1.8181818181818181,2.7522935779816518,0,113.75,6.396613687465158,107.625,8.416607731995454,104.16666666666667,9.2228306967333,104.16666666666667,9.2228306967333,0.8493415515160516,1.0752,,,,,1.0,16.98683103032103,1.0874533497789263,10.62707995810419,False,0.0,19.39999999999999,9.0,LOW,🟢,Continue routine monitoring. No administrative action required at this time.,No significant deviation from normal demand patterns detected
Tamil Nadu,Salem,Yercaud,Nallur Gp,Nallur,Tamil Nadu|Salem|Yercaud|Nallur,2024,14,106.0,2024-04-01,MGNREGA (historical),112.0,113.0,123.0,-5.357142857142857,-6.1946902654867255,-13.821138211382115,0,114.5,5.802298395176399,108.875,8.20169843037752,106.08333333333333,8.106768589869642,106.08333333333333,8.106768589869642,-0.01027947602173613,0.9992144540455618,,,,,1.0,0.0,2.1271418348608377,0.8508567339443351,False,0.0,9.992144540455618,3.3,LOW,🟢,Continue routine monitoring. No administrative action required at this time.,No significant deviation from normal demand patterns detected
Tamil Nadu,Salem,Yercaud,Nallur Gp,Nallur,Tamil Nadu|Salem|Yercaud|Nallur,2024,15,119.0,2024-04-08,MGNREGA (historical),106.0,112.0,110.0,12.264150943396226,6.25,8.181818181818182,1,110.25,3.095695936834446,109.375,7.836498853806733,107.0,7.323685113135582,107.0,7.323685113135582,1.6385193812438896,1.1121495327102804,,,,,1.0,32.77038762487779,6.311611159427138,22.186877038697528,False,39.52830188679245,24.018691588785053,29.7,LOW,🟢,Continue routine monitoring. No administrative action required at this time.,Demand increased 12% in the latest week · Current demand is 11% above its historical baseline · Current demand is 1.6 standard deviations above baseline
Tamil Nadu,Salem,Yercaud,Nallur Gp,Nallur,Tamil Nadu|Salem|Yercaud|Nallur,2024,16,116.0,2024-04-15,MGNREGA (historical),119.0,106.0,113.0,-2.5210084033613445,9.433962264150944,2.6548672566371683,0,112.5,5.322906474223768,112.375,5.90248131841903,108.08333333333333,8.084309531806705,108.08333333333333,8.084309531806705,0.9792631807972637,1.0732459521973785,,,,,1.0,19.585263615945276,1.573129448670223,12.380409949035254,False,0.0,19.155744024672316,9.5,LOW,🟢,Continue routine monitoring. No administrative action required at this time.,No significant deviation from normal demand patterns detected
Tamil Nadu,Salem,Yercaud,Nallur Gp,Nallur,Tamil Nadu|Salem|Yercaud|Nallur,2024,17,115.0,2024-04-22,MGNREGA (historical),116.0,119.0,112.0,-0.8620689655172413,-3.361344537815126,2.6785714285714284,0,113.25,5.61990510002912,113.5,5.580578567035598,109.5,7.833494518006416,109.5,7.833494518006416,0.7021132123546467,1.0502283105022832,,,,,1.0,14.042264247092934,1.236670280561683,8.920026660480433,False,0.0,16.278538812785396,7.6,LOW,🟢,Continue routine monitoring. No administrative action required at this time.,No significant deviation from normal demand patterns detected
Tamil Nadu,Salem,Yercaud,Nallur Gp,Nallur,Tamil Nadu|Salem|Yercaud|Nallur,2024,18,105.0,2024-04-29,MGNREGA (historical),115.0,116.0,106.0,-8.695652173913043,-9.482758620689655,-0.9433962264150944,0,114.0,5.597618541248886,114.25,5.284748946598256,110.58333333333333,7.59734802215202,110.58333333333333,7.59734802215202,-0.734905564027564,0.9495101733232857,,,,,1.0,0.0,1.6561135495627286,0.6624454198250915,False,0.0,9.495101733232858,3.0,LOW,🟢,Continue routine monitoring. No administrative action required at this time.,No significant deviation from normal demand patterns detected
Tamil Nadu,Salem,Yercaud,Nallur Gp,Nallur,Tamil Nadu|Salem|Yercaud|Nallur,2024,19,116.0,2024-05-06,MGNREGA (historical),105.0,115.0,119.0,10.476190476190476,0.8695652173913043,-2.5210084033613445,1,113.75,6.0759087111860595,112.0,4.840306956027828,110.83333333333333,7.334022006230894,110.83333333333333,7.334022006230894,0.7044792969365425,1.0466165413533834,,,,,1.0,14.08958593873085,3.866404169130058,10.000313230890534,False,35.95238095238095,15.827067669172932,22.1,LOW,🟢,Continue routine monitoring. No administrative action required at this time.,Demand increased 10% in the latest week
Tamil Nadu,Salem,Yercaud,Nallur Gp,Nallur,Tamil Nadu|Salem|Yercaud|Nallur,2024,20,99.0,2024-05-13,MGNREGA (historical),116.0,105.0,116.0,-14.655172413793101,-5.714285714285714,-14.655172413793101,0,113.0,5.354126134736335,112.75,4.949747468305827,112.58333333333333,5.484827557301467,112.58333333333333,5.484827557301467,-2.476528786260752,0.8793486306439675,,,,,1.0,0.0,11.964073771101551,4.78562950844062,False,0.0,8.793486306439675,4.1,LOW,🟢,Continue routine monitoring. No administrative action required at this time.,No significant deviation from normal demand patterns detected
Tamil Nadu,Salem,Yercaud,Nallur Gp,Nallur,Tamil Nadu|Salem|Yercaud|Nallur,2024,21,108.0,2024-05-20,MGNREGA (historical),99.0,116.0,115.0,9.090909090909092,-6.896551724137931,-6.086956521739131,1,108.75,8.180260794538682,111.0,6.928203230275504,111.91666666666667,6.598323937779883,111.91666666666667,6.598323937779883,-0.593585083666641,0.9650037230081906,,,,,1.0,0.0,2.1610076524194652,0.8644030609677862,False,32.27272727272727,9.650037230081907,16.1,LOW,🟢,Continue routine monitoring. No administrative action required at this time.,Demand increased 9% in the latest week
Tamil Nadu,Salem,Yercaud,Nallur Gp,Nallur,Tamil Nadu|Salem|Yercaud|Nallur,2024,22,115.0,2024-05-27,MGNREGA (historical),108.0,99.0,105.0,6.481481481481481,16.161616161616163,9.523809523809524,2,107.0,7.071067811865474,110.5,6.989788470128606,111.83333333333333,6.64466064983874,111.83333333333333,6.64466064983874,0.4765731214194548,1.0283159463487332,,,,,1.0,9.531462428389096,9.198965866400147,9.398463803593517,False,24.444444444444443,13.539493293591656,16.7,LOW,🟢,Continue routine monitoring. No administrative action required at this time.,Demand increased 6% in the latest week
Tamil Nadu,Salem,Yercaud,Nallur Gp,Nallur,Tamil Nadu|Salem|Yercaud|Nallur,2024,23,95.0,2024-06-03,MGNREGA (historical),115.0,108.0,116.0,-17.391304347826086,-12.037037037037036,-18.103448275862068,0,109.5,7.852812659593162,111.625,6.885543862739837,111.16666666666667,5.765624358421599,111.16666666666667,5.765624358421599,-2.8039750184301755,0.8545727136431783,,,,,1.0,0.0,17.709125846348023,7.08365033853921,False,0.0,8.545727136431783,4.7,LOW,🟢,Continue routine monitoring. No administrative action required at this time.,No significant deviation from normal demand patterns detected
Tamil Nadu,Salem,Yercaud,Nallur Gp,Nallur,Tamil Nadu|Salem|Yercaud|Nallur,2024,24,95.0,2024-06-10,MGNREGA (historical),95.0,115.0,99.0,0.0,-17.391304347826086,-4.040404040404041,0,104.25,8.995369179009087,108.625,8.296944360081346,109.91666666666667,7.42793661956284,109.91666666666667,7.42793661956284,-2.008184430031468,0.8642911296436694,,,,,1.0,0.0,5.286596372782987,2.1146385491131947,False,0.0,8.642911296436694,3.2,LOW,🟢,Continue routine monitoring. No administrative action required at this time.,No significant deviation from normal demand patterns detected
Tamil Nadu,Salem,Yercaud,Nallur Gp,Nallur,Tamil Nadu|Salem|Yercaud|Nallur,2024,25,96.0,2024-06-17,MGNREGA (historical),95.0,95.0,108.0,1.0526315789473684,1.0526315789473684,-11.11111111111111,1,103.25,9.94568583189046,106.0,8.928285709714137,108.41666666666667,8.490190417966696,108.41666666666667,8.490190417966696,-1.4624721066786535,0.8854727132974635,,,,,1.0,0.0,7.173617765732089,2.869447106292836,False,4.2105263157894735,8.854727132974634,5.2,LOW,🟢,Continue routine monitoring. No administrative action required at this time.,No significant deviation from normal demand patterns detected
Tamil Nadu,Salem,Yercaud,Nallur Gp,Nallur,Tamil Nadu|Salem|Yercaud|Nallur,2024,26,90.0,2024-06-24,MGNREGA (historical),96.0,95.0,115.0,-6.25,-5.263157894736842,-21.73913043478261,0,100.25,9.844626283748237,103.625,8.716773649530127,107.08333333333333,9.11001779594444,107.08333333333333,9.11001779594444,-1.8752250232637762,0.8404669260700389,,,,,1.0,0.0,8.424102946477289,3.369641178590916,False,0.0,8.40466926070039,3.5,LOW,🟢,Continue routine monitoring. No administrative action required at this time.,No significant deviation from normal demand patterns detected
Tamil Nadu,Salem,Yercaud,Nallur Gp,Nallur,Tamil Nadu|Salem|Yercaud|Nallur,2024,27,82.0,2024-07-01,MGNREGA (historical),90.0,96.0,95.0,-8.88888888888889,-14.583333333333334,-13.684210526315791,0,94.0,2.708012801545306,101.75,9.910312089651145,105.75,10.36712461231526,105.75,10.36712461231526,-2.2908955846626,0.7754137115839244,,,,,1.0,0.0,8.146363798269787,3.258545519307915,False,0.0,7.754137115839244,3.3,LOW,🟢,Continue routine monitoring. No administrative action required at this time.,No significant deviation from normal demand patterns detected
Tamil Nadu,Salem,Yercaud,Nallur Gp,Nallur,Tamil Nadu|Salem|Yercaud|Nallur,2024,28,88.0,2024-07-08,MGNREGA (historical),82.0,90.0,95.0,7.317073170731707,-2.2222222222222223,-7.368421052631578,1,90.75,6.396613687465158,97.5,10.212037714663719,102.66666666666667,11.507573263909402,102.66666666666667,11.507573263909402,-1.2745229884970595,0.8571428571428571,,,,,1.0,0.0,6.493746597773672,2.597498639109469,False,26.95121951219512,8.571428571428571,14.1,LOW,🟢,Continue routine monitoring. No administrative action required at this time.,Demand increased 7% in the latest week
Tamil Nadu,Salem,Yercaud,Nallur Gp,Nallur,Tamil Nadu|Salem|Yercaud|Nallur,2024,29,79.0,2024-07-15,MGNREGA (historical),88.0,82.0,96.0,-10.227272727272728,-3.6585365853658534,-17.708333333333336,0,89.0,5.773502691896252,96.125,10.709641850754323,100.33333333333333,11.396437508221062,100.33333333333333,11.396437508221062,-1.8719300060167114,0.7873754152823921,,,,,1.0,0.0,7.639141356641044,3.055656542656418,False,0.0,7.8737541528239205,3.3,LOW,🟢,Continue routine monitoring. No administrative action required at this time.,No significant deviation from normal demand patterns detected
Tamil Nadu,Salem,Yercaud,Nallur Gp,Nallur,Tamil Nadu|Salem|Yercaud|Nallur,2024,30,85.0,2024-07-22,MGNREGA (historical),79.0,88.0,90.0,7.59493670886076,-3.4090909090909087,-5.555555555555555,1,84.75,5.123475382979794,92.5,11.019463300386791,97.33333333333333,11.91128825437399,97.33333333333333,11.91128825437399,-1.0354323621380213,0.8732876712328768,,,,,1.0,0.0,4.259903562691451,1.7039614250765807,False,27.78481012658228,8.732876712328768,14.2,LOW,🟢,Continue routine monitoring. No administrative action required at this time.,Demand increased 8% in the latest week
Tamil Nadu,Salem,Yercaud,Nallur Gp,Nallur,Tamil Nadu|Salem|Yercaud|Nallur,2024,31,75.0,2024-07-29,MGNREGA (historical),85.0,79.0,82.0,-11.76470588235294,-5.063291139240507,-8.536585365853659,0,83.5,3.8729833462074104,88.75,6.408699444616555,95.66666666666667,12.138094304022076,95.66666666666667,12.138094304022076,-1.7026286127813794,0.7839721254355401,,,,,1.0,0.0,7.235537026447014,2.8942148105788057,False,0.0,7.839721254355401,3.2,LOW,🟢,Continue routine monitoring. No administrative action required at this time.,No significant deviation from normal demand patterns detected
Tamil Nadu,Salem,Yercaud,Nallur Gp,Nallur,Tamil Nadu|Salem|Yercaud|Nallur,2024,32,86.0,2024-08-05,MGNREGA (historical),75.0,85.0,88.0,14.666666666666666,1.1764705882352942,-2.272727272727273,1,81.75,5.852349955359808,86.25,7.440238091428448,92.25,11.655080827300544,92.25,11.655080827300544,-0.5362468173845839,0.9322493224932249,,,,,1.0,0.0,5.664981002471568,2.2659924009886274,False,44.33333333333333,9.322493224932249,21.2,LOW,🟢,Continue routine monitoring. No administrative action required at this time.,Demand increased 15% in the latest week
Tamil Nadu,Salem,Yercaud,Nallur Gp,Nallur,Tamil Nadu|Salem|Yercaud|Nallur,2024,33,71.0,2024-08-12,MGNREGA (historical),86.0,75.0,79.0,-17.441860465116278,-5.333333333333334,-10.126582278481013,0,81.25,5.188127472091122,85.125,6.556076788533126,91.16666666666667,11.574527937229085,91.16666666666667,11.574527937229085,-1.7423316765948835,0.7787934186471663,,,,,1.0,0.0,11.938961625321962,4.775584650128785,False,0.0,7.787934186471663,3.8,LOW,🟢,Continue routine monitoring. No administrative action required at this time.,No significant deviation from normal demand patterns detected
Tamil Nadu,Salem,Yercaud,Nallur Gp,Nallur,Tamil Nadu|Salem|Yercaud|Nallur,2024,34,71.0,2024-08-19,MGNREGA (historical),71.0,86.0,85.0,0.0,-17.441860465116278,-16.470588235294116,0,79.25,7.410578025138567,82.0,6.590035768383309,88.08333333333333,11.6107969606141,88.08333333333333,11.6107969606141,-1.4713316744133111,0.8060548722800379,,,,,1.0,0.0,6.533162248064932,2.613264899225973,False,0.0,8.060548722800378,3.2,LOW,🟢,Continue routine monitoring. No administrative action required at this time.,No significant deviation from normal demand patterns detected
Tamil Nadu,Salem,Yercaud,Nallur Gp,Nallur,Tamil Nadu|Salem|Yercaud|Nallur,2024,35,76.0,2024-08-26,MGNREGA (historical),71.0,71.0,75.0,7.042253521126761,7.042253521126761,1.3333333333333335,1,75.75,7.088723439378908,79.625,6.7175144212722,84.41666666666667,8.989471956717233,84.41666666666667,8.989471956717233,-0.9362804297284066,0.9002961500493583,,,,,1.0,0.0,3.863577501748025,1.5454310006992102,False,26.126760563380284,9.002961500493583,13.6,LOW,🟢,Continue routine monitoring. No administrative action required at this time.,Demand increased 7% in the latest week
Tamil Nadu,Salem,Yercaud,Nallur Gp,Nallur,Tamil Nadu|Salem|Yercaud|Nallur,2024,36,63.0,2024-09-02,MGNREGA (historical),76.0,71.0,86.0,-17.105263157894736,-11.267605633802818,-26.744186046511626,0,76.0,7.071067811865471,78.875,6.749338591934132,82.83333333333333,8.621678104251677,82.83333333333333,8.621678104251677,-2.3004029022555086,0.7605633802816902,,,,,1.0,0.0,20.26242714833439,8.104970859333756,False,0.0,7.605633802816902,4.7,LOW,🟢,Continue routine monitoring. No administrative action required at this time.,No significant deviation from normal demand patterns detected
Tamil Nadu,Salem,Yercaud,Nallur Gp,Nallur,Tamil Nadu|Salem|Yercaud|Nallur,2024,37,70.0,2024-09-09,MGNREGA (historical),63.0,76.0,71.0,11.11111111111111,-7.894736842105263,-1.4084507042253522,1,70.25,5.377421934967223,75.75,7.648529270389176,80.16666666666667,9.42755471364591,80.16666666666667,9.42755471364591,-1.0783991157273196,0.8731808731808731,,,,,1.0,0.0,6.567565335791527,2.627026134316611,False,37.22222222222222,8.731808731808732,18.3,LOW,🟢,Continue routine monitoring. No administrative action required at this time.,Demand increased 11% in the latest week
Tamil Nadu,Salem,Yercaud,Nallur Gp,Nallur,Tamil Nadu|Salem|Yercaud|Nallur,2024,38,75.0,2024-09-16,MGNREGA (historical),70.0,63.0,71.0,7.142857142857142,19.047619047619047,5.633802816901409,2,70.0,5.354126134736333,74.625,7.763237542601484,78.0,8.388303545034335,78.0,8.388303545034335,-0.3576408488192973,0.9615384615384616,,,,,1.0,0.0,10.74294184882482,4.297176739529928,False,26.428571428571427,9.615384615384615,14.7,LOW,🟢,Continue routine monitoring. No administrative action required at this time.,Demand increased 7% in the latest week
Tamil Nadu,Salem,Yercaud,Nallur Gp,Nallur,Tamil Nadu|Salem|Yercaud|Nallur,2024,39,59.0,2024-09-23,MGNREGA (historical),75.0,70.0,76.0,-21.333333333333336,-15.714285714285714,-22.36842105263158,0,71.0,5.944184833375666,73.375,6.566962768281847,76.75,7.509085406117235,76.75,7.509085406117235,-2.3638031850776478,0.7687296416938111,,,,,1.0,0.0,23.124266536634646,9.249706614653858,False,0.0,7.687296416938111,5.1,LOW,🟢,Continue routine monitoring. No administrative action required at this time.,No significant deviation from normal demand patterns detected
Tamil Nadu,Salem,Yercaud,Nallur Gp,Nallur,Tamil Nadu|Salem|Yercaud|Nallur,2024,40,68.0,2024-09-30,MGNREGA (historical),59.0,75.0,63.0,15.254237288135593,-9.333333333333334,7.936507936507936,1,66.75,7.135591542869211,71.375,8.227783940492637,74.83333333333333,8.860877581546347,74.83333333333333,8.860877581546347,-0.7711801986255199,0.9086859688195992,,,,,1.0,0.0,8.549805510671051,3.4199222042684205,False,45.50847457627118,9.086859688195991,22.0,LOW,🟢,Continue routine monitoring. No administrative action required at this time.,Demand increased 15% in the latest week
Tamil Nadu,Salem,Yercaud,Nallur Gp,Nallur,Tamil Nadu|Salem|Yercaud|Nallur,2024,41,70.0,2024-10-07,MGNREGA (historical),68.0,59.0,70.0,2.941176470588235,18.64406779661017,0.0,2,68.0,6.683312551921136,69.125,5.743008171432707,73.16666666666667,7.998105836365009,73.16666666666667,7.998105836365009,-0.39592707716729375,0.9567198177676537,,,,,1.0,0.0,10.959568719276314,4.383827487710525,False,11.76470588235294,9.567198177676538,8.9,LOW,🟢,Continue routine monitoring. No administrative action required at this time.,No significant deviation from normal demand patterns detected
Tamil Nadu,Salem,Yercaud,Nallur Gp,Nallur,Tamil Nadu|Salem|Yercaud|Nallur,2024,42,72.0,2024-10-14,MGNREGA (historical),70.0,68.0,75.0,2.857142857142857,5.88235294117647,-4.0,3,68.0,6.683312551921136,69.0,5.70713838726805,72.41666666666667,7.821396449755084,72.41666666666667,7.821396449755084,-0.05327266931721876,0.9942462600690448,,,,,1.0,0.0,24.17783684065836,9.671134736263346,False,11.428571428571429,9.942462600690448,10.5,LOW,🟢,Continue routine monitoring. No administrative action required at this time.,Momentum has increased for 3 consecutive weeks
Tamil Nadu,Salem,Yercaud,Nallur Gp,Nallur,Tamil Nadu|Salem|Yercaud|Nallur,2024,43,62.0,2024-10-21,MGNREGA (historical),72.0,70.0,59.0,-13.88888888888889,-11.428571428571429,5.084745762711865,0,67.25,5.737304826019497,69.125,5.7678295001549005,71.33333333333333,6.746491793158165,71.33333333333333,6.746491793158165,-1.3834350681043686,0.869158878504673,,,,,1.0,0.0,9.921850852939645,3.968740341175858,False,0.0,8.69158878504673,3.8,LOW,🟢,Continue routine monitoring. No administrative action required at this time.,No significant deviation from normal demand patterns detected
Tamil Nadu,Salem,Yercaud,Nallur Gp,Nallur,Tamil Nadu|Salem|Yercaud|Nallur,2024,44,63.0,2024-10-28,MGNREGA (historical),62.0,72.0,68.0,1.6129032258064515,-12.5,-7.352941176470589,1,68.0,4.320493798938568,67.375,5.501623137116638,70.25,7.1366531498887555,70.25,7.1366531498887555,-1.015882353777136,0.896797153024911,,,,,1.0,0.0,2.8565497237149398,1.142619889485976,False,6.451612903225806,8.96797153024911,5.6,LOW,🟢,Continue routine monitoring. No administrative action required at this time.,No significant deviation from normal demand patterns detected
Tamil Nadu,Salem,Yercaud,Nallur Gp,Nallur,Tamil Nadu|Salem|Yercaud|Nallur,2024,45,74.0,2024-11-04,MGNREGA (historical),63.0,62.0,70.0,17.46031746031746,19.35483870967742,5.714285714285714,2,66.75,4.991659710623974,67.375,5.501623137116638,68.33333333333333,5.39921430872252,68.33333333333333,5.39921430872252,1.0495354217579542,1.0829268292682928,,,,,1.0,20.990708435159082,14.50524283041807,18.396522193262676,False,49.92063492063492,20.365853658536597,31.6,LOW,🟢,Continue routine monitoring. No administrative action required at this time.,Demand increased 17% in the latest week
Tamil Nadu,Salem,Yercaud,Nallur Gp,Nallur,Tamil Nadu|Salem|Yercaud|Nallur,2024,46,75.0,2024-11-11,MGNREGA (historical),74.0,63.0,72.0,1.3513513513513513,19.047619047619047,4.166666666666666,3,67.75,6.130524719249836,67.875,5.9386746958271015,68.58333333333333,5.59964825735148,68.58333333333333,5.59964825735148,1.1459053090062525,1.0935601458080195,,,,,1.0,22.91810618012505,17.894922238836973,20.90883260360982,False,5.405405405405405,21.695018226002443,14.9,LOW,🟢,Continue routine monitoring. No administrative action required at this time.,Momentum has increased for 3 consecutive weeks
Tamil Nadu,Salem,Yercaud,Nallur Gp,Nallur,Tamil Nadu|Salem|Yercaud|Nallur,2024,47,76.0,2024-11-18,MGNREGA (historical),75.0,74.0,62.0,1.3333333333333335,2.7027027027027026,22.58064516129032,4,68.5,6.952217871538066,67.875,5.9386746958271015,68.91666666666667,5.869154087001683,68.91666666666667,5.869154087001683,1.206874658312459,1.1027811366384521,,,,,1.0,24.13749316624918,35.34244458851191,28.619473735154273,False,5.333333333333334,22.84764207980652,17.6,LOW,🟢,Continue routine monitoring. No administrative action required at this time.,Current demand is 10% above its historical baseline · Momentum has increased for 4 consecutive weeks
Tamil Nadu,Salem,Yercaud,Nallur Gp,Nallur,Tamil Nadu|Salem|Yercaud|Nallur,2024,48,79.0,2024-11-25,MGNREGA (historical),76.0,75.0,63.0,3.9473684210526314,5.333333333333334,25.396825396825395,5,72.0,6.055300708194977,70.0,5.3184315625675085,68.91666666666667,5.869154087001683,68.91666666666667,5.869154087001683,1.7180215724212655,1.1463119709794436,,,,,1.0,34.36043144842531,44.917871491562515,38.58340746568019,False,15.789473684210526,28.288996372430454,26.4,LOW,🟢,Continue routine monitoring. No administrative action required at this time.,Current demand is 15% above its historical baseline · Current demand is 1.7 standard deviations above baseline · Momentum has increased for 5 consecutive weeks
Tamil Nadu,Salem,Yercaud,Nallur Gp,Nallur,Tamil Nadu|Salem|Yercaud|Nallur,2024,49,76.0,2024-12-02,MGNREGA (historical),79.0,76.0,74.0,-3.79746835443038,0.0,2.7027027027027026,0,76.0,2.160246899469269,71.375,6.093028803476969,70.25,6.210328640110822,70.25,6.210328640110822,0.9258769274885577,1.0818505338078293,,,,,1.0,18.517538549771153,1.5556270182545617,11.732773937164517,False,0.0,20.231316725978658,9.6,LOW,🟢,Continue routine monitoring. No administrative action required at this time.,No significant deviation from normal demand patterns detected
Tamil Nadu,Salem,Yercaud,Nallur Gp,Nallur,Tamil Nadu|Salem|Yercaud|Nallur,2024,50,83.0,2024-12-09,MGNREGA (historical),76.0,79.0,75.0,9.210526315789473,5.063291139240507,10.666666666666668,1,76.5,1.7320508075688548,72.125,6.266407036161721,70.75,6.426153946603946,70.75,6.426153946603946,1.9062724145402405,1.1731448763250882,,,,,1.0,38.12544829080481,5.769985511263925,25.183263178988454,False,32.63157894736842,31.643109540636036,30.1,LOW,🟢,Continue routine monitoring. No administrative action required at this time.,Demand increased 9% in the latest week · Current demand is 17% above its historical baseline · Current demand is 1.9 standard deviations above baseline
Tamil Nadu,Salem,Yercaud,Nallur Gp,Nallur,Tamil Nadu|Salem|Yercaud|Nallur,2024,51,86.0,2024-12-16,MGNREGA (historical),83.0,76.0,76.0,3.614457831325301,13.157894736842104,13.157894736842104,2,78.5,3.3166247903553883,73.5,7.348469228349533,71.41666666666667,7.267090618714272,71.41666666666667,7.267090618714272,2.0067636552898085,1.2042007001166861,,,,,1.0,40.13527310579617,11.279463159301185,28.592949127198175,False,14.457831325301203,35.35005834305718,25.0,LOW,🟢,Continue routine monitoring. No administrative action required at this time.,Current demand is 20% above its historical baseline · Current demand is 2.0 standard deviations above baseline
Tamil Nadu,Salem,Yercaud,Nallur Gp,Nallur,Tamil Nadu|Salem|Yercaud|Nallur,2024,52,83.0,2024-12-23,MGNREGA (historical),86.0,83.0,79.0,-3.488372093023256,0.0,5.063291139240507,0,81.0,4.396968652757632,76.5,6.866065623255951,73.66666666666667,7.2530035575656235,73.66666666666667,7.2530035575656235,1.286823211826183,1.1266968325791855,,,,,1.0,25.73646423652366,4.991082077622145,17.438311372963053,False,0.0,25.83710407239819,13.0,LOW,🟢,Continue routine monitoring. No administrative action required at this time.,Current demand is 13% above its historical baseline
Tamil Nadu,Salem,Yercaud,Nallur Gp,Nallur,Tamil Nadu|Salem|Yercaud|Nallur,2025,1,100.0,2024-12-30,MGNREGA (historical),83.0,86.0,76.0,20.481927710843372,16.27906976744186,31.57894736842105,1,82.0,4.242640687119277,79.0,4.472135954999577,74.91666666666667,7.476731582149661,74.91666666666667,7.476731582149661,3.354852726453172,1.3348164627363737,89.0,,89.0,12.359550561797752,1.0,67.09705452906344,42.27845335488404,57.16961405939168,False,55.72289156626506,46.23470522803114,53.3,MODERATE,🟡,Increase monitoring frequency. Review recent employment demand trends for this village.,Demand increased 20% in the latest week · Current demand is 33% above its historical baseline · Current demand is 3.4 standard deviations above baseline
Tamil Nadu,Salem,Yercaud,Nallur Gp,Nallur,Tamil Nadu|Salem|Yercaud|Nallur,2025,2,95.0,2025-01-06,MGNREGA (historical),100.0,83.0,83.0,-5.0,14.457831325301203,14.457831325301203,0,88.0,8.124038404635956,82.25,8.207139748849343,77.41666666666667,10.202123961868548,77.41666666666667,10.202123961868548,1.723497322621523,1.2271259418729816,95.0,,95.0,0.0,1.0,34.46994645243046,17.101843432791163,27.52270524457474,False,0.0,37.2604951560818,19.4,LOW,🟢,Continue routine monitoring. No administrative action required at this time.,Current demand is 23% above its historical baseline · Current demand is 1.7 standard deviations above baseline
Tamil Nadu,Salem,Yercaud,Nallur Gp,Nallur,Tamil Nadu|Salem|Yercaud|Nallur,2025,3,89.0,2025-01-13,MGNREGA (historical),95.0,100.0,86.0,-6.315789473684211,-11.0,3.488372093023256,0,91.0,7.874007874011805,84.75,8.713700214522612,79.33333333333333,11.203354476010773,79.33333333333333,11.203354476010773,0.8628368126140665,1.1218487394957983,106.0,,106.0,-16.037735849056602,1.0,17.25673625228133,4.954088550300529,12.335677171489008,False,0.0,25.231092436974794,11.3,LOW,🟢,Continue routine monitoring. No administrative action required at this time.,Current demand is 12% above its historical baseline
Tamil Nadu,Salem,Yercaud,Nallur Gp,Nallur,Tamil Nadu|Salem|Yercaud|Nallur,2025,4,102.0,2025-01-20,MGNREGA (historical),89.0,95.0,83.0,14.606741573033707,7.368421052631578,22.89156626506024,1,91.75,7.36545993132811,86.375,8.03452372132732,81.58333333333333,10.058540770123747,81.58333333333333,10.058540770123747,2.0297841539111734,1.2502553626149133,99.0,,99.0,3.0303030303030303,1.0,40.595683078223466,17.847880321304494,31.496561975455876,False,44.21348314606742,39.187946884576114,38.9,LOW,🟢,Continue routine monitoring. No administrative action required at this time.,Demand increased 15% in the latest week · Current demand is 25% above its historical baseline · Current demand is 2.0 standard deviations above baseline
Tamil Nadu,Salem,Yercaud,Nallur Gp,Nallur,Tamil Nadu|Salem|Yercaud|Nallur,2025,5,95.0,2025-01-27,MGNREGA (historical),102.0,89.0,100.0,-6.862745098039216,6.741573033707865,-5.0,0,96.5,5.8022983951763925,89.25,9.067209367511357,84.83333333333333,9.805687897925084,84.83333333333333,9.805687897925084,1.0368132019394551,1.119842829076621,102.0,,102.0,-6.862745098039216,1.0,20.736264038789106,8.424551158286622,15.811578886588112,False,0.0,24.980353634577618,12.2,LOW,🟢,Continue routine monitoring. No administrative action required at this time.,Current demand is 12% above its historical baseline
Tamil Nadu,Salem,Yercaud,Nallur Gp,Nallur,Tamil Nadu|Salem|Yercaud|Nallur,2025,6,107.0,2025-02-03,MGNREGA (historical),95.0,102.0,95.0,12.631578947368421,4.901960784313726,12.631578947368421,1,95.25,5.3150729063673126,91.625,7.443837336059559,86.58333333333333,9.567542985943579,86.58333333333333,9.567542985943579,2.1339508687509827,1.235803657362849,102.0,,102.0,4.901960784313726,1.0,42.679017375019654,12.031730249342216,30.42010252474868,False,40.26315789473684,37.983638113570755,36.6,LOW,🟢,Continue routine monitoring. No administrative action required at this time.,Demand increased 13% in the latest week · Current demand is 24% above its historical baseline · Current demand is 2.1 standard deviations above baseline
Tamil Nadu,Salem,Yercaud,Nallur Gp,Nallur,Tamil Nadu|Salem|Yercaud|Nallur,2025,7,111.0,2025-02-10,MGNREGA (historical),107.0,95.0,89.0,3.7383177570093453,16.842105263157894,24.719101123595504,2,98.25,7.889866919029743,94.625,8.262436513696013,89.25,10.463138760776916,89.25,10.463138760776916,2.0787261353671473,1.2436974789915967,95.0,,95.0,16.842105263157894,1.0,41.57452270734295,19.98004937446039,32.93673337418993,False,14.953271028037381,38.641456582633054,27.5,LOW,🟢,Continue routine monitoring. No administrative action required at this time.,Current demand is 24% above its historical baseline · Current demand is 2.1 standard deviations above baseline
Tamil Nadu,Salem,Yercaud,Nallur Gp,Nallur,Tamil Nadu|Salem|Yercaud|Nallur,2025,8,102.0,2025-02-17,MGNREGA (historical),111.0,107.0,102.0,-8.108108108108109,-4.672897196261682,0.0,0,103.75,6.89806736219162,97.75,9.207915849187277,92.16666666666667,11.280178378129664,92.16666666666667,11.280178378129664,0.8717356236492217,1.1066907775768535,107.0,,107.0,-4.672897196261682,1.0,17.434712472984433,5.850133688883578,12.800880959344092,False,0.0,23.336347197106694,10.8,LOW,🟢,Continue routine monitoring. No administrative action required at this time.,Current demand is 11% above its historical baseline
Tamil Nadu,Salem,Yercaud,Nallur Gp,Nallur,Tamil Nadu|Salem|Yercaud|Nallur,2025,9,114.0,2025-02-24,MGNREGA (historical),102.0,111.0,95.0,11.76470588235294,2.7027027027027026,20.0,1,103.75,6.89806736219162,100.125,7.059694449073959,94.08333333333333,10.782631938221362,94.08333333333333,10.782631938221362,1.8471062335038773,1.2116917626217893,109.0,,109.0,4.587155963302752,1.0,36.94212467007755,11.298111146594794,26.684519260684446,False,38.529411764705884,35.97431355181578,34.2,LOW,🟢,Continue routine monitoring. No administrative action required at this time.,Demand increased 12% in the latest week · Current demand is 21% above its historical baseline · Current demand is 1.8 standard deviations above baseline
Tamil Nadu,Salem,Yercaud,Nallur Gp,Nallur,Tamil Nadu|Salem|Yercaud|Nallur,2025,10,112.0,2025-03-03,MGNREGA (historical),114.0,102.0,107.0,-1.7543859649122806,9.803921568627452,4.672897196261682,0,108.5,5.196152422706622,101.875,8.59297886150581,97.25,10.566886528637042,97.25,10.566886528637042,1.3958700095838459,1.1516709511568124,123.0,,123.0,-8.94308943089431,1.0,27.917400191676915,6.893122999778191,19.507689314917428,False,0.0,28.958868894601554,14.5,LOW,🟢,Continue routine monitoring. No administrative action required at this time.,Current demand is 15% above its historical baseline
Tamil Nadu,Salem,Yercaud,Nallur Gp,Nallur,Tamil Nadu|Salem|Yercaud|Nallur,2025,11,115.0,2025-03-10,MGNREGA (historical),112.0,114.0,111.0,2.6785714285714284,0.8771929824561403,3.6036036036036037,1,109.75,5.315072906367315,104.0,8.750510189207741,99.66666666666667,10.325021094702945,99.66666666666667,10.325021094702945,1.4850655696190105,1.1538461538461537,110.0,,110.0,4.545454545454546,1.0,29.70131139238021,4.7746839209033505,19.730660403789464,False,10.714285714285714,29.230769230769223,19.0,LOW,🟢,Continue routine monitoring. No administrative action required at this time.,Current demand is 15% above its historical baseline
Tamil Nadu,Salem,Yercaud,Nallur Gp,Nallur,Tamil Nadu|Salem|Yercaud|Nallur,2025,12,122.0,2025-03-17,MGNREGA (historical),115.0,112.0,102.0,6.086956521739131,8.928571428571429,19.607843137254903,2,110.75,5.965176722724419,107.25,7.045768740375822,102.08333333333333,10.2288214315623,102.08333333333333,10.2288214315623,1.947112558364869,1.1951020408163266,113.0,,113.0,7.964601769911504,1.0,38.94225116729738,12.67790175260519,28.4365114014205,False,23.26086956521739,34.38775510204084,28.2,LOW,🟢,Continue routine monitoring. No administrative action required at this time.,Demand increased 6% in the latest week · Current demand is 20% above its historical baseline · Current demand is 1.9 standard deviations above baseline
Tamil Nadu,Salem,Yercaud,Nallur Gp,Nallur,Tamil Nadu|Salem|Yercaud|Nallur,2025,13,111.0,2025-03-24,MGNREGA (historical),122.0,115.0,114.0,-9.01639344262295,-3.4782608695652173,-2.631578947368421,0,115.75,4.349329450233282,109.75,8.345229603962798,105.33333333333333,9.801051273236286,105.33333333333333,9.801051273236286,0.5781692706924846,1.0537974683544304,112.0,,112.0,-0.8928571428571428,1.0,11.56338541384969,5.035077903387823,8.952062409664943,False,0.0,16.724683544303808,7.7,LOW,🟢,Continue routine monitoring. No administrative action required at this time.,No significant deviation from normal demand patterns detected
Tamil Nadu,Salem,Yercaud,Nallur Gp,Nallur,Tamil Nadu|Salem|Yercaud|Nallur,2025,14,108.0,2025-03-31,MGNREGA (historical),111.0,122.0,112.0,-2.7027027027027026,-11.475409836065573,-3.571428571428571,0,115.0,4.966554808583767,111.75,5.8492978821637776,106.25,9.77124724522276,106.25,9.77124724522276,0.17909689071224646,1.016470588235294,106.0,,106.0,1.8867924528301887,1.0,3.5819378142449296,0.24988666051937244,2.249117352754707,False,0.0,12.058823529411752,4.3,LOW,🟢,Continue routine monitoring. No administrative action required at this time.,No significant deviation from normal demand patterns detected
Tamil Nadu,Salem,Yercaud,Nallur Gp,Nallur,Tamil Nadu|Salem|Yercaud|Nallur,2025,15,108.0,2025-04-07,MGNREGA (historical),108.0,111.0,115.0,0.0,-2.7027027027027026,-6.086956521739131,0,114.0,6.055300708194973,111.875,5.743008171432702,107.33333333333333,9.10877033247066,107.33333333333333,9.10877033247066,0.07318953517690076,1.0062111801242237,119.0,,119.0,-9.243697478991598,1.0,1.4637907035380153,0.6186424739209334,1.1257314116911825,False,0.0,10.776397515527966,3.6,LOW,🟢,Continue routine monitoring. No administrative action required at this time.,No significant deviation from normal demand patterns detected
Tamil Nadu,Salem,Yercaud,Nallur Gp,Nallur,Tamil Nadu|Salem|Yercaud|Nallur,2025,16,107.0,2025-04-14,MGNREGA (historical),108.0,108.0,122.0,-0.9259259259259258,-0.9259259259259258,-12.295081967213115,0,112.25,6.652067347825026,111.5,5.903993805649087,108.91666666666667,7.051219537760671,108.91666666666667,7.051219537760671,-0.27182059165830014,0.9824024483550114,116.0,,116.0,-7.758620689655173,1.0,0.0,1.750083443774481,0.7000333775097924,False,0.0,9.824024483550115,3.2,LOW,🟢,Continue routine monitoring. No administrative action required at this time.,No significant deviation from normal demand patterns detected
Tamil Nadu,Salem,Yercaud,Nallur Gp,Nallur,Tamil Nadu|Salem|Yercaud|Nallur,2025,17,111.0,2025-04-21,MGNREGA (historical),107.0,108.0,111.0,3.7383177570093453,2.7777777777777777,0.0,1,108.5,1.7320508075688419,112.125,4.94072001693217,109.33333333333333,6.746491793158308,109.33333333333333,6.746491793158308,0.24704197644720424,1.0152439024390245,115.0,,115.0,-3.4782608695652173,1.0,4.9408395289440845,0.7870122521504042,3.2793086182266125,False,14.953271028037381,11.905487804878065,10.5,LOW,🟢,Continue routine monitoring. No administrative action required at this time.,No significant deviation from normal demand patterns detected
Tamil Nadu,Salem,Yercaud,Nallur Gp,Nallur,Tamil Nadu|Salem|Yercaud|Nallur,2025,18,112.0,2025-04-28,MGNREGA (historical),111.0,107.0,108.0,0.9009009009009009,4.672897196261682,3.7037037037037033,2,108.5,1.7320508075688419,111.75,4.89168390521826,110.66666666666667,5.0151286276142635,110.66666666666667,5.0151286276142635,0.265862240500022,1.0120481927710843,105.0,,105.0,6.666666666666667,1.0,5.31724481000044,9.179892301544559,6.862303806618087,False,3.6036036036036037,11.506024096385534,7.0,LOW,🟢,Continue routine monitoring. No administrative action required at this time.,No significant deviation from normal demand patterns detected
Tamil Nadu,Salem,Yercaud,Nallur Gp,Nallur,Tamil Nadu|Salem|Yercaud|Nallur,2025,19,110.0,2025-05-05,MGNREGA (historical),112.0,111.0,108.0,-1.7857142857142856,-0.9009009009009009,1.8518518518518516,0,109.5,2.38047614284759,111.75,4.89168390521826,111.08333333333333,4.888917584856198,111.08333333333333,4.888917584856198,-0.22158960844196632,0.9902475618904727,116.0,,116.0,-5.172413793103448,1.0,0.0,0.8143940141033904,0.3257576056413562,False,0.0,9.902475618904727,3.1,LOW,🟢,Continue routine monitoring. No administrative action required at this time.,No significant deviation from normal demand patterns detected
Tamil Nadu,Salem,Yercaud,Nallur Gp,Nallur,Tamil Nadu|Salem|Yercaud|Nallur,2025,20,111.0,2025-05-12,MGNREGA (historical),110.0,112.0,107.0,0.9090909090909091,-0.8928571428571428,3.7383177570093453,1,110.0,2.160246899469257,111.125,4.7339955941798495,111.0,4.898979485566459,111.0,4.898979485566459,0.0,1.0,99.0,,99.0,12.121212121212121,1.0,0.0,1.3245144820683636,0.5298057928273455,False,3.6363636363636362,10.0,4.6,LOW,🟢,Continue routine monitoring. No administrative action required at this time.,No significant deviation from normal demand patterns detected
Tamil Nadu,Salem,Yercaud,Nallur Gp,Nallur,Tamil Nadu|Salem|Yercaud|Nallur,2025,21,105.0,2025-05-19,MGNREGA (historical),111.0,110.0,111.0,-5.405405405405405,-4.545454545454546,-5.405405405405405,0,111.0,0.8164965809276477,109.75,1.8322507626257913,111.75,4.0028399009613596,111.75,4.0028399009613596,-1.686302766787864,0.9395973154362416,108.0,,108.0,-2.7777777777777777,1.0,0.0,2.9980648480552157,1.1992259392220863,False,0.0,9.395973154362416,3.2,LOW,🟢,Continue routine monitoring. No administrative action required at this time.,No significant deviation from normal demand patterns detected
Tamil Nadu,Salem,Yercaud,Nallur Gp,Nallur,Tamil Nadu|Salem|Yercaud|Nallur,2025,22,111.0,2025-05-26,MGNREGA (historical),105.0,111.0,112.0,5.714285714285714,0.0,-0.8928571428571428,1,109.5,3.1091263510295843,109.0,2.390457218668774,111.0,4.369314487526631,111.0,4.369314487526631,0.0,1.0,115.0,,115.0,-3.4782608695652173,1.0,0.0,1.452492627906076,0.5809970511624304,False,22.142857142857142,10.0,12.0,LOW,🟢,Continue routine monitoring. No administrative action required at this time.,Demand increased 6% in the latest week
Tamil Nadu,Salem,Yercaud,Nallur Gp,Nallur,Tamil Nadu|Salem|Yercaud|Nallur,2025,23,99.0,2025-06-02,MGNREGA (historical),111.0,105.0,110.0,-10.81081081081081,-5.714285714285714,-10.0,0,109.25,2.8722813232689925,109.375,2.44584195260912,110.91666666666667,4.358029857908875,110.91666666666667,4.358029857908875,-2.734416021735261,0.8925619834710743,95.0,,95.0,4.2105263157894735,1.0,0.0,11.368609100299867,4.547443640119947,False,0.0,8.925619834710742,4.0,LOW,🟢,Continue routine monitoring. No administrative action required at this time.,No significant deviation from normal demand patterns detected
Tamil Nadu,Salem,Yercaud,Nallur Gp,Nallur,Tamil Nadu|Salem|Yercaud|Nallur,2025,24,113.0,2025-06-09,MGNREGA (historical),99.0,111.0,111.0,14.14141414141414,1.8018018018018018,1.8018018018018018,1,106.5,5.744562646538018,108.25,4.432026302139584,109.58333333333333,5.333570070503489,109.58333333333333,5.333570070503489,0.6405965650591214,1.0311787072243346,95.0,,95.0,18.947368421052634,1.0,12.811931301182428,4.438469853236346,9.462546722003996,False,43.28282828282828,13.897338403041823,24.3,LOW,🟢,Continue routine monitoring. No administrative action required at this time.,Demand increased 14% in the latest week
Tamil Nadu,Salem,Yercaud,Nallur Gp,Nallur,Tamil Nadu|Salem|Yercaud|Nallur,2025,25,99.0,2025-06-16,MGNREGA (historical),113.0,99.0,105.0,-12.389380530973451,0.0,-5.714285714285714,0,107.0,6.324555320336748,109.0,4.690415759823423,108.83333333333333,3.8573031873044057,108.83333333333333,3.8573031873044057,-2.549276750061523,0.9096477794793262,96.0,,96.0,3.125,1.0,0.0,12.431606198514247,4.9726424794057,False,0.0,9.096477794793262,4.2,LOW,🟢,Continue routine monitoring. No administrative action required at this time.,No significant deviation from normal demand patterns detected
Tamil Nadu,Salem,Yercaud,Nallur Gp,Nallur,Tamil Nadu|Salem|Yercaud|Nallur,2025,26,88.0,2025-06-23,MGNREGA (historical),99.0,113.0,111.0,-11.11111111111111,-22.123893805309734,-20.72072072072072,0,105.5,7.549834435270742,107.5,5.756983337031389,107.83333333333333,4.706539615419796,107.83333333333333,4.706539615419796,-4.213994771945484,0.8160741885625966,90.0,,90.0,-2.2222222222222223,1.0,0.0,30.88731164698921,12.354924658795685,False,0.0,8.160741885625967,6.2,LOW,🟢,Continue routine monitoring. No administrative action required at this time.,No significant deviation from normal demand patterns detected
Tamil Nadu,Salem,Yercaud,Nallur Gp,Nallur,Tamil Nadu|Salem|Yercaud|Nallur,2025,27,84.0,2025-06-30,MGNREGA (historical),88.0,99.0,99.0,-4.545454545454546,-15.151515151515152,-15.151515151515152,0,99.75,10.24288370853963,104.5,8.618916073713343,106.16666666666667,7.4080218600371674,106.16666666666667,7.4080218600371674,-2.9922517894075784,0.7912087912087912,82.0,,82.0,2.4390243902439024,1.0,0.0,14.122332324969927,5.648932929987971,False,0.0,7.9120879120879115,4.1,LOW,🟢,Continue routine monitoring. No administrative action required at this time.,No significant deviation from normal demand patterns detected
Tamil Nadu,Salem,Yercaud,Nallur Gp,Nallur,Tamil Nadu|Salem|Yercaud|Nallur,2025,28,90.0,2025-07-07,MGNREGA (historical),84.0,88.0,113.0,7.142857142857142,2.272727272727273,-20.353982300884958,1,96.0,12.987173159185435,101.25,10.859492227013718,104.16666666666667,9.740574309494711,104.16666666666667,9.740574309494711,-1.4543974735511835,0.864,88.0,,88.0,2.272727272727273,1.0,0.0,14.774224974364863,5.909689989745946,False,26.428571428571427,8.64,14.9,LOW,🟢,Continue routine monitoring. No administrative action required at this time.,Demand increased 7% in the latest week
Tamil Nadu,Salem,Yercaud,Nallur Gp,Nallur,Tamil Nadu|Salem|Yercaud|Nallur,2025,29,83.0,2025-07-14,MGNREGA (historical),90.0,84.0,99.0,-7.777777777777778,-1.1904761904761905,-16.161616161616163,0,90.25,6.34428877022475,98.625,10.702970215251995,102.75,10.49783527469096,102.75,10.49783527469096,-1.8813402461757915,0.8077858880778589,79.0,,79.0,5.063291139240507,1.0,0.0,4.655928788183827,1.862371515273531,False,0.0,8.077858880778589,3.0,LOW,🟢,Continue routine monitoring. No administrative action required at this time.,No significant deviation from normal demand patterns detected
Tamil Nadu,Salem,Yercaud,Nallur Gp,Nallur,Tamil Nadu|Salem|Yercaud|Nallur,2025,30,86.0,2025-07-21,MGNREGA (historical),83.0,90.0,88.0,3.614457831325301,-4.444444444444445,-2.272727272727273,1,86.25,3.3040379335998127,95.875,11.61818156413226,100.41666666666667,11.555859067498139,100.41666666666667,11.555859067498139,-1.2475633860242208,0.8564315352697095,85.0,,85.0,1.1764705882352942,1.0,0.0,7.327149821862987,2.930859928745195,False,14.457831325301203,8.564315352697095,9.2,LOW,🟢,Continue routine monitoring. No administrative action required at this time.,No significant deviation from normal demand patterns detected
Tamil Nadu,Salem,Yercaud,Nallur Gp,Nallur,Tamil Nadu|Salem|Yercaud|Nallur,2025,31,82.0,2025-07-28,MGNREGA (historical),86.0,83.0,84.0,-4.651162790697675,-1.2048192771084338,-2.380952380952381,0,85.75,3.0956959368344283,92.75,10.250435530816652,98.25,11.623839140474903,98.25,11.623839140474903,-1.3979890639931973,0.8346055979643766,75.0,,75.0,9.333333333333334,1.0,0.0,4.549998592997998,1.8199994371991992,False,0.0,8.346055979643767,3.0,LOW,🟢,Continue routine monitoring. No administrative action required at this time.,No significant deviation from normal demand patterns detected
Tamil Nadu,Salem,Yercaud,Nallur Gp,Nallur,Tamil Nadu|Salem|Yercaud|Nallur,2025,32,77.0,2025-08-04,MGNREGA (historical),82.0,86.0,90.0,-6.097560975609756,-10.465116279069768,-14.444444444444443,0,85.25,3.5939764421412836,90.625,10.528023827589184,95.91666666666667,11.85870093554887,95.91666666666667,11.85870093554887,-1.5951719138105687,0.8027801911381407,86.0,,86.0,-10.465116279069768,1.0,0.0,3.974758419334048,1.5899033677336192,False,0.0,8.027801911381406,2.9,LOW,🟢,Continue routine monitoring. No administrative action required at this time.,No significant deviation from normal demand patterns detected
Tamil Nadu,Salem,Yercaud,Nallur Gp,Nallur,Tamil Nadu|Salem|Yercaud|Nallur,2025,33,71.0,2025-08-11,MGNREGA (historical),77.0,82.0,83.0,-7.792207792207792,-13.414634146341465,-14.457831325301203,0,82.0,3.7416573867739236,86.125,6.534250421542511,93.08333333333333,11.988315017953791,93.08333333333333,11.988315017953791,-1.842071492137232,0.7627573858549687,71.0,,71.0,0.0,1.0,0.0,7.243858804119466,2.8975435216477865,False,0.0,7.627573858549686,3.2,LOW,🟢,Continue routine monitoring. No administrative action required at this time.,No significant deviation from normal demand patterns detected
Tamil Nadu,Salem,Yercaud,Nallur Gp,Nallur,Tamil Nadu|Salem|Yercaud|Nallur,2025,34,65.0,2025-08-18,MGNREGA (historical),71.0,77.0,86.0,-8.450704225352112,-15.584415584415584,-24.418604651162788,0,79.0,6.480740698407851,82.625,6.1397417349126755,90.25,12.899083829340855,90.25,12.899083829340855,-1.9575033648952012,0.7202216066481995,71.0,,71.0,-8.450704225352112,1.0,0.0,18.00519907732244,7.202079630928977,False,0.0,7.202216066481995,4.3,LOW,🟢,Continue routine monitoring. No administrative action required at this time.,No significant deviation from normal demand patterns detected
Tamil Nadu,Salem,Yercaud,Nallur Gp,Nallur,Tamil Nadu|Salem|Yercaud|Nallur,2025,35,69.0,2025-08-25,MGNREGA (historical),65.0,71.0,82.0,6.153846153846154,-2.8169014084507045,-15.853658536585366,1,73.75,7.365459931328111,79.75,8.276472678623422,86.41666666666667,13.00669990521197,86.41666666666667,13.00669990521197,-1.3390534719485274,0.798457087753134,76.0,,76.0,-9.210526315789473,1.0,0.0,15.489337619331966,6.195735047732787,False,23.461538461538463,7.98457087753134,13.6,LOW,🟢,Continue routine monitoring. No administrative action required at this time.,Demand increased 6% in the latest week
Tamil Nadu,Salem,Yercaud,Nallur Gp,Nallur,Tamil Nadu|Salem|Yercaud|Nallur,2025,36,75.0,2025-09-01,MGNREGA (historical),69.0,65.0,77.0,8.695652173913043,15.384615384615385,-2.5974025974025974,2,70.5,4.99999999999999,77.875,8.854982455415382,83.91666666666667,13.249070865078696,83.91666666666667,13.249070865078696,-0.6730031681065892,0.8937437934458788,63.0,,63.0,19.047619047619047,1.0,0.0,15.096919183299379,6.038767673319752,False,31.08695652173913,8.937437934458789,16.9,LOW,🟢,Continue routine monitoring. No administrative action required at this time.,Demand increased 9% in the latest week
Tamil Nadu,Salem,Yercaud,Nallur Gp,Nallur,Tamil Nadu|Salem|Yercaud|Nallur,2025,37,70.0,2025-09-08,MGNREGA (historical),75.0,69.0,71.0,-6.666666666666667,1.4492753623188406,-1.4084507042253522,0,70.0,4.163331998932254,76.0,7.387247699341649,80.75,9.743296063541134,80.75,9.743296063541134,-1.1033227287658738,0.8668730650154799,70.0,,70.0,0.0,1.0,0.0,3.0605576701898247,1.22422306807593,False,0.0,8.6687306501548,3.0,LOW,🟢,Continue routine monitoring. No administrative action required at this time.,No significant deviation from normal demand patterns detected
Tamil Nadu,Salem,Yercaud,Nallur Gp,Nallur,Tamil Nadu|Salem|Yercaud|Nallur,2025,38,61.0,2025-09-15,MGNREGA (historical),70.0,75.0,65.0,-12.857142857142856,-18.666666666666668,-6.153846153846154,0,69.75,4.11298755975101,74.375,7.049569389078208,78.33333333333333,8.293845838202953,78.33333333333333,8.293845838202953,-2.0899030041639866,0.7787234042553192,75.0,,75.0,-18.666666666666668,1.0,0.0,9.996807425252445,3.998722970100978,False,0.0,7.787234042553192,3.5,LOW,🟢,Continue routine monitoring. No administrative action required at this time.,No significant deviation from normal demand patterns detected
Tamil Nadu,Salem,Yercaud,Nallur Gp,Nallur,Tamil Nadu|Salem|Yercaud|Nallur,2025,39,69.0,2025-09-22,MGNREGA (historical),61.0,70.0,69.0,13.114754098360656,-1.4285714285714286,0.0,1,68.75,5.795112883571228,71.25,6.692212958783827,76.08333333333333,9.059985283284442,76.08333333333333,9.059985283284442,-0.7818261411971594,0.9069003285870756,59.0,,59.0,16.94915254237288,1.0,0.0,5.341175890463231,2.1364703561852925,False,41.22950819672131,9.069003285870757,19.9,LOW,🟢,Continue routine monitoring. No administrative action required at this time.,Demand increased 13% in the latest week
Tamil Nadu,Salem,Yercaud,Nallur Gp,Nallur,Tamil Nadu|Salem|Yercaud|Nallur,2025,40,70.0,2025-09-29,MGNREGA (historical),69.0,61.0,75.0,1.4492753623188406,14.754098360655737,-6.666666666666667,2,68.75,5.795112883571228,69.625,5.097268175909793,74.83333333333333,8.901821400276543,74.83333333333333,8.901821400276543,-0.5429600433438462,0.9354120267260579,68.0,,68.0,2.941176470588235,1.0,0.0,12.366347679877757,4.946539071951103,False,5.797101449275362,9.35412026726058,6.6,LOW,🟢,Continue routine monitoring. No administrative action required at this time.,No significant deviation from normal demand patterns detected
Tamil Nadu,Salem,Yercaud,Nallur Gp,Nallur,Tamil Nadu|Salem|Yercaud|Nallur,2025,41,63.0,2025-10-06,MGNREGA (historical),70.0,69.0,70.0,-10.0,-8.695652173913043,-10.0,0,67.5,4.358898943540663,68.75,4.166190448976468,73.16666666666667,7.577878490992011,73.16666666666667,7.577878490992011,-1.3416243977456237,0.8610478359908883,70.0,,70.0,-10.0,1.0,0.0,2.0011798480683503,0.8004719392273402,False,0.0,8.610478359908884,2.8,LOW,🟢,Continue routine monitoring. No administrative action required at this time.,No significant deviation from normal demand patterns detected
Tamil Nadu,Salem,Yercaud,Nallur Gp,Nallur,Tamil Nadu|Salem|Yercaud|Nallur,2025,42,69.0,2025-10-13,MGNREGA (historical),63.0,70.0,61.0,9.523809523809524,-1.4285714285714286,13.114754098360656,1,65.75,4.425306015783908,67.75,4.496029994816049,71.5,7.416198487095439,71.5,7.416198487095439,-0.33709993123163123,0.965034965034965,72.0,,72.0,-4.166666666666666,1.0,0.0,3.5667015217135014,1.4266806086854007,False,33.57142857142857,9.65034965034965,16.8,LOW,🟢,Continue routine monitoring. No administrative action required at this time.,Demand increased 10% in the latest week
Tamil Nadu,Salem,Yercaud,Nallur Gp,Nallur,Tamil Nadu|Salem|Yercaud|Nallur,2025,43,69.0,2025-10-20,MGNREGA (historical),69.0,63.0,69.0,0.0,9.523809523809524,0.0,0,67.75,3.2015621187164123,68.25,4.367084676466494,70.08333333333333,5.853644293527577,70.08333333333333,5.853644293527577,-0.18506989475448296,0.9845422116527943,62.0,,62.0,11.29032258064516,1.0,0.0,0.46092468692322763,0.18436987476929106,False,0.0,9.845422116527944,3.0,LOW,🟢,Continue routine monitoring. No administrative action required at this time.,No significant deviation from normal demand patterns detected
Tamil Nadu,Salem,Yercaud,Nallur Gp,Nallur,Tamil Nadu|Salem|Yercaud|Nallur,2025,44,64.0,2025-10-27,MGNREGA (historical),69.0,69.0,70.0,-7.246376811594203,-7.246376811594203,-8.571428571428571,0,67.75,3.2015621187164123,68.25,4.367084676466494,69.0,4.492417854765344,69.0,4.492417854765344,-1.112986405460088,0.927536231884058,63.0,,63.0,1.5873015873015872,1.0,0.0,1.0512047196379741,0.4204818878551897,False,0.0,9.27536231884058,2.9,LOW,🟢,Continue routine monitoring. No administrative action required at this time.,No significant deviation from normal demand patterns detected
Tamil Nadu,Salem,Yercaud,Nallur Gp,Nallur,Tamil Nadu|Salem|Yercaud|Nallur,2025,45,73.0,2025-11-03,MGNREGA (historical),64.0,69.0,63.0,14.0625,5.797101449275362,15.873015873015872,1,66.25,3.2015621187164123,66.875,3.6030740843261544,67.91666666666667,3.9186809778363796,67.91666666666667,3.9186809778363796,1.297205197892886,1.0748466257668712,74.0,,74.0,-1.3513513513513513,1.0,25.944103957857724,8.113815678211196,18.81198864599911,False,43.125,19.3558282208589,28.7,LOW,🟢,Continue routine monitoring. No administrative action required at this time.,Demand increased 14% in the latest week
Tamil Nadu,Salem,Yercaud,Nallur Gp,Nallur,Tamil Nadu|Salem|Yercaud|Nallur,2025,46,76.0,2025-11-10,MGNREGA (historical),73.0,64.0,69.0,4.10958904109589,18.75,10.144927536231885,2,68.75,3.6855573979159884,67.25,4.097037257057127,68.08333333333333,4.100073909163366,68.08333333333333,4.100073909163366,1.9308595020625114,1.1162790697674418,75.0,,75.0,1.3333333333333335,1.0,38.617190041250225,10.19223488014803,27.247207976809346,False,16.43835616438356,24.53488372093023,22.1,LOW,🟢,Continue routine monitoring. No administrative action required at this time.,Current demand is 12% above its historical baseline · Current demand is 1.9 standard deviations above baseline
Tamil Nadu,Salem,Yercaud,Nallur Gp,Nallur,Tamil Nadu|Salem|Yercaud|Nallur,2025,47,81.0,2025-11-17,MGNREGA (historical),76.0,73.0,69.0,6.578947368421052,10.95890410958904,17.391304347826086,3,70.5,5.196152422706625,69.125,4.257346591481589,69.0,4.552721463835559,69.0,4.552721463835559,2.6357861106421137,1.173913043478261,76.0,,76.0,6.578947368421052,1.0,52.71572221284227,22.986812177337285,40.824158198640276,False,24.736842105263158,31.739130434782627,31.7,LOW,🟢,Continue routine monitoring. No administrative action required at this time.,Demand increased 7% in the latest week · Current demand is 17% above its historical baseline · Current demand is 2.6 standard deviations above baseline · Momentum has increased for 3 consecutive weeks
Tamil Nadu,Salem,Yercaud,Nallur Gp,Nallur,Tamil Nadu|Salem|Yercaud|Nallur,2025,48,83.0,2025-11-24,MGNREGA (historical),81.0,76.0,64.0,2.4691358024691357,9.210526315789473,29.6875,4,73.5,7.141428428542844,70.625,5.97464882410912,70.0,5.720775535473245,70.0,5.720775535473245,2.272419171035451,1.1857142857142857,79.0,,79.0,5.063291139240507,1.0,45.448383420709014,38.13355387114099,42.5224516008818,False,9.876543209876543,33.21428571428572,26.7,LOW,🟢,Continue routine monitoring. No administrative action required at this time.,Current demand is 19% above its historical baseline · Current demand is 2.3 standard deviations above baseline · Momentum has increased for 4 consecutive weeks
Tamil Nadu,Salem,Yercaud,Nallur Gp,Nallur,Tamil Nadu|Salem|Yercaud|Nallur,2025,49,72.0,2025-12-01,MGNREGA (historical),83.0,81.0,73.0,-13.253012048192772,-11.11111111111111,-1.36986301369863,0,78.25,4.573474244670737,72.25,7.382411530116695,70.66666666666667,6.733003292241134,70.66666666666667,6.733003292241134,0.19802950859534157,1.0188679245283019,76.0,,76.0,-5.263157894736842,1.0,3.9605901719068317,7.285428225971885,5.290525393532853,False,0.0,12.358490566037736,5.3,LOW,🟢,Continue routine monitoring. No administrative action required at this time.,No significant deviation from normal demand patterns detected
Tamil Nadu,Salem,Yercaud,Nallur Gp,Nallur,Tamil Nadu|Salem|Yercaud|Nallur,2025,50,77.0,2025-12-08,MGNREGA (historical),72.0,83.0,76.0,6.944444444444445,-7.228915662650602,1.3157894736842104,1,78.0,4.96655480858377,73.375,6.390562237728823,70.83333333333333,6.739750917076911,70.83333333333333,6.739750917076911,0.914969520764012,1.0870588235294119,83.0,,83.0,-7.228915662650602,1.0,18.29939041528024,0.9692342338830475,11.367327942721362,False,25.833333333333336,20.882352941176485,20.0,LOW,🟢,Continue routine monitoring. No administrative action required at this time.,Demand increased 7% in the latest week
Tamil Nadu,Salem,Yercaud,Nallur Gp,Nallur,Tamil Nadu|Salem|Yercaud|Nallur,2025,51,87.0,2025-12-15,MGNREGA (historical),77.0,72.0,81.0,12.987012987012985,20.833333333333336,7.4074074074074066,2,78.25,4.8562674281111455,74.375,6.2321172737911175,72.16666666666667,6.1766912786306625,72.16666666666667,6.1766912786306625,2.4015014939554815,1.20554272517321,86.0,,86.0,1.1627906976744187,1.0,48.030029879109634,16.16583053811361,35.28435014271122,False,40.97402597402597,35.46189376443417,37.6,LOW,🟢,Continue routine monitoring. No administrative action required at this time.,Demand increased 13% in the latest week · Current demand is 21% above its historical baseline · Current demand is 2.4 standard deviations above baseline
Tamil Nadu,Salem,Yercaud,Nallur Gp,Nallur,Tamil Nadu|Salem|Yercaud|Nallur,2025,52,90.0,2025-12-22,MGNREGA (historical),87.0,77.0,83.0,3.4482758620689653,16.883116883116884,8.433734939759036,3,79.75,6.601767440112781,76.625,7.190022849159,73.66666666666667,7.401883462192311,73.66666666666667,7.401883462192311,2.206645567545274,1.2217194570135745,83.0,,83.0,8.433734939759036,1.0,44.13291135090548,19.95751353158878,34.462752223178796,False,13.793103448275861,36.809954751131215,26.9,LOW,🟢,Continue routine monitoring. No administrative action required at this time.,Current demand is 22% above its historical baseline · Current demand is 2.2 standard deviations above baseline · Momentum has increased for 3 consecutive weeks
Tamil Nadu,Villupuram,Gingee,Melpakkam Gp,Melpakkam,Tamil Nadu|Villupuram|Gingee|Melpakkam,2024,1,9.0,2024-01-01,MGNREGA (historical),,,,,,,0,,,,,,,,,0.0,1.0,,,,,0.6,0.0,0.0,0.0,False,0.0,10.0,3.0,LOW,🟢,Continue routine monitoring. No administrative action required at this time.,No significant deviation from normal demand patterns detected
Tamil Nadu,Villupuram,Gingee,Melpakkam Gp,Melpakkam,Tamil Nadu|Villupuram|Gingee|Melpakkam,2024,2,9.0,2024-01-08,MGNREGA (historical),9.0,,,0.0,,,0,,,,,,,,,0.0,1.0,,,,,0.6,0.0,0.0,0.0,False,0.0,10.0,3.0,LOW,🟢,Continue routine monitoring. No administrative action required at this time.,No significant deviation from normal demand patterns detected
Tamil Nadu,Villupuram,Gingee,Melpakkam Gp,Melpakkam,Tamil Nadu|Villupuram|Gingee|Melpakkam,2024,3,4.0,2024-01-15,MGNREGA (historical),9.0,9.0,,-55.55555555555556,-55.55555555555556,,0,,,,,,,,,0.0,1.0,,,,,0.26666666666666666,0.0,0.0,0.0,False,0.0,10.0,3.0,LOW,🟢,Continue routine monitoring. No administrative action required at this time.,No significant deviation from normal demand patterns detected
Tamil Nadu,Villupuram,Gingee,Melpakkam Gp,Melpakkam,Tamil Nadu|Villupuram|Gingee|Melpakkam,2024,4,8.0,2024-01-22,MGNREGA (historical),4.0,9.0,,100.0,-11.11111111111111,,1,7.333333333333333,2.8867513459481287,,,,,7.333333333333333,2.8867513459481287,0.2309401076758504,1.090909090909091,,,,,0.4888888888888889,4.6188021535170085,0.0,2.771281292110205,False,48.888888888888886,21.363636363636385,26.8,LOW,🟢,Continue routine monitoring. No administrative action required at this time.,Demand increased 100% in the latest week
Tamil Nadu,Villupuram,Gingee,Melpakkam Gp,Melpakkam,Tamil Nadu|Villupuram|Gingee|Melpakkam,2024,5,6.0,2024-01-29,MGNREGA (historical),8.0,4.0,9.0,-25.0,50.0,-33.33333333333333,0,7.5,2.380476142847616,7.5,2.380476142847616,,,7.5,2.380476142847616,-0.6301260378126046,0.8,,,,,0.5,0.0,33.88728270638009,13.554913082552037,False,0.0,8.0,6.5,LOW,🟢,Continue routine monitoring. No administrative action required at this time.,No significant deviation from normal demand patterns detected
Tamil Nadu,Villupuram,Gingee,Melpakkam Gp,Melpakkam,Tamil Nadu|Villupuram|Gingee|Melpakkam,2024,6,5.0,2024-02-05,MGNREGA (historical),6.0,8.0,9.0,-16.666666666666664,-37.5,-44.44444444444444,0,6.75,2.2173557826083448,7.2,2.16794833886788,,,7.2,2.16794833886788,-1.0147843288317737,0.6944444444444444,,,,,0.48000000000000004,0.0,38.67425881142989,15.469703524571955,False,0.0,6.944444444444445,6.7,LOW,🟢,Continue routine monitoring. No administrative action required at this time.,No significant deviation from normal demand patterns detected
Tamil Nadu,Villupuram,Gingee,Melpakkam Gp,Melpakkam,Tamil Nadu|Villupuram|Gingee|Melpakkam,2024,7,6.0,2024-02-12,MGNREGA (historical),5.0,6.0,4.0,20.0,0.0,50.0,1,5.75,1.7078251276599328,6.833333333333333,2.136976056643281,6.833333333333333,2.136976056643281,6.833333333333333,2.136976056643281,-0.3899591344239562,0.8780487804878049,,,,,0.45555555555555555,0.0,34.43070159057328,13.772280636229311,False,25.055555555555554,8.78048780487805,16.8,LOW,🟢,Continue routine monitoring. No administrative action required at this time.,Demand increased 20% in the latest week
Tamil Nadu,Villupuram,Gingee,Melpakkam Gp,Melpakkam,Tamil Nadu|Villupuram|Gingee|Melpakkam,2024,8,8.0,2024-02-19,MGNREGA (historical),6.0,5.0,8.0,33.33333333333333,60.0,0.0,2,6.25,1.2583057392117911,6.714285714285714,1.9760470401187074,6.714285714285714,1.9760470401187074,6.714285714285714,1.9760470401187074,0.6506496351610378,1.1914893617021276,,,,,0.44761904761904764,13.012992703220755,31.897881927637773,20.566948392987562,False,33.57142857142857,33.93617021276596,29.8,LOW,🟢,Continue routine monitoring. No administrative action required at this time.,Demand increased 33% in the latest week · Current demand is 19% above its historical baseline
Tamil Nadu,Villupuram,Gingee,Melpakkam Gp,Melpakkam,Tamil Nadu|Villupuram|Gingee|Melpakkam,2024,9,7.0,2024-02-26,MGNREGA (historical),8.0,6.0,6.0,-12.5,16.666666666666664,16.666666666666664,0,6.25,1.2583057392117911,6.875,1.8850918886280925,6.875,1.8850918886280925,6.875,1.8850918886280925,0.06630976492661632,1.018181818181818,,,,,0.4583333333333333,1.3261952985323264,11.003031452071962,5.196929759948181,False,0.0,12.27272727272726,5.2,LOW,🟢,Continue routine monitoring. No administrative action required at this time.,No significant deviation from normal demand patterns detected
Tamil Nadu,Villupuram,Gingee,Melpakkam Gp,Melpakkam,Tamil Nadu|Villupuram|Gingee|Melpakkam,2024,10,7.0,2024-03-04,MGNREGA (historical),7.0,8.0,5.0,0.0,-12.5,40.0,0,6.5,1.2909944487358052,6.625,1.685018016012207,6.888888888888889,1.7638342073763937,6.888888888888889,1.7638342073763937,0.06299407883487099,1.0161290322580645,,,,,0.4592592592592593,1.2598815766974196,20.903128124575055,9.117180195848475,False,0.0,12.016129032258064,6.3,LOW,🟢,Continue routine monitoring. No administrative action required at this time.,No significant deviation from normal demand patterns detected
Tamil Nadu,Villupuram,Gingee,Melpakkam Gp,Melpakkam,Tamil Nadu|Villupuram|Gingee|Melpakkam,2024,11,6.0,2024-03-11,MGNREGA (historical),7.0,7.0,6.0,-14.285714285714285,-14.285714285714285,0.0,0,7.0,0.8164965809277254,6.375,1.4078859531733587,6.9,1.66332999331662,6.9,1.66332999331662,-0.5410832508379367,0.8695652173913043,,,,,0.46,0.0,9.324199327797213,3.7296797311188854,False,0.0,8.695652173913043,3.7,LOW,🟢,Continue routine monitoring. No administrative action required at this time.,No significant deviation from normal demand patterns detected
Tamil Nadu,Villupuram,Gingee,Melpakkam Gp,Melpakkam,Tamil Nadu|Villupuram|Gingee|Melpakkam,2024,12,11.0,2024-03-18,MGNREGA (historical),6.0,7.0,8.0,83.33333333333334,57.14285714285714,37.5,1,7.0,0.8164965809277254,6.625,1.060660171779821,6.818181818181818,1.6011359603844901,6.818181818181818,1.6011359603844901,2.6117820630385298,1.6133333333333333,,,,,0.45454545454545453,52.23564126077059,69.28145263355599,59.05396580988475,False,45.45454545454545,67.55555555555556,56.2,MODERATE,🟡,Increase monitoring frequency. Review recent employment demand trends for this village.,Demand increased 83% in the latest week · Current demand is 61% above its historical baseline · Current demand is 2.6 standard deviations above baseline
Tamil Nadu,Villupuram,Gingee,Melpakkam Gp,Melpakkam,Tamil Nadu|Villupuram|Gingee|Melpakkam,2024,13,6.0,2024-03-25,MGNREGA (historical),11.0,6.0,7.0,-45.45454545454545,0.0,-14.285714285714285,0,7.75,2.2173557826083448,7.0,1.8516401995451028,7.166666666666667,1.9462473604038073,7.166666666666667,1.9462473604038073,-0.5994441870043729,0.8372093023255813,,,,,0.4777777777777778,0.0,39.64156012422404,15.856624049689618,False,0.0,8.372093023255813,7.3,LOW,🟢,Continue routine monitoring. No administrative action required at this time.,No significant deviation from normal demand patterns detected
Tamil Nadu,Villupuram,Gingee,Melpakkam Gp,Melpakkam,Tamil Nadu|Villupuram|Gingee|Melpakkam,2024,14,8.0,2024-04-01,MGNREGA (historical),6.0,11.0,7.0,33.33333333333333,-27.27272727272727,14.285714285714285,1,7.5,2.380476142847616,7.0,1.8516401995451028,6.916666666666667,1.880924981991251,6.916666666666667,1.880924981991251,0.5759577567981773,1.1566265060240963,,,,,0.46111111111111114,11.519155135963546,24.34578896475242,16.649808667479096,False,34.583333333333336,29.578313253012045,27.7,LOW,🟢,Continue routine monitoring. No administrative action required at this time.,Demand increased 33% in the latest week · Current demand is 16% above its historical baseline
Tamil Nadu,Villupuram,Gingee,Melpakkam Gp,Melpakkam,Tamil Nadu|Villupuram|Gingee|Melpakkam,2024,15,7.0,2024-04-08,MGNREGA (historical),8.0,6.0,6.0,-12.5,16.666666666666664,16.666666666666664,0,7.75,2.362907813126304,7.375,1.6850180160122068,6.833333333333333,1.80067327475704,6.833333333333333,1.80067327475704,0.09255797206695082,1.024390243902439,,,,,0.45555555555555555,1.8511594413390164,10.89821906134081,5.4699832893397335,False,0.0,13.048780487804882,5.6,LOW,🟢,Continue routine monitoring. No administrative action required at this time.,No significant deviation from normal demand patterns detected
Tamil Nadu,Villupuram,Gingee,Melpakkam Gp,Melpakkam,Tamil Nadu|Villupuram|Gingee|Melpakkam,2024,16,8.0,2024-04-15,MGNREGA (historical),7.0,8.0,11.0,14.285714285714285,0.0,-27.27272727272727,1,8.0,2.1602468994692865,7.5,1.6035674514745462,7.083333333333333,1.5642792899510294,7.083333333333333,1.5642792899510294,0.5859993624893952,1.1294117647058823,,,,,0.4722222222222222,11.719987249787904,17.88737359990559,14.186941789834979,False,20.575396825396822,26.176470588235297,20.3,LOW,🟢,Continue routine monitoring. No administrative action required at this time.,Demand increased 14% in the latest week · Current demand is 13% above its historical baseline
Tamil Nadu,Villupuram,Gingee,Melpakkam Gp,Melpakkam,Tamil Nadu|Villupuram|Gingee|Melpakkam,2024,17,9.0,2024-04-22,MGNREGA (historical),8.0,7.0,6.0,12.5,28.57142857142857,50.0,2,7.25,0.9574271077563375,7.5,1.6035674514745462,7.083333333333333,1.5642792899510294,7.083333333333333,1.5642792899510294,1.2252713942960078,1.2705882352941178,,,,,0.4722222222222222,24.505427885920156,37.75724106498532,29.806153157546223,False,18.88888888888889,40.882352941176485,28.8,LOW,🟢,Continue routine monitoring. No administrative action required at this time.,Demand increased 12% in the latest week · Current demand is 27% above its historical baseline
Tamil Nadu,Villupuram,Gingee,Melpakkam Gp,Melpakkam,Tamil Nadu|Villupuram|Gingee|Melpakkam,2024,18,7.0,2024-04-29,MGNREGA (historical),9.0,8.0,8.0,-22.22222222222222,-12.5,-12.5,0,8.0,0.8164965809277251,7.75,1.6690459207925603,7.333333333333333,1.614329769923297,7.333333333333333,1.614329769923297,-0.20648404033902626,0.9545454545454546,,,,,0.4888888888888889,0.0,16.863950070098447,6.745580028039379,False,0.0,9.545454545454547,4.9,LOW,🟢,Continue routine monitoring. No administrative action required at this time.,No significant deviation from normal demand patterns detected
Tamil Nadu,Villupuram,Gingee,Melpakkam Gp,Melpakkam,Tamil Nadu|Villupuram|Gingee|Melpakkam,2024,19,7.0,2024-05-06,MGNREGA (historical),7.0,9.0,7.0,0.0,-22.22222222222222,0.0,0,7.75,0.9574271077563373,7.75,1.6690459207925603,7.5,1.4459976109624422,7.5,1.4459976109624422,-0.3457820374040624,0.9333333333333333,,,,,0.5,0.0,1.6812417330900369,0.6724966932360148,False,0.0,9.333333333333334,3.0,LOW,🟢,Continue routine monitoring. No administrative action required at this time.,No significant deviation from normal demand patterns detected
Tamil Nadu,Villupuram,Gingee,Melpakkam Gp,Melpakkam,Tamil Nadu|Villupuram|Gingee|Melpakkam,2024,20,7.0,2024-05-13,MGNREGA (historical),7.0,7.0,8.0,0.0,0.0,-12.5,0,7.75,0.9574271077563373,7.875,1.5526475085202969,7.583333333333333,1.3789543689024486,7.583333333333333,1.3789543689024486,-0.42302584225294243,0.9230769230769231,,,,,0.5055555555555555,0.0,2.481890635476786,0.9927562541907143,False,0.0,9.230769230769232,3.1,LOW,🟢,Continue routine monitoring. No administrative action required at this time.,No significant deviation from normal demand patterns detected
Tamil Nadu,Villupuram,Gingee,Melpakkam Gp,Melpakkam,Tamil Nadu|Villupuram|Gingee|Melpakkam,2024,21,12.0,2024-05-20,MGNREGA (historical),7.0,7.0,9.0,71.42857142857143,71.42857142857143,33.33333333333333,1,7.5,0.9999999999999993,7.375,0.9161253813129041,7.5,1.3816985594155144,7.5,1.3816985594155144,3.2568608900508575,1.6,,,,,0.5,65.13721780101716,68.62199337114318,66.53112802906756,True,50.0,66.66666666666667,60.0,HIGH,🟠,Review pending employment demand and wage payment status. Assess availability of VB-G RAM G work and consider additional employment allocation.,Demand increased 71% in the latest week · Current demand is 60% above its historical baseline · Current demand is 3.3 standard deviations above baseline · Statistical/ML anomaly detection flagged this week as abnormal
Tamil Nadu,Villupuram,Gingee,Melpakkam Gp,Melpakkam,Tamil Nadu|Villupuram|Gingee|Melpakkam,2024,22,7.0,2024-05-27,MGNREGA (historical),12.0,7.0,7.0,-41.66666666666667,0.0,0.0,0,8.25,2.5,8.125,1.7268882005337975,7.916666666666667,1.8809249819912508,7.916666666666667,1.8809249819912508,-0.4873488711369196,0.8842105263157894,,,,,0.5277777777777778,0.0,33.00913607223188,13.203654428892754,False,0.0,8.842105263157894,6.6,LOW,🟢,Continue routine monitoring. No administrative action required at this time.,No significant deviation from normal demand patterns detected
Tamil Nadu,Villupuram,Gingee,Melpakkam Gp,Melpakkam,Tamil Nadu|Villupuram|Gingee|Melpakkam,2024,23,7.0,2024-06-03,MGNREGA (historical),7.0,12.0,7.0,0.0,-41.66666666666667,0.0,0,8.25,2.5,8.0,1.7728105208558367,7.916666666666667,1.8809249819912508,7.916666666666667,1.8809249819912508,-0.4873488711369196,0.8842105263157894,,,,,0.5277777777777778,0.0,3.2495748826992443,1.2998299530796977,False,0.0,8.842105263157894,3.0,LOW,🟢,Continue routine monitoring. No administrative action required at this time.,No significant deviation from normal demand patterns detected
Tamil Nadu,Villupuram,Gingee,Melpakkam Gp,Melpakkam,Tamil Nadu|Villupuram|Gingee|Melpakkam,2024,24,6.0,2024-06-10,MGNREGA (historical),7.0,7.0,7.0,-14.285714285714285,-14.285714285714285,-14.285714285714285,0,8.25,2.5,8.0,1.7728105208558367,8.0,1.8090680674665816,8.0,1.8090680674665816,-1.1055415967851334,0.75,,,,,0.5333333333333333,0.0,13.619672751479056,5.447869100591623,False,0.0,7.5,3.9,LOW,🟢,Continue routine monitoring. No administrative action required at this time.,No significant deviation from normal demand patterns detected
Tamil Nadu,Villupuram,Gingee,Melpakkam Gp,Melpakkam,Tamil Nadu|Villupuram|Gingee|Melpakkam,2024,25,7.0,2024-06-17,MGNREGA (historical),6.0,7.0,12.0,16.666666666666664,0.0,-41.66666666666667,1,8.0,2.70801280154532,7.75,1.9086270308410553,7.583333333333333,1.6213537179739277,7.583333333333333,1.6213537179739277,-0.35978166076078494,0.9230769230769231,,,,,0.5055555555555555,0.0,26.11898169686101,10.447592678744405,False,24.435185185185183,9.230769230769232,15.7,LOW,🟢,Continue routine monitoring. No administrative action required at this time.,Demand increased 17% in the latest week
Tamil Nadu,Villupuram,Gingee,Melpakkam Gp,Melpakkam,Tamil Nadu|Villupuram|Gingee|Melpakkam,2024,26,11.0,2024-06-24,MGNREGA (historical),7.0,6.0,7.0,57.14285714285714,83.33333333333334,57.14285714285714,2,6.75,0.5000000000000003,7.5,1.8516401995451028,7.666666666666667,1.5569978883230458,7.666666666666667,1.5569978883230458,2.140872096444188,1.434782608695652,,,,,0.5111111111111112,42.81744192888376,61.08825073568618,50.12576545160473,False,51.11111111111112,54.565217391304344,51.9,MODERATE,🟡,Increase monitoring frequency. Review recent employment demand trends for this village.,Demand increased 57% in the latest week · Current demand is 43% above its historical baseline · Current demand is 2.1 standard deviations above baseline
Tamil Nadu,Villupuram,Gingee,Melpakkam Gp,Melpakkam,Tamil Nadu|Villupuram|Gingee|Melpakkam,2024,27,8.0,2024-07-01,MGNREGA (historical),11.0,7.0,7.0,-27.27272727272727,14.285714285714285,14.285714285714285,0,7.75,2.217355782608345,8.0,2.2038926600773587,7.916666666666667,1.8319554050414562,7.916666666666667,1.8319554050414562,0.045488734662428774,1.0105263157894737,,,,,0.5277777777777778,0.9097746932485755,26.30506843195895,11.067892188732726,False,0.0,11.315789473684214,6.7,LOW,🟢,Continue routine monitoring. No administrative action required at this time.,No significant deviation from normal demand patterns detected
Tamil Nadu,Villupuram,Gingee,Melpakkam Gp,Melpakkam,Tamil Nadu|Villupuram|Gingee|Melpakkam,2024,28,4.0,2024-07-08,MGNREGA (historical),8.0,11.0,6.0,-50.0,-63.63636363636363,-33.33333333333333,0,8.0,2.160246899469287,8.125,2.1671244937540095,8.0,1.8090680674665818,8.0,1.8090680674665818,-2.2110831935702664,0.5,,,,,0.5333333333333333,0.0,65.67354570948383,26.269418283793534,False,0.0,5.0,9.4,LOW,🟢,Continue routine monitoring. No administrative action required at this time.,No significant deviation from normal demand patterns detected
Tamil Nadu,Villupuram,Gingee,Melpakkam Gp,Melpakkam,Tamil Nadu|Villupuram|Gingee|Melpakkam,2024,29,10.0,2024-07-15,MGNREGA (historical),4.0,8.0,7.0,150.0,25.0,42.857142857142854,1,7.5,2.886751345948129,7.75,2.6049403612586386,7.666666666666667,2.1461734799546393,7.666666666666667,2.1461734799546393,1.0872063023454421,1.3043478260869565,,,,,0.5111111111111112,21.744126046908843,73.48499563668076,42.440473882817614,False,51.11111111111112,43.69565217391305,46.3,MODERATE,🟡,Increase monitoring frequency. Review recent employment demand trends for this village.,Demand increased 150% in the latest week · Current demand is 30% above its historical baseline
Tamil Nadu,Villupuram,Gingee,Melpakkam Gp,Melpakkam,Tamil Nadu|Villupuram|Gingee|Melpakkam,2024,30,10.0,2024-07-22,MGNREGA (historical),10.0,4.0,11.0,0.0,150.0,-9.090909090909092,0,8.25,3.095695936834452,7.5,2.2038926600773596,7.75,2.2207697273283835,7.75,2.2207697273283835,1.013162225831843,1.2903225806451613,,,,,0.5166666666666667,20.26324451663686,21.67071659357477,20.82623334741202,False,0.0,42.526881720430104,19.0,LOW,🟢,Continue routine monitoring. No administrative action required at this time.,Current demand is 29% above its historical baseline
Tamil Nadu,Villupuram,Gingee,Melpakkam Gp,Melpakkam,Tamil Nadu|Villupuram|Gingee|Melpakkam,2024,31,7.0,2024-07-29,MGNREGA (historical),10.0,10.0,8.0,-30.0,-30.0,-12.5,0,8.0,2.8284271247461903,7.875,2.3566016694748035,8.0,2.2962419891481978,8.0,2.2962419891481978,-0.43549417035569277,0.875,,,,,0.5333333333333333,0.0,23.970854526778187,9.588341810711276,False,0.0,8.75,5.5,LOW,🟢,Continue routine monitoring. No administrative action required at this time.,No significant deviation from normal demand patterns detected
Tamil Nadu,Villupuram,Gingee,Melpakkam Gp,Melpakkam,Tamil Nadu|Villupuram|Gingee|Melpakkam,2024,32,13.0,2024-08-05,MGNREGA (historical),7.0,10.0,4.0,85.71428571428571,30.0,225.0,1,7.75,2.8722813232690143,7.875,2.3566016694748035,8.0,2.2962419891481978,8.0,2.2962419891481978,2.177470851778464,1.625,,,,,0.5333333333333333,43.54941703556928,88.82544142780839,61.659826792464926,True,53.333333333333336,68.33333333333333,60.3,HIGH,🟠,Review pending employment demand and wage payment status. Assess availability of VB-G RAM G work and consider additional employment allocation.,Demand increased 86% in the latest week · Current demand is 62% above its historical baseline · Current demand is 2.2 standard deviations above baseline · Statistical/ML anomaly detection flagged this week as abnormal
Tamil Nadu,Villupuram,Gingee,Melpakkam Gp,Melpakkam,Tamil Nadu|Villupuram|Gingee|Melpakkam,2024,33,8.0,2024-08-12,MGNREGA (historical),13.0,7.0,10.0,-38.46153846153847,14.285714285714285,-20.0,0,10.0,2.449489742783178,8.75,2.815771906346718,8.5,2.6798914496333954,8.5,2.6798914496333954,-0.18657472117700855,0.9411764705882353,,,,,0.5666666666666667,0.0,34.1383155528114,13.655326221124561,False,0.0,9.411764705882353,6.9,LOW,🟢,Continue routine monitoring. No administrative action required at this time.,No significant deviation from normal demand patterns detected
Tamil Nadu,Villupuram,Gingee,Melpakkam Gp,Melpakkam,Tamil Nadu|Villupuram|Gingee|Melpakkam,2024,34,6.0,2024-08-19,MGNREGA (historical),8.0,13.0,10.0,-25.0,-53.84615384615385,-40.0,0,9.5,2.6457513110645907,8.875,2.748376143938713,8.166666666666666,2.443296332763787,8.166666666666666,2.443296332763787,-0.8867801410792422,0.7346938775510204,,,,,0.5444444444444444,0.0,39.8410879137653,15.93643516550612,False,0.0,7.346938775510204,7.0,LOW,🟢,Continue routine monitoring. No administrative action required at this time.,No significant deviation from normal demand patterns detected
Tamil Nadu,Villupuram,Gingee,Melpakkam Gp,Melpakkam,Tamil Nadu|Villupuram|Gingee|Melpakkam,2024,35,6.0,2024-08-26,MGNREGA (historical),6.0,8.0,7.0,0.0,-25.0,-14.285714285714285,0,8.5,3.109126351029605,8.25,2.76457178290909,8.083333333333334,2.5030284687057627,8.083333333333334,2.5030284687057627,-0.8323250651681801,0.7422680412371133,,,,,0.538888888888889,0.0,13.349633942204816,5.339853576881927,False,0.0,7.422680412371133,3.8,LOW,🟢,Continue routine monitoring. No administrative action required at this time.,No significant deviation from normal demand patterns detected
Tamil Nadu,Villupuram,Gingee,Melpakkam Gp,Melpakkam,Tamil Nadu|Villupuram|Gingee|Melpakkam,2024,36,7.0,2024-09-02,MGNREGA (historical),6.0,6.0,13.0,16.666666666666664,16.666666666666664,-46.15384615384615,1,8.25,3.304037933599835,8.0,2.8784916685156983,8.0,2.5584085962673253,8.0,2.5584085962673253,-0.3908679799852858,0.875,,,,,0.5333333333333333,0.0,29.78333603506905,11.91333441402762,False,25.777777777777775,8.75,16.5,LOW,🟢,Continue routine monitoring. No administrative action required at this time.,Demand increased 17% in the latest week
Tamil Nadu,Villupuram,Gingee,Melpakkam Gp,Melpakkam,Tamil Nadu|Villupuram|Gingee|Melpakkam,2024,37,9.0,2024-09-09,MGNREGA (historical),7.0,6.0,8.0,28.57142857142857,50.0,12.5,2,6.75,0.9574271077563382,8.375,2.4458419526091335,8.083333333333334,2.5030284687057627,8.083333333333334,2.5030284687057627,0.3662230286739989,1.11340206185567,,,,,0.538888888888889,7.324460573479978,24.512829450500703,14.19980812428827,False,36.56746031746032,24.175257731958745,26.1,LOW,🟢,Continue routine monitoring. No administrative action required at this time.,Demand increased 29% in the latest week · Current demand is 11% above its historical baseline
Tamil Nadu,Villupuram,Gingee,Melpakkam Gp,Melpakkam,Tamil Nadu|Villupuram|Gingee|Melpakkam,2024,38,7.0,2024-09-16,MGNREGA (historical),9.0,7.0,6.0,-22.22222222222222,0.0,16.666666666666664,0,7.0,1.4142135623730951,8.25,2.375469878330842,8.25,2.490892501603683,8.25,2.490892501603683,-0.5018281596637457,0.8484848484848485,,,,,0.55,0.0,28.52078968574936,11.408315874299745,False,0.0,8.484848484848484,6.0,LOW,🟢,Continue routine monitoring. No administrative action required at this time.,No significant deviation from normal demand patterns detected
Tamil Nadu,Villupuram,Gingee,Melpakkam Gp,Melpakkam,Tamil Nadu|Villupuram|Gingee|Melpakkam,2024,39,6.0,2024-09-23,MGNREGA (historical),7.0,9.0,6.0,-14.285714285714285,-33.33333333333333,0.0,0,7.25,1.2583057392117918,7.875,2.2951812875799478,7.916666666666667,2.353269807709857,7.916666666666667,2.353269807709857,-0.8144695777709905,0.7578947368421053,,,,,0.5277777777777778,0.0,15.862171654529849,6.34486866181194,False,0.0,7.578947368421053,4.2,LOW,🟢,Continue routine monitoring. No administrative action required at this time.,No significant deviation from normal demand patterns detected
Tamil Nadu,Villupuram,Gingee,Melpakkam Gp,Melpakkam,Tamil Nadu|Villupuram|Gingee|Melpakkam,2024,40,9.0,2024-09-30,MGNREGA (historical),6.0,7.0,7.0,50.0,28.57142857142857,28.57142857142857,1,7.25,1.2583057392117918,7.75,2.375469878330842,7.75,2.4167972796469894,7.75,2.4167972796469894,0.5172134256053871,1.1612903225806452,,,,,0.5166666666666667,10.344268512107742,39.85085511751565,22.146903154270905,False,51.66666666666667,30.16129032258066,36.4,LOW,🟢,Continue routine monitoring. No administrative action required at this time.,Demand increased 50% in the latest week · Current demand is 16% above its historical baseline
Tamil Nadu,Villupuram,Gingee,Melpakkam Gp,Melpakkam,Tamil Nadu|Villupuram|Gingee|Melpakkam,2024,41,6.0,2024-10-07,MGNREGA (historical),9.0,6.0,9.0,-33.33333333333333,0.0,-33.33333333333333,0,7.75,1.5000000000000002,7.25,1.2817398889233138,8.166666666666666,2.1248885888797826,8.166666666666666,2.1248885888797826,-1.0196613027174797,0.7346938775510204,,,,,0.5444444444444444,0.0,44.129814379692554,17.651925751877023,False,0.0,7.346938775510204,7.5,LOW,🟢,Continue routine monitoring. No administrative action required at this time.,No significant deviation from normal demand patterns detected
Tamil Nadu,Villupuram,Gingee,Melpakkam Gp,Melpakkam,Tamil Nadu|Villupuram|Gingee|Melpakkam,2024,42,11.0,2024-10-14,MGNREGA (historical),6.0,9.0,7.0,83.33333333333334,22.22222222222222,57.14285714285714,1,7.0,1.4142135623730951,7.0,1.309307341415957,7.833333333333333,2.1248885888797826,7.833333333333333,2.1248885888797826,1.4902742116640093,1.4042553191489362,,,,,0.5222222222222223,29.80548423328019,65.6564192386487,44.145858235427596,False,52.22222222222223,52.02127659574468,49.7,MODERATE,🟡,Increase monitoring frequency. Review recent employment demand trends for this village.,Demand increased 83% in the latest week · Current demand is 40% above its historical baseline
Tamil Nadu,Villupuram,Gingee,Melpakkam Gp,Melpakkam,Tamil Nadu|Villupuram|Gingee|Melpakkam,2024,43,12.0,2024-10-21,MGNREGA (historical),11.0,6.0,6.0,9.090909090909092,100.0,100.0,2,8.0,2.449489742783178,7.625,1.846811924835415,7.916666666666667,2.2343733444579583,7.916666666666667,2.2343733444579583,1.8275071815824575,1.5157894736842106,,,,,0.5277777777777778,36.55014363164915,57.320940412925324,44.85846234415962,False,17.032828282828284,61.05263157894737,38.6,LOW,🟢,Continue routine monitoring. No administrative action required at this time.,Demand increased 9% in the latest week · Current demand is 52% above its historical baseline · Current demand is 1.8 standard deviations above baseline
Tamil Nadu,Villupuram,Gingee,Melpakkam Gp,Melpakkam,Tamil Nadu|Villupuram|Gingee|Melpakkam,2024,44,6.0,2024-10-28,MGNREGA (historical),12.0,11.0,9.0,-50.0,-45.45454545454545,-33.33333333333333,0,9.5,2.6457513110645907,8.375,2.2638462845343543,8.333333333333334,2.4984843890695503,8.333333333333334,2.4984843890695503,-0.9338995046522106,0.72,,,,,0.5555555555555556,0.0,54.384806809685585,21.753922723874236,False,0.0,7.199999999999999,8.7,LOW,🟢,Continue routine monitoring. No administrative action required at this time.,No significant deviation from normal demand patterns detected
Tamil Nadu,Villupuram,Gingee,Melpakkam Gp,Melpakkam,Tamil Nadu|Villupuram|Gingee|Melpakkam,2024,45,11.0,2024-11-04,MGNREGA (historical),6.0,12.0,6.0,83.33333333333334,-8.333333333333332,83.33333333333334,1,8.75,3.2015621187164247,8.25,2.3754698783308417,7.75,2.0943647333651394,7.75,2.0943647333651394,1.5517831962239133,1.4193548387096775,,,,,0.5166666666666667,31.035663924478264,72.28947099405029,47.53718675230708,False,51.66666666666667,53.27956989247312,50.9,MODERATE,🟡,Increase monitoring frequency. Review recent employment demand trends for this village.,Demand increased 83% in the latest week · Current demand is 42% above its historical baseline · Current demand is 1.6 standard deviations above baseline
Tamil Nadu,Villupuram,Gingee,Melpakkam Gp,Melpakkam,Tamil Nadu|Villupuram|Gingee|Melpakkam,2024,46,8.0,2024-11-11,MGNREGA (historical),11.0,6.0,11.0,-27.27272727272727,33.33333333333333,-27.27272727272727,0,10.0,2.7080128015453204,8.5,2.5634797778466227,8.0,2.2962419891481973,8.0,2.2962419891481973,0.0,1.0,,,,,0.5333333333333333,0.0,31.987675735455333,12.795070294182134,False,0.0,10.0,6.8,LOW,🟢,Continue routine monitoring. No administrative action required at this time.,No significant deviation from normal demand patterns detected
Tamil Nadu,Villupuram,Gingee,Melpakkam Gp,Melpakkam,Tamil Nadu|Villupuram|Gingee|Melpakkam,2024,47,6.0,2024-11-18,MGNREGA (historical),8.0,11.0,12.0,-25.0,-45.45454545454545,-50.0,0,9.25,2.7537852736430515,8.625,2.5035688811888406,8.166666666666666,2.2087978356535665,8.166666666666666,2.2087978356535665,-0.9809257468896269,0.7346938775510204,,,,,0.5444444444444444,0.0,43.67228649770878,17.468914599083515,False,0.0,7.346938775510204,7.4,LOW,🟢,Continue routine monitoring. No administrative action required at this time.,No significant deviation from normal demand patterns detected
Tamil Nadu,Villupuram,Gingee,Melpakkam Gp,Melpakkam,Tamil Nadu|Villupuram|Gingee|Melpakkam,2024,48,8.0,2024-11-25,MGNREGA (historical),6.0,8.0,6.0,33.33333333333333,0.0,33.33333333333333,1,7.75,2.362907813126305,8.625,2.5035688811888406,8.166666666666666,2.2087978356535665,8.166666666666666,2.2087978356535665,-0.0754558266838172,0.979591836734694,,,,,0.5444444444444444,0.0,33.28834398143058,13.315337592572233,False,40.83333333333333,9.795918367346939,23.3,LOW,🟢,Continue routine monitoring. No administrative action required at this time.,Demand increased 33% in the latest week
Tamil Nadu,Villupuram,Gingee,Melpakkam Gp,Melpakkam,Tamil Nadu|Villupuram|Gingee|Melpakkam,2024,49,9.0,2024-12-02,MGNREGA (historical),8.0,6.0,11.0,12.5,50.0,-18.181818181818183,2,8.25,2.0615528128088307,8.5,2.5071326821120348,8.25,2.179449471770337,8.25,2.179449471770337,0.3441236008058426,1.0909090909090908,,,,,0.55,6.882472016116852,20.40793627107304,12.292657718099328,False,22.0,21.363636363636356,18.9,LOW,🟢,Continue routine monitoring. No administrative action required at this time.,Demand increased 12% in the latest week
Tamil Nadu,Villupuram,Gingee,Melpakkam Gp,Melpakkam,Tamil Nadu|Villupuram|Gingee|Melpakkam,2024,50,8.0,2024-12-09,MGNREGA (historical),9.0,8.0,8.0,-11.11111111111111,0.0,0.0,0,7.75,1.2583057392117925,8.875,2.2951812875799464,8.25,2.179449471770337,8.25,2.179449471770337,-0.11470786693528087,0.9696969696969697,,,,,0.55,0.0,4.267580959200982,1.7070323836803931,False,0.0,9.696969696969697,3.4,LOW,🟢,Continue routine monitoring. No administrative action required at this time.,No significant deviation from normal demand patterns detected
Tamil Nadu,Villupuram,Gingee,Melpakkam Gp,Melpakkam,Tamil Nadu|Villupuram|Gingee|Melpakkam,2024,51,9.0,2024-12-16,MGNREGA (historical),8.0,9.0,6.0,12.5,0.0,50.0,1,7.75,1.2583057392117925,8.5,2.138089935299395,8.333333333333334,2.1461734799546393,8.333333333333334,2.1461734799546393,0.3106303720986975,1.0799999999999998,,,,,0.5555555555555556,6.212607441973949,26.790571643158305,14.44379312244769,False,22.22222222222222,19.999999999999986,19.2,LOW,🟢,Continue routine monitoring. No administrative action required at this time.,Demand increased 12% in the latest week
Tamil Nadu,Villupuram,Gingee,Melpakkam Gp,Melpakkam,Tamil Nadu|Villupuram|Gingee|Melpakkam,2024,52,11.0,2024-12-23,MGNREGA (historical),9.0,8.0,8.0,22.22222222222222,37.5,37.5,2,8.5,0.5773502691896276,8.125,1.642080561796093,8.583333333333334,2.0207259421636907,8.583333333333334,2.0207259421636907,1.195939843321367,1.2815533980582523,,,,,0.5722222222222223,23.918796866427343,37.56926773933546,29.37898521559059,False,33.37962962962963,41.79611650485436,34.7,LOW,🟢,Continue routine monitoring. No administrative action required at this time.,Demand increased 22% in the latest week · Current demand is 28% above its historical baseline
Tamil Nadu,Villupuram,Gingee,Melpakkam Gp,Melpakkam,Tamil Nadu|Villupuram|Gingee|Melpakkam,2025,1,7.0,2024-12-30,MGNREGA (historical),11.0,9.0,9.0,-36.36363636363637,-22.22222222222222,-22.22222222222222,0,9.25,1.2583057392117925,8.75,1.6690459207925599,8.75,2.1373305355470458,8.75,2.1373305355470458,-0.818778364363793,0.8,9.0,,9.0,-22.22222222222222,0.5833333333333334,0.0,35.58377432338865,14.233509729355461,False,0.0,8.0,6.7,LOW,🟢,Continue routine monitoring. No administrative action required at this time.,No significant deviation from normal demand patterns detected
Tamil Nadu,Villupuram,Gingee,Melpakkam Gp,Melpakkam,Tamil Nadu|Villupuram|Gingee|Melpakkam,2025,2,8.0,2025-01-06,MGNREGA (historical),7.0,11.0,8.0,14.285714285714285,-27.27272727272727,0.0,1,8.75,1.7078251276599339,8.25,1.4880476182856899,8.833333333333334,2.037526724122939,8.833333333333334,2.037526724122939,-0.40899259060861903,0.9056603773584905,9.0,,9.0,-11.11111111111111,0.5888888888888889,0.0,5.802463608895103,2.3209854435580413,False,25.658730158730158,9.056603773584905,13.7,LOW,🟢,Continue routine monitoring. No administrative action required at this time.,Demand increased 14% in the latest week
Tamil Nadu,Villupuram,Gingee,Melpakkam Gp,Melpakkam,Tamil Nadu|Villupuram|Gingee|Melpakkam,2025,3,10.0,2025-01-13,MGNREGA (historical),8.0,7.0,9.0,25.0,42.857142857142854,11.11111111111111,2,8.75,1.7078251276599339,8.25,1.4880476182856899,8.583333333333334,1.9286515936521484,8.583333333333334,1.9286515936521484,0.7345373686618155,1.1650485436893203,4.0,,4.0,150.0,0.5722222222222223,14.69074737323631,21.462755217219087,17.39955051082942,False,35.76388888888889,30.631067961165044,28.7,LOW,🟢,Continue routine monitoring. No administrative action required at this time.,Demand increased 25% in the latest week · Current demand is 17% above its historical baseline
Tamil Nadu,Villupuram,Gingee,Melpakkam Gp,Melpakkam,Tamil Nadu|Villupuram|Gingee|Melpakkam,2025,4,11.0,2025-01-20,MGNREGA (historical),10.0,8.0,11.0,10.0,37.5,0.0,3,9.0,1.8257418583505545,8.75,1.2817398889233107,8.416666666666666,1.6764862244009229,8.416666666666666,1.6764862244009229,1.5409213005949183,1.306930693069307,8.0,,8.0,37.5,0.5611111111111111,30.818426011898364,30.129926547065832,30.54302622596535,False,19.63888888888889,43.910891089108915,30.2,LOW,🟢,Continue routine monitoring. No administrative action required at this time.,Demand increased 10% in the latest week · Current demand is 31% above its historical baseline · Current demand is 1.5 standard deviations above baseline · Momentum has increased for 3 consecutive weeks
Tamil Nadu,Villupuram,Gingee,Melpakkam Gp,Melpakkam,Tamil Nadu|Villupuram|Gingee|Melpakkam,2025,5,7.0,2025-01-27,MGNREGA (historical),11.0,10.0,7.0,-36.36363636363637,-30.0,0.0,0,9.0,1.8257418583505545,9.125,1.4577379737113239,8.833333333333334,1.6422453217986954,8.833333333333334,1.6422453217986954,-1.1163577749305726,0.7924528301886792,6.0,,6.0,16.666666666666664,0.5888888888888889,0.0,33.800665890188455,13.520266356075382,False,0.0,7.924528301886792,6.4,LOW,🟢,Continue routine monitoring. No administrative action required at this time.,No significant deviation from normal demand patterns detected
Tamil Nadu,Villupuram,Gingee,Melpakkam Gp,Melpakkam,Tamil Nadu|Villupuram|Gingee|Melpakkam,2025,6,5.0,2025-02-03,MGNREGA (historical),7.0,11.0,8.0,-28.57142857142857,-54.54545454545454,-37.5,0,9.0,1.8257418583505545,8.875,1.6420805617960919,8.5,1.566698903601281,8.5,1.566698903601281,-2.233996584764788,0.5882352941176471,5.0,,5.0,0.0,0.5666666666666667,0.0,52.557977454124426,21.023190981649773,False,0.0,5.882352941176471,8.1,LOW,🟢,Continue routine monitoring. No administrative action required at this time.,No significant deviation from normal demand patterns detected
Tamil Nadu,Villupuram,Gingee,Melpakkam Gp,Melpakkam,Tamil Nadu|Villupuram|Gingee|Melpakkam,2025,7,8.0,2025-02-10,MGNREGA (historical),5.0,7.0,10.0,60.0,14.285714285714285,-20.0,1,8.25,2.7537852736430515,8.5,2.1380899352993947,8.25,1.864744681524183,8.25,1.864744681524183,-0.13406661108997395,0.9696969696969697,6.0,,6.0,33.33333333333333,0.55,0.0,39.130828432624895,15.65233137304996,False,55.00000000000001,9.696969696969697,29.6,LOW,🟢,Continue routine monitoring. No administrative action required at this time.,Demand increased 60% in the latest week
Tamil Nadu,Villupuram,Gingee,Melpakkam Gp,Melpakkam,Tamil Nadu|Villupuram|Gingee|Melpakkam,2025,8,5.0,2025-02-17,MGNREGA (historical),8.0,5.0,11.0,-37.5,0.0,-54.54545454545454,0,7.75,2.5000000000000004,8.375,2.1339098923270936,8.416666666666666,1.7298624923456323,8.416666666666666,1.7298624923456323,-1.9751088203743796,0.5940594059405941,8.0,,8.0,-37.5,0.5611111111111111,0.0,61.81844521872636,24.727378087490546,False,0.0,5.940594059405941,9.2,LOW,🟢,Continue routine monitoring. No administrative action required at this time.,No significant deviation from normal demand patterns detected
Tamil Nadu,Villupuram,Gingee,Melpakkam Gp,Melpakkam,Tamil Nadu|Villupuram|Gingee|Melpakkam,2025,9,11.0,2025-02-24,MGNREGA (historical),5.0,8.0,7.0,120.0,37.5,57.14285714285714,1,6.25,1.500000000000001,7.625,2.133909892327094,8.166666666666666,1.9924098397912435,8.166666666666666,1.9924098397912435,1.422063511606728,1.3469387755102042,7.0,,7.0,57.14285714285714,0.5444444444444444,28.441270232134556,73.69405950501593,46.54238594128711,False,54.44444444444444,47.24489795918369,49.9,MODERATE,🟡,Increase monitoring frequency. Review recent employment demand trends for this village.,Demand increased 120% in the latest week · Current demand is 35% above its historical baseline
Tamil Nadu,Villupuram,Gingee,Melpakkam Gp,Melpakkam,Tamil Nadu|Villupuram|Gingee|Melpakkam,2025,10,5.0,2025-03-03,MGNREGA (historical),11.0,5.0,5.0,-54.54545454545454,0.0,0.0,0,7.25,2.8722813232690148,8.125,2.416461403433896,8.333333333333334,2.1461734799546393,8.333333333333334,2.1461734799546393,-1.553151860493489,0.6,7.0,,7.0,-28.57142857142857,0.5555555555555556,0.0,56.696016181614326,22.678406472645733,False,0.0,6.0,8.6,LOW,🟢,Continue routine monitoring. No administrative action required at this time.,No significant deviation from normal demand patterns detected
Tamil Nadu,Villupuram,Gingee,Melpakkam Gp,Melpakkam,Tamil Nadu|Villupuram|Gingee|Melpakkam,2025,11,7.0,2025-03-10,MGNREGA (historical),5.0,11.0,8.0,40.0,-36.36363636363637,-12.5,1,7.25,2.8722813232690148,7.75,2.659215781283755,8.083333333333334,2.3532698077098564,8.083333333333334,2.3532698077098564,-0.4603523700444731,0.8659793814432989,6.0,,6.0,16.666666666666664,0.538888888888889,0.0,26.001968939407057,10.400787575762823,False,45.805555555555564,8.65979381443299,24.0,LOW,🟢,Continue routine monitoring. No administrative action required at this time.,Demand increased 40% in the latest week
Tamil Nadu,Villupuram,Gingee,Melpakkam Gp,Melpakkam,Tamil Nadu|Villupuram|Gingee|Melpakkam,2025,12,8.0,2025-03-17,MGNREGA (historical),7.0,5.0,5.0,14.285714285714285,60.0,60.0,2,7.0,2.8284271247461903,7.375,2.503568881188841,7.916666666666667,2.3532698077098564,7.916666666666667,2.3532698077098564,0.03541172077265163,1.0105263157894737,11.0,,11.0,-27.27272727272727,0.5277777777777778,0.7082344154530326,39.3337657265413,16.15844693988834,False,22.996031746031747,11.315789473684214,17.4,LOW,🟢,Continue routine monitoring. No administrative action required at this time.,Demand increased 14% in the latest week
Tamil Nadu,Villupuram,Gingee,Melpakkam Gp,Melpakkam,Tamil Nadu|Villupuram|Gingee|Melpakkam,2025,13,9.0,2025-03-24,MGNREGA (historical),8.0,7.0,11.0,12.5,28.57142857142857,-18.181818181818183,3,7.75,2.5,7.0,2.070196678027063,7.666666666666667,2.146173479954638,7.666666666666667,2.146173479954638,0.6212607441973957,1.1739130434782608,6.0,,6.0,50.0,0.5111111111111112,12.425214883947914,33.88709498511842,21.00996692441612,False,20.444444444444446,31.7391304347826,24.0,LOW,🟢,Continue routine monitoring. No administrative action required at this time.,Demand increased 12% in the latest week · Current demand is 17% above its historical baseline · Momentum has increased for 3 consecutive weeks
Tamil Nadu,Villupuram,Gingee,Melpakkam Gp,Melpakkam,Tamil Nadu|Villupuram|Gingee|Melpakkam,2025,14,10.0,2025-03-31,MGNREGA (historical),9.0,8.0,5.0,11.11111111111111,25.0,100.0,4,7.25,1.7078251276599334,7.25,2.1876275473019366,7.833333333333333,2.1672493389016627,7.833333333333333,2.1672493389016627,0.9997311466546387,1.2765957446808511,8.0,,8.0,25.0,0.5222222222222223,19.994622933092774,62.2677063001322,36.903856279908545,False,19.438271604938272,41.382978723404264,31.3,LOW,🟢,Continue routine monitoring. No administrative action required at this time.,Demand increased 11% in the latest week · Current demand is 28% above its historical baseline · Momentum has increased for 4 consecutive weeks
Tamil Nadu,Villupuram,Gingee,Melpakkam Gp,Melpakkam,Tamil Nadu|Villupuram|Gingee|Melpakkam,2025,15,6.0,2025-04-07,MGNREGA (historical),10.0,9.0,7.0,-40.0,-33.33333333333333,-14.285714285714285,0,8.5,1.290994448735806,7.875,2.1671244937540095,8.0,2.2563042992710645,8.0,2.2563042992710645,-0.8864052604279185,0.75,7.0,,7.0,-14.285714285714285,0.5333333333333333,0.0,38.557421257560584,15.422968503024235,False,0.0,7.5,6.9,LOW,🟢,Continue routine monitoring. No administrative action required at this time.,No significant deviation from normal demand patterns detected
Tamil Nadu,Villupuram,Gingee,Melpakkam Gp,Melpakkam,Tamil Nadu|Villupuram|Gingee|Melpakkam,2025,16,8.0,2025-04-14,MGNREGA (historical),6.0,10.0,8.0,33.33333333333333,-20.0,0.0,1,8.25,1.7078251276599334,7.625,2.2638462845343543,7.666666666666667,2.22928171609085,7.666666666666667,2.22928171609085,0.14952499315243506,1.0434782608695652,8.0,,8.0,0.0,0.5111111111111112,2.990499863048701,19.55426322625499,9.616005208331217,False,38.333333333333336,15.434782608695649,22.8,LOW,🟢,Continue routine monitoring. No administrative action required at this time.,Demand increased 33% in the latest week
Tamil Nadu,Villupuram,Gingee,Melpakkam Gp,Melpakkam,Tamil Nadu|Villupuram|Gingee|Melpakkam,2025,17,8.0,2025-04-21,MGNREGA (historical),8.0,6.0,9.0,0.0,33.33333333333333,-11.11111111111111,0,8.25,1.7078251276599334,8.0,2.0,7.416666666666667,1.975225341958518,7.416666666666667,1.975225341958518,0.29532495404040016,1.0786516853932584,9.0,,9.0,-11.11111111111111,0.49444444444444446,5.906499080808003,3.725952591456273,5.0342804850673115,False,0.0,19.831460674157302,7.5,LOW,🟢,Continue routine monitoring. No administrative action required at this time.,No significant deviation from normal demand patterns detected
Tamil Nadu,Villupuram,Gingee,Melpakkam Gp,Melpakkam,Tamil Nadu|Villupuram|Gingee|Melpakkam,2025,18,8.0,2025-04-28,MGNREGA (historical),8.0,8.0,10.0,0.0,0.0,-20.0,0,8.0,1.6329931618554525,7.625,1.597989808656936,7.5,1.9771421064483206,7.5,1.9771421064483206,0.2528902694294368,1.0666666666666667,7.0,,7.0,14.285714285714285,0.5,5.057805388588736,7.861280642271233,6.179195490061735,False,0.0,18.333333333333336,7.4,LOW,🟢,Continue routine monitoring. No administrative action required at this time.,No significant deviation from normal demand patterns detected
Tamil Nadu,Villupuram,Gingee,Melpakkam Gp,Melpakkam,Tamil Nadu|Villupuram|Gingee|Melpakkam,2025,19,7.0,2025-05-05,MGNREGA (historical),8.0,8.0,6.0,-12.5,-12.5,16.666666666666664,0,7.5,1.0000000000000004,8.0,1.1952286093343938,7.75,1.815338686155986,7.75,1.815338686155986,-0.4131460458148111,0.9032258064516129,7.0,,7.0,0.0,0.5166666666666667,0.0,13.574296387633748,5.429718555053499,False,0.0,9.032258064516128,4.3,LOW,🟢,Continue routine monitoring. No administrative action required at this time.,No significant deviation from normal demand patterns detected
Tamil Nadu,Villupuram,Gingee,Melpakkam Gp,Melpakkam,Tamil Nadu|Villupuram|Gingee|Melpakkam,2025,20,7.0,2025-05-12,MGNREGA (historical),7.0,8.0,8.0,0.0,-12.5,-12.5,0,7.75,0.5,8.0,1.1952286093343938,7.666666666666667,1.8257418583505525,7.666666666666667,1.8257418583505525,-0.36514837167011116,0.9130434782608695,7.0,,7.0,0.0,0.5111111111111112,0.0,2.396962365240895,0.9587849460963581,False,0.0,9.130434782608695,3.0,LOW,🟢,Continue routine monitoring. No administrative action required at this time.,No significant deviation from normal demand patterns detected
Tamil Nadu,Villupuram,Gingee,Melpakkam Gp,Melpakkam,Tamil Nadu|Villupuram|Gingee|Melpakkam,2025,21,8.0,2025-05-19,MGNREGA (historical),7.0,7.0,8.0,14.285714285714285,14.285714285714285,0.0,1,7.5,0.5773502691896258,7.875,1.2464234547582251,7.833333333333333,1.6422453217986934,7.833333333333333,1.6422453217986934,0.10148707044823416,1.021276595744681,12.0,,12.0,-33.33333333333333,0.5222222222222223,2.029741408964683,4.902029626666259,3.1786566960453135,False,22.753968253968253,12.659574468085125,13.9,LOW,🟢,Continue routine monitoring. No administrative action required at this time.,Demand increased 14% in the latest week
Tamil Nadu,Villupuram,Gingee,Melpakkam Gp,Melpakkam,Tamil Nadu|Villupuram|Gingee|Melpakkam,2025,22,11.0,2025-05-26,MGNREGA (historical),8.0,7.0,8.0,37.5,57.14285714285714,37.5,2,7.5,0.5773502691896258,7.75,1.1649647450214358,7.583333333333333,1.3113721705515047,7.583333333333333,1.3113721705515047,2.605413431360046,1.4505494505494505,7.0,,7.0,57.14285714285714,0.5055555555555555,52.108268627200914,51.057419657518054,51.68792903932777,False,41.076388888888886,55.879120879120876,48.7,MODERATE,🟡,Increase monitoring frequency. Review recent employment demand trends for this village.,Demand increased 38% in the latest week · Current demand is 45% above its historical baseline · Current demand is 2.6 standard deviations above baseline
Tamil Nadu,Villupuram,Gingee,Melpakkam Gp,Melpakkam,Tamil Nadu|Villupuram|Gingee|Melpakkam,2025,23,10.0,2025-06-02,MGNREGA (historical),11.0,8.0,7.0,-9.090909090909092,25.0,42.857142857142854,0,8.25,1.8929694486000912,7.875,1.4577379737113254,8.083333333333334,1.378954368902449,8.083333333333334,1.378954368902449,1.3899420531168107,1.2371134020618555,7.0,,7.0,42.857142857142854,0.538888888888889,27.798841062336216,33.69950971269582,30.159108522480057,False,0.0,38.09278350515463,20.5,LOW,🟢,Continue routine monitoring. No administrative action required at this time.,Current demand is 24% above its historical baseline
Tamil Nadu,Villupuram,Gingee,Melpakkam Gp,Melpakkam,Tamil Nadu|Villupuram|Gingee|Melpakkam,2025,24,4.0,2025-06-09,MGNREGA (historical),10.0,11.0,7.0,-60.0,-63.63636363636363,-42.857142857142854,0,9.0,1.8257418583505538,8.375,1.4078859531733585,8.333333333333334,1.4354811251305477,8.333333333333334,1.4354811251305477,-3.0187323660833543,0.48,6.0,,6.0,-33.33333333333333,0.5555555555555556,0.0,75.24149582132928,30.096598328531712,False,0.0,4.8,10.5,LOW,🟢,Continue routine monitoring. No administrative action required at this time.,No significant deviation from normal demand patterns detected
Tamil Nadu,Villupuram,Gingee,Melpakkam Gp,Melpakkam,Tamil Nadu|Villupuram|Gingee|Melpakkam,2025,25,7.0,2025-06-16,MGNREGA (historical),4.0,10.0,8.0,75.0,-30.0,-12.5,1,8.25,3.095695936834452,7.875,2.1001700611413083,8.0,1.9069251784911843,8.0,1.9069251784911843,-0.5244044240850759,0.875,7.0,,7.0,0.0,0.5333333333333333,0.0,39.94395803494567,15.97758321397827,False,53.333333333333336,8.75,28.8,LOW,🟢,Continue routine monitoring. No administrative action required at this time.,Demand increased 75% in the latest week
Tamil Nadu,Villupuram,Gingee,Melpakkam Gp,Melpakkam,Tamil Nadu|Villupuram|Gingee|Melpakkam,2025,26,6.0,2025-06-23,MGNREGA (historical),7.0,4.0,11.0,-14.285714285714285,50.0,-45.45454545454545,0,8.0,3.1622776601683795,7.75,2.121320343559643,7.833333333333333,1.8989630344113082,7.833333333333333,1.8989630344113082,-0.9654391897637329,0.7659574468085106,11.0,,11.0,-45.45454545454545,0.5222222222222223,0.0,32.20294947553802,12.881179790215208,False,0.0,7.659574468085106,6.2,LOW,🟢,Continue routine monitoring. No administrative action required at this time.,No significant deviation from normal demand patterns detected
Tamil Nadu,Villupuram,Gingee,Melpakkam Gp,Melpakkam,Tamil Nadu|Villupuram|Gingee|Melpakkam,2025,27,12.0,2025-06-30,MGNREGA (historical),6.0,7.0,10.0,100.0,71.42857142857143,20.0,1,6.75,2.5,7.5,2.2038926600773596,7.5,1.8340219092574541,7.5,1.8340219092574541,2.4536239056282203,1.6,8.0,,8.0,50.0,0.5,49.072478112564404,68.03324464256382,56.65678472456417,False,50.0,66.66666666666667,57.0,MODERATE,🟡,Increase monitoring frequency. Review recent employment demand trends for this village.,Demand increased 100% in the latest week · Current demand is 60% above its historical baseline · Current demand is 2.5 standard deviations above baseline
Tamil Nadu,Villupuram,Gingee,Melpakkam Gp,Melpakkam,Tamil Nadu|Villupuram|Gingee|Melpakkam,2025,28,11.0,2025-07-07,MGNREGA (historical),12.0,6.0,4.0,-8.333333333333332,83.33333333333334,175.0,0,7.25,3.4034296427770228,8.125,2.6958963523950885,8.0,2.174229226018436,8.0,2.174229226018436,1.3797993165116997,1.375,4.0,,4.0,175.0,0.5333333333333333,27.595986330233995,66.42954538970992,43.12940995402437,False,0.0,49.583333333333336,27.8,LOW,🟢,Continue routine monitoring. No administrative action required at this time.,Current demand is 38% above its historical baseline
Tamil Nadu,Villupuram,Gingee,Melpakkam Gp,Melpakkam,Tamil Nadu|Villupuram|Gingee|Melpakkam,2025,29,6.0,2025-07-14,MGNREGA (historical),11.0,12.0,7.0,-45.45454545454545,-50.0,-14.285714285714285,0,9.0,2.943920288775949,8.625,2.8252686345094435,8.25,2.340357393064728,8.25,2.340357393064728,-0.9613916261967136,0.7272727272727273,10.0,,10.0,-40.0,0.55,0.0,45.57712928013471,18.230851712053887,False,0.0,7.272727272727273,7.7,LOW,🟢,Continue routine monitoring. No administrative action required at this time.,No significant deviation from normal demand patterns detected
Tamil Nadu,Villupuram,Gingee,Melpakkam Gp,Melpakkam,Tamil Nadu|Villupuram|Gingee|Melpakkam,2025,30,9.0,2025-07-21,MGNREGA (historical),6.0,11.0,6.0,50.0,-18.181818181818183,50.0,1,8.75,3.2015621187164243,8.375,2.9730936268953445,8.083333333333334,2.4293034292807376,8.083333333333334,2.4293034292807376,0.37733724639662264,1.11340206185567,10.0,,10.0,-10.0,0.538888888888889,7.546744927932453,47.7097481189058,23.611946204321793,False,53.8888888888889,24.175257731958745,35.9,LOW,🟢,Continue routine monitoring. No administrative action required at this time.,Demand increased 50% in the latest week · Current demand is 11% above its historical baseline
Tamil Nadu,Villupuram,Gingee,Melpakkam Gp,Melpakkam,Tamil Nadu|Villupuram|Gingee|Melpakkam,2025,31,9.0,2025-07-28,MGNREGA (historical),9.0,6.0,12.0,0.0,50.0,-25.0,0,9.5,2.6457513110645903,8.125,2.799872446074234,8.166666666666666,2.4432963327637873,8.166666666666666,2.4432963327637873,0.34106928503047806,1.1020408163265307,7.0,,7.0,28.57142857142857,0.5444444444444444,6.821385700609561,12.92201997749602,9.261639411364145,False,0.0,22.755102040816343,9.6,LOW,🟢,Continue routine monitoring. No administrative action required at this time.,Current demand is 10% above its historical baseline
Tamil Nadu,Villupuram,Gingee,Melpakkam Gp,Melpakkam,Tamil Nadu|Villupuram|Gingee|Melpakkam,2025,32,7.0,2025-08-04,MGNREGA (historical),9.0,9.0,11.0,-22.22222222222222,-22.22222222222222,-36.36363636363637,0,8.75,2.06155281280883,8.0,2.725540575476988,8.333333333333334,2.424621182533033,8.333333333333334,2.424621182533033,-0.5499140826363579,0.84,13.0,,13.0,-46.15384615384615,0.5555555555555556,0.0,31.501836680226063,12.600734672090425,False,0.0,8.4,6.3,LOW,🟢,Continue routine monitoring. No administrative action required at this time.,No significant deviation from normal demand patterns detected
Tamil Nadu,Villupuram,Gingee,Melpakkam Gp,Melpakkam,Tamil Nadu|Villupuram|Gingee|Melpakkam,2025,33,9.0,2025-08-11,MGNREGA (historical),7.0,9.0,6.0,28.57142857142857,0.0,50.0,1,7.75,1.4999999999999993,8.375,2.2638462845343543,8.333333333333334,2.424621182533033,8.333333333333334,2.424621182533033,0.27495704131817855,1.0799999999999998,8.0,,8.0,12.5,0.5555555555555556,5.499140826363571,35.59063810758773,17.535739738853234,False,37.6984126984127,19.999999999999986,26.3,LOW,🟢,Continue routine monitoring. No administrative action required at this time.,Demand increased 29% in the latest week
Tamil Nadu,Villupuram,Gingee,Melpakkam Gp,Melpakkam,Tamil Nadu|Villupuram|Gingee|Melpakkam,2025,34,10.0,2025-08-18,MGNREGA (historical),9.0,7.0,9.0,11.11111111111111,42.857142857142854,11.11111111111111,2,8.5,0.9999999999999989,8.625,2.1998376563477846,8.416666666666666,2.4293034292807385,8.416666666666666,2.4293034292807385,0.6517643346850759,1.1881188118811883,6.0,,6.0,66.66666666666666,0.5611111111111111,13.035286693701517,14.72153446888239,13.709785803773865,False,20.885802469135804,33.51485148514854,22.5,LOW,🟢,Continue routine monitoring. No administrative action required at this time.,Demand increased 11% in the latest week · Current demand is 19% above its historical baseline
Tamil Nadu,Villupuram,Gingee,Melpakkam Gp,Melpakkam,Tamil Nadu|Villupuram|Gingee|Melpakkam,2025,35,9.0,2025-08-25,MGNREGA (historical),10.0,9.0,9.0,-10.0,0.0,0.0,0,8.75,1.2583057392117907,9.125,1.959409532049314,8.333333333333334,2.3484359721209174,8.333333333333334,2.3484359721209174,0.2838768757508797,1.0799999999999998,6.0,,6.0,50.0,0.5555555555555556,5.677537515017594,5.957043003022421,5.789339710219524,False,0.0,19.999999999999986,7.7,LOW,🟢,Continue routine monitoring. No administrative action required at this time.,No significant deviation from normal demand patterns detected
Tamil Nadu,Villupuram,Gingee,Melpakkam Gp,Melpakkam,Tamil Nadu|Villupuram|Gingee|Melpakkam,2025,36,7.0,2025-09-01,MGNREGA (historical),9.0,10.0,7.0,-22.22222222222222,-30.0,0.0,0,8.75,1.2583057392117907,8.75,1.5811388300841893,8.25,2.3011854652449353,8.25,2.3011854652449353,-0.5431982857874307,0.8484848484848485,7.0,,7.0,0.0,0.55,0.0,20.002883574344374,8.00115342973775,False,0.0,8.484848484848484,4.9,LOW,🟢,Continue routine monitoring. No administrative action required at this time.,No significant deviation from normal demand patterns detected
Tamil Nadu,Villupuram,Gingee,Melpakkam Gp,Melpakkam,Tamil Nadu|Villupuram|Gingee|Melpakkam,2025,37,5.0,2025-09-08,MGNREGA (historical),7.0,9.0,9.0,-28.57142857142857,-44.44444444444444,-44.44444444444444,0,8.75,1.2583057392117907,8.25,1.3887301496588274,8.5,1.9306145983268475,8.5,1.9306145983268475,-1.812894195989841,0.5882352941176471,9.0,,9.0,-44.44444444444444,0.5666666666666667,0.0,53.67559939867627,21.47023975947051,False,0.0,5.882352941176471,8.2,LOW,🟢,Continue routine monitoring. No administrative action required at this time.,No significant deviation from normal demand patterns detected
Tamil Nadu,Villupuram,Gingee,Melpakkam Gp,Melpakkam,Tamil Nadu|Villupuram|Gingee|Melpakkam,2025,38,8.0,2025-09-15,MGNREGA (historical),5.0,7.0,10.0,60.0,14.285714285714285,-20.0,1,7.75,2.2173557826083443,8.125,1.642080561796093,8.333333333333334,2.14617347995464,8.333333333333334,2.14617347995464,-0.1553151860493491,0.96,7.0,,7.0,14.285714285714285,0.5555555555555556,0.0,38.57622439396759,15.430489757587038,False,55.55555555555556,9.6,29.7,LOW,🟢,Continue routine monitoring. No administrative action required at this time.,Demand increased 60% in the latest week
Tamil Nadu,Villupuram,Gingee,Melpakkam Gp,Melpakkam,Tamil Nadu|Villupuram|Gingee|Melpakkam,2025,39,10.0,2025-09-22,MGNREGA (historical),8.0,5.0,9.0,25.0,100.0,11.11111111111111,2,7.25,1.7078251276599323,8.0,1.6035674514745468,8.5,2.022599587389728,8.5,2.022599587389728,0.7416198487095657,1.1764705882352942,6.0,,6.0,66.66666666666666,0.5666666666666667,14.832396974191314,22.338919444970312,17.835005962502912,False,35.416666666666664,32.058823529411775,29.1,LOW,🟢,Continue routine monitoring. No administrative action required at this time.,Demand increased 25% in the latest week · Current demand is 18% above its historical baseline
Tamil Nadu,Villupuram,Gingee,Melpakkam Gp,Melpakkam,Tamil Nadu|Villupuram|Gingee|Melpakkam,2025,40,5.0,2025-09-29,MGNREGA (historical),10.0,8.0,7.0,-50.0,-37.5,-28.57142857142857,0,7.5,2.0816659994661317,8.125,1.7268882005337978,8.333333333333334,1.7752507291971902,8.333333333333334,1.7752507291971902,-1.877669040497026,0.6,9.0,,9.0,-44.44444444444444,0.5555555555555556,0.0,57.66815635089026,23.067262540356104,False,0.0,6.0,8.7,LOW,🟢,Continue routine monitoring. No administrative action required at this time.,No significant deviation from normal demand patterns detected
Tamil Nadu,Villupuram,Gingee,Melpakkam Gp,Melpakkam,Tamil Nadu|Villupuram|Gingee|Melpakkam,2025,41,9.0,2025-10-06,MGNREGA (historical),5.0,10.0,5.0,80.0,-10.0,80.0,1,7.0,2.4494897427831774,7.875,2.0310096011589907,7.833333333333333,1.8006732747570384,7.833333333333333,1.8006732747570384,0.6479058044686553,1.148936170212766,6.0,,6.0,50.0,0.5222222222222223,12.958116089373107,65.538333082173,33.990202886493066,False,52.22222222222223,28.61702127659576,39.7,LOW,🟢,Continue routine monitoring. No administrative action required at this time.,Demand increased 80% in the latest week · Current demand is 15% above its historical baseline
Tamil Nadu,Villupuram,Gingee,Melpakkam Gp,Melpakkam,Tamil Nadu|Villupuram|Gingee|Melpakkam,2025,42,12.0,2025-10-13,MGNREGA (historical),9.0,5.0,8.0,33.33333333333333,140.0,50.0,2,8.0,2.160246899469286,7.875,2.0310096011589907,8.083333333333334,1.729862492345632,8.083333333333334,1.729862492345632,2.2641491355511185,1.4845360824742266,11.0,,11.0,9.090909090909092,0.538888888888889,45.28298271102237,54.8349212121631,49.10375811147867,False,40.41666666666667,58.711340206185554,48.5,MODERATE,🟡,Increase monitoring frequency. Review recent employment demand trends for this village.,Demand increased 33% in the latest week · Current demand is 48% above its historical baseline · Current demand is 2.3 standard deviations above baseline
Tamil Nadu,Villupuram,Gingee,Melpakkam Gp,Melpakkam,Tamil Nadu|Villupuram|Gingee|Melpakkam,2025,43,11.0,2025-10-20,MGNREGA (historical),12.0,9.0,10.0,-8.333333333333332,22.22222222222222,10.0,0,9.0,2.9439202887759484,8.125,2.416461403433896,8.333333333333334,2.05971460217775,8.333333333333334,2.05971460217775,1.2946777499402984,1.3199999999999998,12.0,,12.0,-8.333333333333332,0.5555555555555556,25.893554998805968,26.667936269607495,26.20330750712658,False,0.0,44.999999999999986,21.4,LOW,🟢,Continue routine monitoring. No administrative action required at this time.,Current demand is 32% above its historical baseline
Tamil Nadu,Villupuram,Gingee,Melpakkam Gp,Melpakkam,Tamil Nadu|Villupuram|Gingee|Melpakkam,2025,44,8.0,2025-10-27,MGNREGA (historical),11.0,12.0,5.0,-27.27272727272727,-33.33333333333333,60.0,0,9.25,3.095695936834451,8.375,2.615202805574687,8.5,2.1950357213908442,8.5,2.1950357213908442,-0.22778672580471,0.9411764705882353,6.0,,6.0,33.33333333333333,0.5666666666666667,0.0,47.24294791487294,18.89717916594918,False,0.0,9.411764705882353,8.5,LOW,🟢,Continue routine monitoring. No administrative action required at this time.,No significant deviation from normal demand patterns detected
Tamil Nadu,Villupuram,Gingee,Melpakkam Gp,Melpakkam,Tamil Nadu|Villupuram|Gingee|Melpakkam,2025,45,9.0,2025-11-03,MGNREGA (historical),8.0,11.0,9.0,12.5,-18.181818181818183,0.0,1,10.0,1.825741858350553,8.5,2.5634797778466227,8.583333333333334,2.1514618004482178,8.583333333333334,2.1514618004482178,0.19366677418109918,1.0485436893203883,11.0,,11.0,-18.181818181818183,0.5722222222222223,3.8733354836219833,4.054667768740447,3.9458683976693685,False,22.888888888888893,16.067961165048544,15.2,LOW,🟢,Continue routine monitoring. No administrative action required at this time.,Demand increased 12% in the latest week
Tamil Nadu,Villupuram,Gingee,Melpakkam Gp,Melpakkam,Tamil Nadu|Villupuram|Gingee|Melpakkam,2025,46,10.0,2025-11-10,MGNREGA (historical),9.0,8.0,12.0,11.11111111111111,25.0,-16.666666666666664,2,10.0,1.825741858350553,9.0,2.1380899352993943,8.583333333333334,2.1514618004482178,8.583333333333334,2.1514618004482178,0.6584670322157379,1.1650485436893203,8.0,,8.0,25.0,0.5722222222222223,13.169340644314758,21.584107087275417,16.53524722149902,False,21.299382716049386,30.631067961165044,22.7,LOW,🟢,Continue routine monitoring. No administrative action required at this time.,Demand increased 11% in the latest week · Current demand is 17% above its historical baseline
Tamil Nadu,Villupuram,Gingee,Melpakkam Gp,Melpakkam,Tamil Nadu|Villupuram|Gingee|Melpakkam,2025,47,8.0,2025-11-17,MGNREGA (historical),10.0,9.0,11.0,-20.0,-11.11111111111111,-27.27272727272727,0,9.5,1.2909944487358047,9.25,2.1213203435596415,8.583333333333334,2.1514618004482178,8.583333333333334,2.1514618004482178,-0.2711334838535395,0.9320388349514562,6.0,,6.0,33.33333333333333,0.5722222222222223,0.0,23.266895409700822,9.30675816388033,False,0.0,9.320388349514563,5.6,LOW,🟢,Continue routine monitoring. No administrative action required at this time.,No significant deviation from normal demand patterns detected
Tamil Nadu,Villupuram,Gingee,Melpakkam Gp,Melpakkam,Tamil Nadu|Villupuram|Gingee|Melpakkam,2025,48,8.0,2025-11-24,MGNREGA (historical),8.0,10.0,8.0,0.0,-20.0,0.0,0,8.75,0.957427107756337,9.0,2.1380899352993943,8.5,2.1532216876958215,8.5,2.1532216876958215,-0.23221018200641186,0.9411764705882353,8.0,,8.0,0.0,0.5666666666666667,0.0,1.147666616923207,0.4590666467692828,False,0.0,9.411764705882353,3.0,LOW,🟢,Continue routine monitoring. No administrative action required at this time.,No significant deviation from normal demand patterns detected
Tamil Nadu,Villupuram,Gingee,Melpakkam Gp,Melpakkam,Tamil Nadu|Villupuram|Gingee|Melpakkam,2025,49,5.0,2025-12-01,MGNREGA (historical),8.0,8.0,9.0,-37.5,-37.5,-44.44444444444444,0,8.75,0.957427107756337,9.375,1.5059406173077137,8.583333333333334,2.108783937953271,8.583333333333334,2.108783937953271,-1.6992415718090215,0.5825242718446602,9.0,,9.0,-44.44444444444444,0.5722222222222223,0.0,60.54429298259999,24.21771719304,False,0.0,5.825242718446601,9.0,LOW,🟢,Continue routine monitoring. No administrative action required at this time.,No significant deviation from normal demand patterns detected
Tamil Nadu,Villupuram,Gingee,Melpakkam Gp,Melpakkam,Tamil Nadu|Villupuram|Gingee|Melpakkam,2025,50,9.0,2025-12-08,MGNREGA (historical),5.0,8.0,10.0,80.0,12.5,-10.0,1,7.75,2.06155281280883,8.875,2.1671244937540086,8.583333333333334,2.108783937953271,8.583333333333334,2.108783937953271,0.19758622928011846,1.0485436893203883,8.0,,8.0,12.5,0.5722222222222223,3.951724585602369,44.69670599785911,20.249717150505067,False,57.22222222222223,16.067961165048544,33.8,LOW,🟢,Continue routine monitoring. No administrative action required at this time.,Demand increased 80% in the latest week
Tamil Nadu,Villupuram,Gingee,Melpakkam Gp,Melpakkam,Tamil Nadu|Villupuram|Gingee|Melpakkam,2025,51,15.0,2025-12-15,MGNREGA (historical),9.0,5.0,8.0,66.66666666666666,200.0,87.5,2,7.5,1.7320508075688767,8.5,1.7728105208558365,8.666666666666666,2.103388319888278,8.666666666666666,2.103388319888278,3.011014786689379,1.7307692307692308,9.0,,9.0,66.66666666666666,0.5777777777777777,60.22029573378758,79.94540737643983,68.11034039084848,True,57.77777777777777,75.38461538461539,66.2,HIGH,🟠,Review pending employment demand and wage payment status. Assess availability of VB-G RAM G work and consider additional employment allocation.,Demand increased 67% in the latest week · Current demand is 73% above its historical baseline · Current demand is 3.0 standard deviations above baseline · Statistical/ML anomaly detection flagged this week as abnormal
Tamil Nadu,Villupuram,Gingee,Melpakkam Gp,Melpakkam,Tamil Nadu|Villupuram|Gingee|Melpakkam,2025,52,17.0,2025-12-22,MGNREGA (historical),15.0,9.0,8.0,13.333333333333334,88.88888888888889,112.5,3,9.25,4.193248541803041,9.0,2.82842712474619,9.083333333333334,2.7784342658585586,9.083333333333334,2.7784342658585586,2.8493266023770234,1.8715596330275228,11.0,,11.0,54.54545454545454,0.6055555555555556,56.98653204754047,73.67066058877018,63.66018346403236,True,25.231481481481488,81.53342070773263,53.7,MODERATE,🟡,Increase monitoring frequency. Review recent employment demand trends for this village.,Demand increased 13% in the latest week · Current demand is 87% above its historical baseline · Current demand is 2.8 standard deviations above baseline · Statistical/ML anomaly detection flagged this week as abnormal · Momentum has increased for 3 consecutive weeks
Tamil Nadu,Villupuram,Gingee,Rajapalayam Colony Gp,Rajapalayam Colony,Tamil Nadu|Villupuram|Gingee|Rajapalayam Colony,2024,1,105.0,2024-01-01,MGNREGA (historical),,,,,,,0,,,,,,,,,0.0,1.0,,,,,1.0,0.0,0.0,0.0,False,0.0,10.0,3.0,LOW,🟢,Continue routine monitoring. No administrative action required at this time.,No significant deviation from normal demand patterns detected
Tamil Nadu,Villupuram,Gingee,Rajapalayam Colony Gp,Rajapalayam Colony,Tamil Nadu|Villupuram|Gingee|Rajapalayam Colony,2024,2,95.0,2024-01-08,MGNREGA (historical),105.0,,,-9.523809523809524,,,0,,,,,,,,,0.0,1.0,,,,,1.0,0.0,0.0,0.0,False,0.0,10.0,3.0,LOW,🟢,Continue routine monitoring. No administrative action required at this time.,No significant deviation from normal demand patterns detected
Tamil Nadu,Villupuram,Gingee,Rajapalayam Colony Gp,Rajapalayam Colony,Tamil Nadu|Villupuram|Gingee|Rajapalayam Colony,2024,3,107.0,2024-01-15,MGNREGA (historical),95.0,105.0,,12.631578947368421,1.9047619047619049,,1,,,,,,,,,0.0,1.0,,,,,1.0,0.0,0.0,0.0,False,40.26315789473684,10.0,19.1,LOW,🟢,Continue routine monitoring. No administrative action required at this time.,Demand increased 13% in the latest week
Tamil Nadu,Villupuram,Gingee,Rajapalayam Colony Gp,Rajapalayam Colony,Tamil Nadu|Villupuram|Gingee|Rajapalayam Colony,2024,4,103.0,2024-01-22,MGNREGA (historical),107.0,95.0,,-3.7383177570093453,8.421052631578947,,0,102.33333333333333,6.429100507328638,,,,,102.33333333333333,6.429100507328638,0.10369516947304325,1.006514657980456,,,,,1.0,2.073903389460865,0.0,1.244342033676519,False,0.0,10.814332247557005,3.6,LOW,🟢,Continue routine monitoring. No administrative action required at this time.,No significant deviation from normal demand patterns detected
Tamil Nadu,Villupuram,Gingee,Rajapalayam Colony Gp,Rajapalayam Colony,Tamil Nadu|Villupuram|Gingee|Rajapalayam Colony,2024,5,105.0,2024-01-29,MGNREGA (historical),103.0,107.0,105.0,1.9417475728155338,-1.8691588785046727,0.0,1,102.5,5.259911279353167,102.5,5.259911279353167,,,102.5,5.259911279353167,0.4752931878933584,1.024390243902439,,,,,1.0,9.505863757867168,1.0780523670137856,6.134739201525815,False,7.766990291262135,13.048780487804882,8.9,LOW,🟢,Continue routine monitoring. No administrative action required at this time.,No significant deviation from normal demand patterns detected
Tamil Nadu,Villupuram,Gingee,Rajapalayam Colony Gp,Rajapalayam Colony,Tamil Nadu|Villupuram|Gingee|Rajapalayam Colony,2024,6,114.0,2024-02-05,MGNREGA (historical),105.0,103.0,95.0,8.571428571428571,10.679611650485436,20.0,2,102.5,5.259911279353167,103.0,4.690415759823431,,,103.0,4.690415759823431,2.3452078799117144,1.1067961165048543,,,,,1.0,46.904157598234285,15.942330298043775,34.519426678158084,False,30.714285714285715,23.349514563106794,29.6,LOW,🟢,Continue routine monitoring. No administrative action required at this time.,Demand increased 9% in the latest week · Current demand is 11% above its historical baseline · Current demand is 2.3 standard deviations above baseline
Tamil Nadu,Villupuram,Gingee,Rajapalayam Colony Gp,Rajapalayam Colony,Tamil Nadu|Villupuram|Gingee|Rajapalayam Colony,2024,7,114.0,2024-02-12,MGNREGA (historical),114.0,105.0,107.0,0.0,8.571428571428571,6.5420560747663545,0,107.25,4.787135538781691,104.83333333333333,6.145459028149703,104.83333333333333,6.145459028149703,104.83333333333333,6.145459028149703,1.4916162689683743,1.0874403815580287,,,,,1.0,29.832325379367486,5.281111258951659,20.011839731201157,False,0.0,20.93004769475359,12.3,LOW,🟢,Continue routine monitoring. No administrative action required at this time.,No significant deviation from normal demand patterns detected
Tamil Nadu,Villupuram,Gingee,Rajapalayam Colony Gp,Rajapalayam Colony,Tamil Nadu|Villupuram|Gingee|Rajapalayam Colony,2024,8,104.0,2024-02-19,MGNREGA (historical),114.0,114.0,103.0,-8.771929824561402,-8.771929824561402,0.9708737864077669,0,109.0,5.8309518948453025,106.14285714285714,6.593647736738027,106.14285714285714,6.593647736738027,106.14285714285714,6.593647736738027,-0.3249881140779961,0.9798115746971736,,,,,1.0,0.0,1.8885556753522887,0.7554222701409156,False,0.0,9.798115746971735,3.2,LOW,🟢,Continue routine monitoring. No administrative action required at this time.,No significant deviation from normal demand patterns detected
Tamil Nadu,Villupuram,Gingee,Rajapalayam Colony Gp,Rajapalayam Colony,Tamil Nadu|Villupuram|Gingee|Rajapalayam Colony,2024,9,123.0,2024-02-26,MGNREGA (historical),104.0,114.0,105.0,18.269230769230766,7.894736842105263,17.142857142857142,1,109.25,5.500000000000002,105.875,6.151364540838539,105.875,6.151364540838539,105.875,6.151364540838539,2.783935155575345,1.1617473435655254,,,,,1.0,55.6787031115069,20.879304004771964,41.75894346881292,False,51.53846153846153,30.218417945690685,42.2,MODERATE,🟡,Increase monitoring frequency. Review recent employment demand trends for this village.,Demand increased 18% in the latest week · Current demand is 16% above its historical baseline · Current demand is 2.8 standard deviations above baseline
Tamil Nadu,Villupuram,Gingee,Rajapalayam Colony Gp,Rajapalayam Colony,Tamil Nadu|Villupuram|Gingee|Rajapalayam Colony,2024,10,124.0,2024-03-04,MGNREGA (historical),123.0,104.0,114.0,0.8130081300813009,19.230769230769234,8.771929824561402,2,113.75,7.762087348130012,108.125,8.592978861505813,107.77777777777777,8.105210943858554,107.77777777777777,8.105210943858554,2.0014558948048187,1.150515463917526,,,,,1.0,40.02911789609637,11.858530458494995,28.760882921055824,False,3.2520325203252036,28.814432989690744,18.6,LOW,🟢,Continue routine monitoring. No administrative action required at this time.,Current demand is 15% above its historical baseline · Current demand is 2.0 standard deviations above baseline
Tamil Nadu,Villupuram,Gingee,Rajapalayam Colony Gp,Rajapalayam Colony,Tamil Nadu|Villupuram|Gingee|Rajapalayam Colony,2024,11,114.0,2024-03-11,MGNREGA (historical),124.0,123.0,114.0,-8.064516129032258,-7.317073170731707,0.0,0,116.25,9.322910847297996,111.75,8.379396500601086,109.4,9.203863922891905,109.4,9.203863922891905,0.49979009235011035,1.0420475319926874,,,,,1.0,9.995801847002207,3.223000218869527,7.286681195749135,False,0.0,15.255941499085926,6.8,LOW,🟢,Continue routine monitoring. No administrative action required at this time.,No significant deviation from normal demand patterns detected
Tamil Nadu,Villupuram,Gingee,Rajapalayam Colony Gp,Rajapalayam Colony,Tamil Nadu|Villupuram|Gingee|Rajapalayam Colony,2024,12,120.0,2024-03-18,MGNREGA (historical),114.0,124.0,104.0,5.263157894736842,-3.225806451612903,15.384615384615385,1,116.25,9.322910847297996,112.625,8.175529690135418,109.81818181818181,8.841020097456877,109.81818181818181,8.841020097456877,1.1516564909457667,1.0927152317880795,,,,,1.0,23.033129818915334,2.8921628682897578,14.976743038665104,False,20.789473684210524,21.58940397350994,19.3,LOW,🟢,Continue routine monitoring. No administrative action required at this time.,Demand increased 5% in the latest week
Tamil Nadu,Villupuram,Gingee,Rajapalayam Colony Gp,Rajapalayam Colony,Tamil Nadu|Villupuram|Gingee|Rajapalayam Colony,2024,13,121.0,2024-03-25,MGNREGA (historical),120.0,114.0,123.0,0.8333333333333334,6.140350877192982,-1.6260162601626018,2,120.25,4.5,114.75,7.497618669570074,110.66666666666667,8.927315929044392,110.66666666666667,8.927315929044392,1.1574960957430172,1.0933734939759037,,,,,1.0,23.149921914860343,12.46547884009992,18.876144684956174,False,3.3333333333333335,21.67168674698796,13.5,LOW,🟢,Continue routine monitoring. No administrative action required at this time.,No significant deviation from normal demand patterns detected
Tamil Nadu,Villupuram,Gingee,Rajapalayam Colony Gp,Rajapalayam Colony,Tamil Nadu|Villupuram|Gingee|Rajapalayam Colony,2024,14,120.0,2024-04-01,MGNREGA (historical),121.0,120.0,124.0,-0.8264462809917356,0.0,-3.225806451612903,0,119.75,4.193248541803041,116.75,6.606274074155353,112.0,9.194860224356574,112.0,9.194860224356574,0.8700512900466427,1.0714285714285714,,,,,1.0,17.401025800932853,3.6325516480975093,11.893636139798716,False,0.0,18.928571428571427,9.2,LOW,🟢,Continue routine monitoring. No administrative action required at this time.,No significant deviation from normal demand patterns detected
Tamil Nadu,Villupuram,Gingee,Rajapalayam Colony Gp,Rajapalayam Colony,Tamil Nadu|Villupuram|Gingee|Rajapalayam Colony,2024,15,115.0,2024-04-08,MGNREGA (historical),120.0,121.0,114.0,-4.166666666666666,-4.958677685950414,0.8771929824561403,0,118.75,3.201562118716423,117.5,6.590035768383315,114.08333333333333,7.704288455533109,114.08333333333333,7.704288455533109,0.118981353301788,1.008035062089116,,,,,1.0,2.37962706603576,0.7190807324968104,1.71540853262018,False,0.0,11.00438276113951,3.8,LOW,🟢,Continue routine monitoring. No administrative action required at this time.,No significant deviation from normal demand patterns detected
Tamil Nadu,Villupuram,Gingee,Rajapalayam Colony Gp,Rajapalayam Colony,Tamil Nadu|Villupuram|Gingee|Rajapalayam Colony,2024,16,114.0,2024-04-15,MGNREGA (historical),115.0,120.0,120.0,-0.8695652173913043,-5.0,-5.0,0,119.0,2.7080128015453186,117.625,6.5233098522583965,114.75,7.374711088331787,114.75,7.374711088331787,-0.10169889925405273,0.9934640522875817,,,,,1.0,0.0,0.8343197779155971,0.33372791116623884,False,0.0,9.934640522875817,3.1,LOW,🟢,Continue routine monitoring. No administrative action required at this time.,No significant deviation from normal demand patterns detected
Tamil Nadu,Villupuram,Gingee,Rajapalayam Colony Gp,Rajapalayam Colony,Tamil Nadu|Villupuram|Gingee|Rajapalayam Colony,2024,17,117.0,2024-04-22,MGNREGA (historical),114.0,115.0,121.0,2.631578947368421,1.7391304347826086,-3.3057851239669422,1,117.5,3.5118845842842465,118.875,4.015594601052257,115.66666666666667,6.400757530925318,115.66666666666667,6.400757530925318,0.20830867704194644,1.0115273775216138,,,,,1.0,4.166173540838929,1.4082035851947707,3.0629855585812655,False,10.526315789473683,11.440922190201727,8.6,LOW,🟢,Continue routine monitoring. No administrative action required at this time.,No significant deviation from normal demand patterns detected
Tamil Nadu,Villupuram,Gingee,Rajapalayam Colony Gp,Rajapalayam Colony,Tamil Nadu|Villupuram|Gingee|Rajapalayam Colony,2024,18,123.0,2024-04-29,MGNREGA (historical),117.0,114.0,120.0,5.128205128205128,7.894736842105263,2.5,2,116.5,2.64575131106459,118.125,3.6815175442433343,116.66666666666667,5.449492609130684,116.66666666666667,5.449492609130684,1.1621877094982678,1.0542857142857143,,,,,1.0,23.243754189965355,8.954943798388486,17.52823003333461,False,20.384615384615383,16.785714285714285,18.4,LOW,🟢,Continue routine monitoring. No administrative action required at this time.,Demand increased 5% in the latest week
Tamil Nadu,Villupuram,Gingee,Rajapalayam Colony Gp,Rajapalayam Colony,Tamil Nadu|Villupuram|Gingee|Rajapalayam Colony,2024,19,118.0,2024-05-06,MGNREGA (historical),123.0,117.0,115.0,-4.0650406504065035,0.8547008547008548,2.608695652173913,0,117.25,4.031128874149275,118.0,3.4641016151377606,117.41666666666667,5.664215155988836,117.41666666666667,5.664215155988836,0.10298573010888613,1.0049680624556423,,,,,1.0,2.0597146021777224,0.5210185267927476,1.4442361720237324,False,0.0,10.621007806955287,3.6,LOW,🟢,Continue routine monitoring. No administrative action required at this time.,No significant deviation from normal demand patterns detected
Tamil Nadu,Villupuram,Gingee,Rajapalayam Colony Gp,Rajapalayam Colony,Tamil Nadu|Villupuram|Gingee|Rajapalayam Colony,2024,20,111.0,2024-05-13,MGNREGA (historical),118.0,123.0,114.0,-5.932203389830509,-9.75609756097561,-2.631578947368421,0,118.0,3.7416573867739413,118.5,3.0705978943149606,117.75,5.561638084397303,117.75,5.561638084397303,-1.2136712057795607,0.9426751592356688,,,,,1.0,0.0,1.5412737064569362,0.6165094825827745,False,0.0,9.426751592356688,3.0,LOW,🟢,Continue routine monitoring. No administrative action required at this time.,No significant deviation from normal demand patterns detected
Tamil Nadu,Villupuram,Gingee,Rajapalayam Colony Gp,Rajapalayam Colony,Tamil Nadu|Villupuram|Gingee|Rajapalayam Colony,2024,21,115.0,2024-05-20,MGNREGA (historical),111.0,118.0,117.0,3.6036036036036037,-2.5423728813559325,-1.7094017094017095,1,117.25,4.924428900898051,117.375,3.9618718519695486,118.33333333333333,4.185110693297352,118.33333333333333,4.185110693297352,-0.7964743533956739,0.971830985915493,,,,,1.0,0.0,2.1570696942713377,0.8628278777085351,False,14.414414414414415,9.71830985915493,8.9,LOW,🟢,Continue routine monitoring. No administrative action required at this time.,No significant deviation from normal demand patterns detected
Tamil Nadu,Villupuram,Gingee,Rajapalayam Colony Gp,Rajapalayam Colony,Tamil Nadu|Villupuram|Gingee|Rajapalayam Colony,2024,22,92.0,2024-05-27,MGNREGA (historical),115.0,111.0,123.0,-20.0,-17.117117117117118,-25.203252032520325,0,116.75,5.0579969684978385,116.625,3.7392703642746814,117.66666666666667,4.007568597118004,117.66666666666667,4.007568597118004,-6.404548305205444,0.781869688385269,,,,,1.0,0.0,46.673491479668236,18.669396591867294,False,0.0,7.818696883852691,7.9,LOW,🟢,Continue routine monitoring. No administrative action required at this time.,No significant deviation from normal demand patterns detected
Tamil Nadu,Villupuram,Gingee,Rajapalayam Colony Gp,Rajapalayam Colony,Tamil Nadu|Villupuram|Gingee|Rajapalayam Colony,2024,23,113.0,2024-06-03,MGNREGA (historical),92.0,115.0,118.0,22.82608695652174,-1.7391304347826086,-4.23728813559322,1,109.0,11.690451944500124,113.125,9.218575966880291,115.0,8.034018580103906,115.0,8.034018580103906,-0.2489414207919511,0.9826086956521739,,,,,1.0,0.0,12.841980299199843,5.136792119679938,False,59.23913043478261,9.826086956521738,28.2,LOW,🟢,Continue routine monitoring. No administrative action required at this time.,Demand increased 23% in the latest week
Tamil Nadu,Villupuram,Gingee,Rajapalayam Colony Gp,Rajapalayam Colony,Tamil Nadu|Villupuram|Gingee|Rajapalayam Colony,2024,24,94.0,2024-06-10,MGNREGA (historical),113.0,92.0,111.0,-16.8141592920354,2.1739130434782608,-15.315315315315313,0,107.75,10.626225419530055,112.875,9.187530369240383,114.91666666666667,8.050503466281242,114.91666666666667,8.050503466281242,-2.598181188825533,0.8179840464104423,,,,,1.0,0.0,14.29541899462689,5.718167597850757,False,0.0,8.179840464104423,4.2,LOW,🟢,Continue routine monitoring. No administrative action required at this time.,No significant deviation from normal demand patterns detected
Tamil Nadu,Villupuram,Gingee,Rajapalayam Colony Gp,Rajapalayam Colony,Tamil Nadu|Villupuram|Gingee|Rajapalayam Colony,2024,25,99.0,2024-06-17,MGNREGA (historical),94.0,113.0,115.0,5.319148936170213,-12.389380530973451,-13.91304347826087,1,103.5,12.17921727096341,110.375,11.312919289782938,112.75,9.854625125474664,112.75,9.854625125474664,-1.3952839225163025,0.8780487804878049,,,,,1.0,0.0,8.712105315843948,3.484842126337579,False,20.95744680851064,8.78048780487805,12.1,LOW,🟢,Continue routine monitoring. No administrative action required at this time.,Demand increased 5% in the latest week
Tamil Nadu,Villupuram,Gingee,Rajapalayam Colony Gp,Rajapalayam Colony,Tamil Nadu|Villupuram|Gingee|Rajapalayam Colony,2024,26,91.0,2024-06-24,MGNREGA (historical),99.0,94.0,92.0,-8.080808080808081,-3.1914893617021276,-1.0869565217391304,0,99.5,9.469248474227864,108.125,11.593563485215162,110.91666666666667,10.21993002407403,110.91666666666667,10.21993002407403,-1.9488065593160662,0.8204357625845229,,,,,1.0,0.0,8.277315767564398,3.3109263070257593,False,0.0,8.20435762584523,3.5,LOW,🟢,Continue routine monitoring. No administrative action required at this time.,No significant deviation from normal demand patterns detected
Tamil Nadu,Villupuram,Gingee,Rajapalayam Colony Gp,Rajapalayam Colony,Tamil Nadu|Villupuram|Gingee|Rajapalayam Colony,2024,27,88.0,2024-07-01,MGNREGA (historical),91.0,99.0,113.0,-3.296703296703297,-11.11111111111111,-22.123893805309734,0,99.25,9.742518497116992,104.125,11.243251944420456,108.5,11.25328234944648,108.5,11.25328234944648,-1.8216907177316441,0.8110599078341014,,,,,1.0,0.0,7.387757106808371,2.9551028427233486,False,0.0,8.110599078341014,3.3,LOW,🟢,Continue routine monitoring. No administrative action required at this time.,No significant deviation from normal demand patterns detected
Tamil Nadu,Villupuram,Gingee,Rajapalayam Colony Gp,Rajapalayam Colony,Tamil Nadu|Villupuram|Gingee|Rajapalayam Colony,2024,28,99.0,2024-07-08,MGNREGA (historical),88.0,91.0,94.0,12.5,8.791208791208792,5.319148936170213,1,93.0,4.690415759823439,100.375,10.95363605644915,106.25,12.469052599426819,106.25,12.469052599426819,-0.5814395233470481,0.9317647058823529,,,,,1.0,0.0,4.678625079949507,1.8714500319798029,False,40.0,9.31764705882353,19.4,LOW,🟢,Continue routine monitoring. No administrative action required at this time.,Demand increased 12% in the latest week
Tamil Nadu,Villupuram,Gingee,Rajapalayam Colony Gp,Rajapalayam Colony,Tamil Nadu|Villupuram|Gingee|Rajapalayam Colony,2024,29,87.0,2024-07-15,MGNREGA (historical),99.0,88.0,99.0,-12.121212121212121,-1.1363636363636365,-12.121212121212121,0,94.25,5.619905100029129,98.875,10.07737919444195,105.0,12.372991113344785,105.0,12.372991113344785,-1.45478161546453,0.8285714285714286,,,,,1.0,0.0,4.889192476688482,1.9556769906753928,False,0.0,8.285714285714286,3.1,LOW,🟢,Continue routine monitoring. No administrative action required at this time.,No significant deviation from normal demand patterns detected
Tamil Nadu,Villupuram,Gingee,Rajapalayam Colony Gp,Rajapalayam Colony,Tamil Nadu|Villupuram|Gingee|Rajapalayam Colony,2024,30,89.0,2024-07-22,MGNREGA (historical),87.0,99.0,91.0,2.2988505747126435,-10.1010101010101,-2.197802197802198,1,91.25,5.439056290693582,95.375,8.399617338222704,102.5,12.752896284231417,102.5,12.752896284231417,-1.058583062162307,0.8682926829268293,,,,,1.0,0.0,5.11181551667651,2.044726206670604,False,9.195402298850574,8.682926829268293,6.9,LOW,🟢,Continue routine monitoring. No administrative action required at this time.,No significant deviation from normal demand patterns detected
Tamil Nadu,Villupuram,Gingee,Rajapalayam Colony Gp,Rajapalayam Colony,Tamil Nadu|Villupuram|Gingee|Rajapalayam Colony,2024,31,84.0,2024-07-29,MGNREGA (historical),89.0,87.0,88.0,-5.617977528089887,-3.4482758620689653,-4.545454545454546,0,90.75,5.560275772537435,95.0,8.635475005547095,99.66666666666667,11.499670614518662,99.66666666666667,11.499670614518662,-1.3623578615275345,0.842809364548495,,,,,1.0,0.0,2.9691661682428774,1.187666467297151,False,0.0,8.42809364548495,2.9,LOW,🟢,Continue routine monitoring. No administrative action required at this time.,No significant deviation from normal demand patterns detected
Tamil Nadu,Villupuram,Gingee,Rajapalayam Colony Gp,Rajapalayam Colony,Tamil Nadu|Villupuram|Gingee|Rajapalayam Colony,2024,32,84.0,2024-08-05,MGNREGA (historical),84.0,89.0,99.0,0.0,-5.617977528089887,-15.151515151515152,0,89.75,6.500000000000008,91.375,5.527528509973646,96.83333333333333,10.735102432786746,96.83333333333333,10.735102432786746,-1.1954551354943987,0.8674698795180723,,,,,1.0,0.0,3.2270413856701055,1.2908165542680423,False,0.0,8.674698795180722,3.0,LOW,🟢,Continue routine monitoring. No administrative action required at this time.,No significant deviation from normal demand patterns detected
Tamil Nadu,Villupuram,Gingee,Rajapalayam Colony Gp,Rajapalayam Colony,Tamil Nadu|Villupuram|Gingee|Rajapalayam Colony,2024,33,80.0,2024-08-12,MGNREGA (historical),84.0,84.0,87.0,-4.761904761904762,-4.761904761904762,-8.045977011494253,0,86.0,2.449489742783203,90.125,5.9626815635728425,94.58333333333333,10.317314073777597,94.58333333333333,10.317314073777597,-1.4134815736973843,0.8458149779735683,,,,,1.0,0.0,1.971590726036947,0.7886362904147788,False,0.0,8.458149779735683,2.8,LOW,🟢,Continue routine monitoring. No administrative action required at this time.,No significant deviation from normal demand patterns detected
Tamil Nadu,Villupuram,Gingee,Rajapalayam Colony Gp,Rajapalayam Colony,Tamil Nadu|Villupuram|Gingee|Rajapalayam Colony,2024,34,70.0,2024-08-19,MGNREGA (historical),80.0,84.0,89.0,-12.5,-16.666666666666664,-21.34831460674157,0,84.25,3.6855573979160146,87.75,5.700877125495694,91.66666666666667,8.866005899279566,91.66666666666667,8.866005899279566,-2.4437911403180164,0.7636363636363636,,,,,1.0,0.0,13.955832320303358,5.582332928121343,False,0.0,7.636363636363636,4.0,LOW,🟢,Continue routine monitoring. No administrative action required at this time.,No significant deviation from normal demand patterns detected
Tamil Nadu,Villupuram,Gingee,Rajapalayam Colony Gp,Rajapalayam Colony,Tamil Nadu|Villupuram|Gingee|Rajapalayam Colony,2024,35,81.0,2024-08-26,MGNREGA (historical),70.0,80.0,84.0,15.714285714285714,1.25,-3.571428571428571,1,79.5,6.608075867199681,85.125,8.253787009609594,89.83333333333333,10.844632801808459,89.83333333333333,10.844632801808459,-0.8145350326532288,0.901669758812616,,,,,1.0,0.0,7.449783644684076,2.9799134578736304,False,46.42857142857143,9.01669758812616,22.2,LOW,🟢,Continue routine monitoring. No administrative action required at this time.,Demand increased 16% in the latest week
Tamil Nadu,Villupuram,Gingee,Rajapalayam Colony Gp,Rajapalayam Colony,Tamil Nadu|Villupuram|Gingee|Rajapalayam Colony,2024,36,71.0,2024-09-02,MGNREGA (historical),81.0,70.0,84.0,-12.345679012345679,1.4285714285714286,-15.476190476190476,0,78.75,6.075908711186075,84.25,8.276472678623428,87.16666666666667,8.255393094911616,87.16666666666667,8.255393094911616,-1.9583157919677179,0.8145315487571702,,,,,1.0,0.0,5.830712323057925,2.3322849292231704,False,0.0,8.145315487571702,3.1,LOW,🟢,Continue routine monitoring. No administrative action required at this time.,No significant deviation from normal demand patterns detected
Tamil Nadu,Villupuram,Gingee,Rajapalayam Colony Gp,Rajapalayam Colony,Tamil Nadu|Villupuram|Gingee|Rajapalayam Colony,2024,37,64.0,2024-09-09,MGNREGA (historical),71.0,81.0,80.0,-9.859154929577464,-20.98765432098765,-20.0,0,75.5,5.802298395176416,80.75,6.964194138592063,85.25,9.146534366036681,85.25,9.146534366036681,-2.32328433367139,0.750733137829912,,,,,1.0,0.0,13.018143272013264,5.207257308805306,False,0.0,7.507331378299121,3.8,LOW,🟢,Continue routine monitoring. No administrative action required at this time.,No significant deviation from normal demand patterns detected
Tamil Nadu,Villupuram,Gingee,Rajapalayam Colony Gp,Rajapalayam Colony,Tamil Nadu|Villupuram|Gingee|Rajapalayam Colony,2024,38,69.0,2024-09-16,MGNREGA (historical),64.0,71.0,70.0,7.8125,-2.8169014084507045,-1.4285714285714286,1,71.5,7.0474581706220025,77.875,8.576337879804614,82.33333333333333,9.91173164701422,82.33333333333333,9.91173164701422,-1.3452072562264963,0.8380566801619433,,,,,1.0,0.0,12.201150104733973,4.880460041893589,False,28.4375,8.380566801619434,15.4,LOW,🟢,Continue routine monitoring. No administrative action required at this time.,Demand increased 8% in the latest week
Tamil Nadu,Villupuram,Gingee,Rajapalayam Colony Gp,Rajapalayam Colony,Tamil Nadu|Villupuram|Gingee|Rajapalayam Colony,2024,39,80.0,2024-09-23,MGNREGA (historical),69.0,64.0,81.0,15.942028985507244,25.0,-1.2345679012345678,2,71.25,7.135591542869226,75.375,7.7448139330227255,80.5,10.193580867834903,80.5,10.193580867834903,-0.0490504766168789,0.9937888198757764,,,,,1.0,0.0,15.189503740455459,6.075801496182184,False,46.884057971014485,9.937888198757763,23.6,LOW,🟢,Continue routine monitoring. No administrative action required at this time.,Demand increased 16% in the latest week
Tamil Nadu,Villupuram,Gingee,Rajapalayam Colony Gp,Rajapalayam Colony,Tamil Nadu|Villupuram|Gingee|Rajapalayam Colony,2024,40,76.0,2024-09-30,MGNREGA (historical),80.0,69.0,71.0,-5.0,10.144927536231885,7.042253521126761,0,71.0,6.683312551921152,74.875,7.219764539096831,79.83333333333333,9.916316520428952,79.83333333333333,9.916316520428952,-0.38656827113537007,0.9519832985386222,,,,,1.0,0.0,1.3659930552388746,0.5463972220955499,False,0.0,9.519832985386222,3.0,LOW,🟢,Continue routine monitoring. No administrative action required at this time.,No significant deviation from normal demand patterns detected
Tamil Nadu,Villupuram,Gingee,Rajapalayam Colony Gp,Rajapalayam Colony,Tamil Nadu|Villupuram|Gingee|Rajapalayam Colony,2024,41,69.0,2024-10-07,MGNREGA (historical),76.0,80.0,64.0,-9.210526315789473,-13.750000000000002,7.8125,0,72.25,7.135591542869226,73.875,6.266407036161729,77.91666666666667,7.8908270488682115,77.91666666666667,7.8908270488682115,-1.1300040681978447,0.8855614973262032,,,,,1.0,0.0,5.8238908163863154,2.3295563265545263,False,0.0,8.855614973262032,3.4,LOW,🟢,Continue routine monitoring. No administrative action required at this time.,No significant deviation from normal demand patterns detected
Tamil Nadu,Villupuram,Gingee,Rajapalayam Colony Gp,Rajapalayam Colony,Tamil Nadu|Villupuram|Gingee|Rajapalayam Colony,2024,42,70.0,2024-10-14,MGNREGA (historical),69.0,76.0,69.0,1.4492753623188406,-7.894736842105263,1.4492753623188406,1,73.5,5.446711546122744,72.5,5.928141120356129,76.41666666666667,7.716079236754723,76.41666666666667,7.716079236754723,-0.831596782482684,0.916030534351145,,,,,1.0,0.0,2.723119191237427,1.0892476764949708,False,5.797101449275362,9.16030534351145,5.4,LOW,🟢,Continue routine monitoring. No administrative action required at this time.,No significant deviation from normal demand patterns detected
Tamil Nadu,Villupuram,Gingee,Rajapalayam Colony Gp,Rajapalayam Colony,Tamil Nadu|Villupuram|Gingee|Rajapalayam Colony,2024,43,71.0,2024-10-21,MGNREGA (historical),70.0,69.0,80.0,1.4285714285714286,2.898550724637681,-11.25,2,73.75,5.188127472091141,72.5,5.928141120356129,74.83333333333333,6.793490645574895,74.83333333333333,6.793490645574895,-0.564265637994256,0.9487750556792873,,,,,1.0,0.0,13.528359278298078,5.4113437113192315,False,5.714285714285714,9.487750556792873,6.8,LOW,🟢,Continue routine monitoring. No administrative action required at this time.,No significant deviation from normal demand patterns detected
Tamil Nadu,Villupuram,Gingee,Rajapalayam Colony Gp,Rajapalayam Colony,Tamil Nadu|Villupuram|Gingee|Rajapalayam Colony,2024,44,86.0,2024-10-28,MGNREGA (historical),71.0,70.0,76.0,21.12676056338028,22.857142857142858,13.157894736842104,3,71.5,3.1091263510296314,71.25,4.8329228068678,73.75,6.210328640110777,73.75,6.210328640110777,1.9725204107365064,1.1661016949152543,,,,,1.0,39.450408214730125,26.78573689037071,34.38453968498636,False,56.69014084507042,30.76271186440679,42.2,MODERATE,🟡,Increase monitoring frequency. Review recent employment demand trends for this village.,Demand increased 21% in the latest week · Current demand is 17% above its historical baseline · Current demand is 2.0 standard deviations above baseline · Momentum has increased for 3 consecutive weeks
Tamil Nadu,Villupuram,Gingee,Rajapalayam Colony Gp,Rajapalayam Colony,Tamil Nadu|Villupuram|Gingee|Rajapalayam Colony,2024,45,78.0,2024-11-04,MGNREGA (historical),86.0,71.0,69.0,-9.30232558139535,9.859154929577464,13.043478260869565,0,74.0,8.041558721209888,73.125,7.100050301632683,73.91666666666667,6.5290725129061205,73.91666666666667,6.5290725129061205,0.6254078699940518,1.0552423900789176,,,,,1.0,12.508157399881037,7.223852295470916,10.394435358116988,False,0.0,16.905298759864706,8.2,LOW,🟢,Continue routine monitoring. No administrative action required at this time.,No significant deviation from normal demand patterns detected
Tamil Nadu,Villupuram,Gingee,Rajapalayam Colony Gp,Rajapalayam Colony,Tamil Nadu|Villupuram|Gingee|Rajapalayam Colony,2024,46,80.0,2024-11-11,MGNREGA (historical),78.0,86.0,70.0,2.564102564102564,-6.976744186046512,14.285714285714285,1,76.25,7.41057802513858,74.875,6.197637798848392,73.75,6.383572667401723,73.75,6.383572667401723,0.9790755624849665,1.0847457627118644,,,,,1.0,19.58151124969933,1.855419098407286,12.491074389182511,False,10.256410256410255,20.593220338983052,14.0,LOW,🟢,Continue routine monitoring. No administrative action required at this time.,No significant deviation from normal demand patterns detected
Tamil Nadu,Villupuram,Gingee,Rajapalayam Colony Gp,Rajapalayam Colony,Tamil Nadu|Villupuram|Gingee|Rajapalayam Colony,2024,47,85.0,2024-11-18,MGNREGA (historical),80.0,78.0,71.0,6.25,8.974358974358974,19.718309859154928,2,78.75,6.184658438426504,76.25,5.92211352233547,74.58333333333333,6.501165396692345,74.58333333333333,6.501165396692345,1.602276827469495,1.1396648044692739,,,,,1.0,32.045536549389894,12.499852518114144,24.22726293687959,False,23.75,27.45810055865924,25.0,LOW,🟢,Continue routine monitoring. No administrative action required at this time.,Demand increased 6% in the latest week · Current demand is 14% above its historical baseline · Current demand is 1.6 standard deviations above baseline
Tamil Nadu,Villupuram,Gingee,Rajapalayam Colony Gp,Rajapalayam Colony,Tamil Nadu|Villupuram|Gingee|Rajapalayam Colony,2024,48,83.0,2024-11-25,MGNREGA (historical),85.0,80.0,86.0,-2.3529411764705883,3.75,-3.488372093023256,0,82.25,3.862210075418846,76.875,6.59951296904336,74.91666666666667,6.947312539043422,74.91666666666667,6.947312539043422,1.1635194599214513,1.1078976640711902,,,,,1.0,23.270389198429026,6.074007621700775,16.391836567737727,False,0.0,23.487208008898776,12.0,LOW,🟢,Continue routine monitoring. No administrative action required at this time.,Current demand is 11% above its historical baseline
Tamil Nadu,Villupuram,Gingee,Rajapalayam Colony Gp,Rajapalayam Colony,Tamil Nadu|Villupuram|Gingee|Rajapalayam Colony,2024,49,82.0,2024-12-02,MGNREGA (historical),83.0,85.0,78.0,-1.2048192771084338,-3.5294117647058822,5.128205128205128,0,81.5,3.109126351029634,77.75,6.923046397979108,75.91666666666667,7.191640770345492,75.91666666666667,7.191640770345492,0.8458894885876065,1.0801317233809,,,,,1.0,16.91778977175213,1.2108211731771814,10.63500233232215,False,0.0,20.016465422612505,9.2,LOW,🟢,Continue routine monitoring. No administrative action required at this time.,No significant deviation from normal demand patterns detected
Tamil Nadu,Villupuram,Gingee,Rajapalayam Colony Gp,Rajapalayam Colony,Tamil Nadu|Villupuram|Gingee|Rajapalayam Colony,2024,50,85.0,2024-12-09,MGNREGA (historical),82.0,83.0,80.0,3.6585365853658534,2.4096385542168677,6.25,1,82.5,2.081665999466175,79.375,6.04595496415343,77.41666666666667,6.302356461649533,77.41666666666667,6.302356461649533,1.2032536368703781,1.0979547900968782,,,,,1.0,24.06507273740756,1.6115220530428447,15.083652463661675,False,14.634146341463413,22.244348762109784,17.1,LOW,🟢,Continue routine monitoring. No administrative action required at this time.,No significant deviation from normal demand patterns detected
Tamil Nadu,Villupuram,Gingee,Rajapalayam Colony Gp,Rajapalayam Colony,Tamil Nadu|Villupuram|Gingee|Rajapalayam Colony,2024,51,89.0,2024-12-16,MGNREGA (historical),85.0,82.0,85.0,4.705882352941177,8.536585365853659,4.705882352941177,2,83.75,1.5000000000000604,81.25,4.949747468305842,78.75,6.04716312151248,78.75,6.04716312151248,1.6950096754519715,1.1301587301587301,,,,,1.0,33.900193509039426,9.737534048404676,24.235129724785523,False,18.823529411764707,26.269841269841272,22.7,LOW,🟢,Continue routine monitoring. No administrative action required at this time.,Current demand is 13% above its historical baseline · Current demand is 1.7 standard deviations above baseline
Tamil Nadu,Villupuram,Gingee,Rajapalayam Colony Gp,Rajapalayam Colony,Tamil Nadu|Villupuram|Gingee|Rajapalayam Colony,2024,52,92.0,2024-12-23,MGNREGA (historical),89.0,85.0,83.0,3.3707865168539324,8.235294117647058,10.843373493975903,3,84.75,3.0956959368344816,83.5,3.5050983275386702,79.5,6.735253251633167,79.5,6.735253251633167,1.8559064571133974,1.1572327044025157,,,,,1.0,37.11812914226795,17.294949160073752,29.18885714939027,False,13.48314606741573,29.654088050314467,23.0,LOW,🟢,Continue routine monitoring. No administrative action required at this time.,Current demand is 16% above its historical baseline · Current demand is 1.9 standard deviations above baseline · Momentum has increased for 3 consecutive weeks
Tamil Nadu,Villupuram,Gingee,Rajapalayam Colony Gp,Rajapalayam Colony,Tamil Nadu|Villupuram|Gingee|Rajapalayam Colony,2025,1,99.0,2024-12-30,MGNREGA (historical),92.0,89.0,82.0,7.608695652173914,11.235955056179774,20.73170731707317,4,87.0,4.396968652757662,84.25,4.590362575159904,80.83333333333333,7.5176559854219445,80.83333333333333,7.5176559854219445,2.4165333851262987,1.2247422680412372,105.0,,105.0,-5.714285714285714,1.0,48.33066770252598,33.9638709399094,42.58394899747935,False,27.826086956521742,37.06185567010311,35.0,LOW,🟢,Continue routine monitoring. No administrative action required at this time.,Demand increased 8% in the latest week · Current demand is 22% above its historical baseline · Current demand is 2.4 standard deviations above baseline · Momentum has increased for 4 consecutive weeks
Tamil Nadu,Villupuram,Gingee,Rajapalayam Colony Gp,Rajapalayam Colony,Tamil Nadu|Villupuram|Gingee|Rajapalayam Colony,2025,2,98.0,2025-01-06,MGNREGA (historical),99.0,92.0,85.0,-1.0101010101010102,6.521739130434782,15.294117647058824,0,91.25,5.909032633745294,86.875,6.220645350076524,83.33333333333333,8.183501510337493,83.33333333333333,8.183501510337493,1.7922238601825355,1.1760000000000002,95.0,,95.0,3.1578947368421053,1.0,35.84447720365071,13.499662840271872,26.906551458299177,False,0.0,32.00000000000003,17.7,LOW,🟢,Continue routine monitoring. No administrative action required at this time.,Current demand is 18% above its historical baseline · Current demand is 1.8 standard deviations above baseline
Tamil Nadu,Villupuram,Gingee,Rajapalayam Colony Gp,Rajapalayam Colony,Tamil Nadu|Villupuram|Gingee|Rajapalayam Colony,2025,3,105.0,2025-01-13,MGNREGA (historical),98.0,99.0,89.0,7.142857142857142,6.0606060606060606,17.97752808988764,1,94.5,4.79583152331274,89.125,6.621124203206418,85.66666666666667,8.026471355722991,85.66666666666667,8.026471355722991,2.4086964839846314,1.22568093385214,107.0,,107.0,-1.8691588785046727,1.0,48.17392967969263,12.09484636768869,33.74229635489105,False,26.428571428571427,37.140077821011666,31.8,LOW,🟢,Continue routine monitoring. No administrative action required at this time.,Demand increased 7% in the latest week · Current demand is 23% above its historical baseline · Current demand is 2.4 standard deviations above baseline
Tamil Nadu,Villupuram,Gingee,Rajapalayam Colony Gp,Rajapalayam Colony,Tamil Nadu|Villupuram|Gingee|Rajapalayam Colony,2025,4,103.0,2025-01-20,MGNREGA (historical),105.0,98.0,92.0,-1.9047619047619049,5.1020408163265305,11.956521739130435,0,98.5,5.3229064742237915,91.625,8.382592507265116,88.5,8.372031359885638,88.5,8.372031359885638,1.7319572009102067,1.1638418079096045,103.0,,103.0,0.0,1.0,34.639144018204135,10.856765767684953,25.126192717996464,False,0.0,30.48022598870056,16.7,LOW,🟢,Continue routine monitoring. No administrative action required at this time.,Current demand is 16% above its historical baseline · Current demand is 1.7 standard deviations above baseline
Tamil Nadu,Villupuram,Gingee,Rajapalayam Colony Gp,Rajapalayam Colony,Tamil Nadu|Villupuram|Gingee|Rajapalayam Colony,2025,5,106.0,2025-01-27,MGNREGA (historical),103.0,105.0,99.0,2.912621359223301,0.9523809523809524,7.07070707070707,1,101.25,3.3040379335998655,94.125,8.425090080061041,89.91666666666667,9.29768625502976,89.91666666666667,9.29768625502976,1.729821042803283,1.1788693234476366,105.0,,105.0,0.9523809523809524,1.0,34.596420856065656,6.089159843702925,23.193516451120562,False,11.650485436893204,32.35866543095458,21.3,LOW,🟢,Continue routine monitoring. No administrative action required at this time.,Current demand is 18% above its historical baseline · Current demand is 1.7 standard deviations above baseline
Tamil Nadu,Villupuram,Gingee,Rajapalayam Colony Gp,Rajapalayam Colony,Tamil Nadu|Villupuram|Gingee|Rajapalayam Colony,2025,6,97.0,2025-02-03,MGNREGA (historical),106.0,103.0,98.0,-8.49056603773585,-5.825242718446602,-1.0204081632653061,0,103.0,3.5590260840104655,97.125,7.7355856736439685,92.25,9.545346319732786,92.25,9.545346319732786,0.4976246896543165,1.051490514905149,114.0,,114.0,-14.912280701754385,1.0,9.95249379308633,3.9228494952649866,7.540636073957792,False,0.0,16.436314363143627,7.2,LOW,🟢,Continue routine monitoring. No administrative action required at this time.,No significant deviation from normal demand patterns detected
Tamil Nadu,Villupuram,Gingee,Rajapalayam Colony Gp,Rajapalayam Colony,Tamil Nadu|Villupuram|Gingee|Rajapalayam Colony,2025,7,116.0,2025-02-10,MGNREGA (historical),97.0,106.0,105.0,19.587628865979383,9.433962264150944,10.476190476190476,1,102.75,4.0311288741493,98.625,6.022280061808586,93.66666666666667,8.793937305515284,93.66666666666667,8.793937305515284,2.5396284459893246,1.2384341637010676,114.0,,114.0,1.7543859649122806,1.0,50.7925689197865,18.881757407217293,38.028244314758815,False,54.175257731958766,38.202846975088974,44.5,MODERATE,🟡,Increase monitoring frequency. Review recent employment demand trends for this village.,Demand increased 20% in the latest week · Current demand is 24% above its historical baseline · Current demand is 2.5 standard deviations above baseline
Tamil Nadu,Villupuram,Gingee,Rajapalayam Colony Gp,Rajapalayam Colony,Tamil Nadu|Villupuram|Gingee|Rajapalayam Colony,2025,8,115.0,2025-02-17,MGNREGA (historical),116.0,97.0,103.0,-0.8620689655172413,18.556701030927837,11.650485436893204,0,105.5,7.937253933193785,102.0,7.289914755527477,96.25,10.419605646001301,96.25,10.419605646001301,1.7994922876179702,1.1948051948051948,104.0,,104.0,10.576923076923077,1.0,35.98984575235941,13.660852179639935,27.058248323271616,False,0.0,34.35064935064935,18.4,LOW,🟢,Continue routine monitoring. No administrative action required at this time.,Current demand is 19% above its historical baseline · Current demand is 1.8 standard deviations above baseline
Tamil Nadu,Villupuram,Gingee,Rajapalayam Colony Gp,Rajapalayam Colony,Tamil Nadu|Villupuram|Gingee|Rajapalayam Colony,2025,9,107.5,2025-02-24,MGNREGA (historical),115.0,116.0,106.0,-6.521739130434782,-7.327586206896551,1.4150943396226416,0,108.5,8.888194417315601,104.875,7.318030570349615,98.91666666666667,10.807895542639498,98.91666666666667,10.807895542639498,0.7941724917186895,1.0867733782645324,123.0,,123.0,-12.601626016260163,1.0,15.883449834373792,3.517572886459857,10.937099055208218,False,0.0,20.846672283066546,9.5,LOW,🟢,Continue routine monitoring. No administrative action required at this time.,No significant deviation from normal demand patterns detected
Tamil Nadu,Villupuram,Gingee,Rajapalayam Colony Gp,Rajapalayam Colony,Tamil Nadu|Villupuram|Gingee|Rajapalayam Colony,2025,10,100.0,2025-03-03,MGNREGA (historical),107.5,115.0,97.0,-6.976744186046512,-13.043478260869565,3.0927835051546393,0,108.875,8.778524933039732,105.9375,6.951040518204047,101.04166666666667,9.62113755638016,101.04166666666667,9.62113755638016,-0.10826855562166873,0.9896907216494845,124.0,,124.0,-19.35483870967742,1.0,0.0,1.2269119408665528,0.49076477634662113,False,0.0,9.896907216494844,3.1,LOW,🟢,Continue routine monitoring. No administrative action required at this time.,No significant deviation from normal demand patterns detected
Tamil Nadu,Villupuram,Gingee,Rajapalayam Colony Gp,Rajapalayam Colony,Tamil Nadu|Villupuram|Gingee|Rajapalayam Colony,2025,11,129.0,2025-03-10,MGNREGA (historical),100.0,107.5,116.0,28.999999999999996,20.0,11.206896551724139,1,109.625,7.454025757937802,106.1875,6.654415827103089,102.29166666666667,8.219871524469768,102.29166666666667,8.219871524469768,3.249239754395818,1.2610997963340123,114.0,,114.0,13.157894736842104,1.0,64.98479508791635,35.788987107692535,53.306471895826824,False,68.5,40.09164969450102,55.4,MODERATE,🟡,Increase monitoring frequency. Review recent employment demand trends for this village.,Demand increased 29% in the latest week · Current demand is 26% above its historical baseline · Current demand is 3.2 standard deviations above baseline
Tamil Nadu,Villupuram,Gingee,Rajapalayam Colony Gp,Rajapalayam Colony,Tamil Nadu|Villupuram|Gingee|Rajapalayam Colony,2025,12,117.0,2025-03-17,MGNREGA (historical),129.0,100.0,115.0,-9.30232558139535,17.0,1.7391304347826086,0,112.875,12.371843031658631,109.1875,10.398961143169203,105.625,10.209454174707677,105.625,10.209454174707677,1.1141633828162705,1.1076923076923078,120.0,,120.0,-2.5,1.0,22.28326765632541,7.971973994949538,16.55875019177506,False,0.0,23.461538461538474,12.0,LOW,🟢,Continue routine monitoring. No administrative action required at this time.,Current demand is 11% above its historical baseline
Tamil Nadu,Villupuram,Gingee,Rajapalayam Colony Gp,Rajapalayam Colony,Tamil Nadu|Villupuram|Gingee|Rajapalayam Colony,2025,13,125.0,2025-03-24,MGNREGA (historical),117.0,129.0,107.5,6.837606837606838,-3.10077519379845,16.27906976744186,1,113.375,12.525806693915309,110.9375,10.386933756270082,107.70833333333333,9.715166992747546,107.70833333333333,9.715166992747546,1.7798630409106757,1.160541586073501,121.0,,121.0,3.3057851239669422,1.0,35.59726081821351,6.1784597940614825,23.8297404085527,False,25.512820512820515,30.067698259187644,26.4,LOW,🟢,Continue routine monitoring. No administrative action required at this time.,Demand increased 7% in the latest week · Current demand is 16% above its historical baseline · Current demand is 1.8 standard deviations above baseline
Tamil Nadu,Villupuram,Gingee,Rajapalayam Colony Gp,Rajapalayam Colony,Tamil Nadu|Villupuram|Gingee|Rajapalayam Colony,2025,14,113.0,2025-03-31,MGNREGA (historical),125.0,117.0,100.0,-9.6,-3.418803418803419,13.0,0,117.75,12.841988423397169,113.3125,11.234314461887362,109.875,10.466667872997517,109.875,10.466667872997517,0.29856684456970745,1.0284414106939703,120.0,,120.0,-5.833333333333333,1.0,5.971336891394149,5.622061871253907,5.831626883338052,False,0.0,13.555176336746293,5.8,LOW,🟢,Continue routine monitoring. No administrative action required at this time.,No significant deviation from normal demand patterns detected
Tamil Nadu,Villupuram,Gingee,Rajapalayam Colony Gp,Rajapalayam Colony,Tamil Nadu|Villupuram|Gingee|Rajapalayam Colony,2025,15,122.0,2025-04-07,MGNREGA (historical),113.0,125.0,129.0,7.964601769911504,-2.4,-5.426356589147287,1,121.0,7.30296743340223,115.3125,9.145402826400977,111.125,9.79360876935948,111.125,9.79360876935948,1.1104180548873657,1.0978627671541057,115.0,,115.0,6.086956521739131,1.0,22.208361097747314,5.337623954298998,15.460066240367988,False,28.893805309734514,22.232845894263214,22.9,LOW,🟢,Continue routine monitoring. No administrative action required at this time.,Demand increased 8% in the latest week
Tamil Nadu,Villupuram,Gingee,Rajapalayam Colony Gp,Rajapalayam Colony,Tamil Nadu|Villupuram|Gingee|Rajapalayam Colony,2025,16,112.0,2025-04-14,MGNREGA (historical),122.0,113.0,117.0,-8.19672131147541,-0.8849557522123894,-4.273504273504273,0,119.25,5.315072906367345,116.0625,9.450765275135891,112.54166666666667,10.053173025407961,112.54166666666667,10.053173025407961,-0.05388016950446253,0.9951869677897075,114.0,,114.0,-1.7543859649122806,1.0,0.0,1.6838929286681519,0.6735571714672608,False,0.0,9.951869677897076,3.2,LOW,🟢,Continue routine monitoring. No administrative action required at this time.,No significant deviation from normal demand patterns detected
Tamil Nadu,Villupuram,Gingee,Rajapalayam Colony Gp,Rajapalayam Colony,Tamil Nadu|Villupuram|Gingee|Rajapalayam Colony,2025,17,114.0,2025-04-21,MGNREGA (historical),112.0,122.0,125.0,1.7857142857142856,-6.557377049180328,-8.799999999999999,1,118.0,6.480740698407877,115.6875,9.55785951829324,113.29166666666667,9.602221176121388,113.29166666666667,9.602221176121388,0.07376765441466791,1.0062522986392055,117.0,,117.0,-2.564102564102564,1.0,1.4753530882933583,2.1011467635869456,1.7256705584107932,False,7.142857142857142,10.78153732990069,6.6,LOW,🟢,Continue routine monitoring. No administrative action required at this time.,No significant deviation from normal demand patterns detected
Tamil Nadu,Villupuram,Gingee,Rajapalayam Colony Gp,Rajapalayam Colony,Tamil Nadu|Villupuram|Gingee|Rajapalayam Colony,2025,18,127.0,2025-04-28,MGNREGA (historical),114.0,112.0,113.0,11.403508771929824,13.392857142857142,12.389380530973451,2,115.25,4.5734742446707735,116.5,9.02377811277358,113.95833333333333,9.323621841453399,113.95833333333333,9.323621841453399,1.3987768796759448,1.1144424131627058,123.0,,123.0,3.2520325203252036,1.0,27.975537593518894,10.071837351365067,20.814057496657362,False,37.807017543859644,24.305301645338226,28.7,LOW,🟢,Continue routine monitoring. No administrative action required at this time.,Demand increased 11% in the latest week · Current demand is 11% above its historical baseline
Tamil Nadu,Villupuram,Gingee,Rajapalayam Colony Gp,Rajapalayam Colony,Tamil Nadu|Villupuram|Gingee|Rajapalayam Colony,2025,19,113.0,2025-05-05,MGNREGA (historical),127.0,114.0,122.0,-11.023622047244094,-0.8771929824561403,-7.377049180327869,0,118.75,6.994045086119112,119.875,6.728139203587959,116.45833333333333,8.332462075666903,116.45833333333333,8.332462075666903,-0.41504339316858335,0.9703041144901611,118.0,,118.0,-4.23728813559322,1.0,0.0,3.827889713619031,1.5311558854476124,False,0.0,9.703041144901611,3.4,LOW,🟢,Continue routine monitoring. No administrative action required at this time.,No significant deviation from normal demand patterns detected
Tamil Nadu,Villupuram,Gingee,Rajapalayam Colony Gp,Rajapalayam Colony,Tamil Nadu|Villupuram|Gingee|Rajapalayam Colony,2025,20,114.0,2025-05-12,MGNREGA (historical),113.0,127.0,112.0,0.8849557522123894,-10.236220472440944,1.7857142857142856,1,116.5,7.047458170622009,117.875,5.962681563572843,116.20833333333333,8.392253823760765,116.20833333333333,8.392253823760765,-0.2631394831125023,0.9809967730369309,111.0,,111.0,2.7027027027027026,1.0,0.0,0.9713935592261169,0.38855742369044677,False,3.5398230088495577,9.809967730369308,4.5,LOW,🟢,Continue routine monitoring. No administrative action required at this time.,No significant deviation from normal demand patterns detected
Tamil Nadu,Villupuram,Gingee,Rajapalayam Colony Gp,Rajapalayam Colony,Tamil Nadu|Villupuram|Gingee|Rajapalayam Colony,2025,21,116.0,2025-05-19,MGNREGA (historical),114.0,113.0,114.0,1.7543859649122806,2.6548672566371683,1.7543859649122806,2,117.0,6.6833125519211585,117.5,6.117889458675393,116.125,8.410288612494666,116.125,8.410288612494666,-0.014862747969706406,0.9989235737351991,115.0,,115.0,0.8695652173913043,1.0,0.0,9.355113269010092,3.742045307604037,False,7.017543859649122,9.989235737351992,6.9,LOW,🟢,Continue routine monitoring. No administrative action required at this time.,No significant deviation from normal demand patterns detected
Tamil Nadu,Villupuram,Gingee,Rajapalayam Colony Gp,Rajapalayam Colony,Tamil Nadu|Villupuram|Gingee|Rajapalayam Colony,2025,22,111.0,2025-05-26,MGNREGA (historical),116.0,114.0,127.0,-4.310344827586207,-2.631578947368421,-12.598425196850393,0,117.5,6.454972243679046,116.375,5.316752499680346,116.83333333333333,7.963933853583003,116.83333333333333,7.963933853583003,-0.7324688326873647,0.9500713266761769,92.0,,92.0,20.652173913043477,1.0,0.0,0.6083758627142061,0.24335034508568243,False,0.0,9.50071326676177,2.9,LOW,🟢,Continue routine monitoring. No administrative action required at this time.,No significant deviation from normal demand patterns detected
Tamil Nadu,Villupuram,Gingee,Rajapalayam Colony Gp,Rajapalayam Colony,Tamil Nadu|Villupuram|Gingee|Rajapalayam Colony,2025,23,107.0,2025-06-02,MGNREGA (historical),111.0,116.0,113.0,-3.6036036036036037,-7.758620689655173,-5.3097345132743365,0,113.5,2.0816659994661855,116.125,5.540435774506247,117.75,6.311965548932613,117.75,6.311965548932613,-1.703114492096346,0.9087048832271762,113.0,,113.0,-5.3097345132743365,1.0,0.0,2.486666774762074,0.9946667099048296,False,0.0,9.087048832271762,3.0,LOW,🟢,Continue routine monitoring. No administrative action required at this time.,No significant deviation from normal demand patterns detected
Tamil Nadu,Villupuram,Gingee,Rajapalayam Colony Gp,Rajapalayam Colony,Tamil Nadu|Villupuram|Gingee|Rajapalayam Colony,2025,24,106.0,2025-06-09,MGNREGA (historical),107.0,111.0,114.0,-0.9345794392523363,-4.504504504504505,-7.017543859649122,0,112.0,3.915780041490273,114.25,5.800246300189089,115.91666666666667,5.930787673171694,115.91666666666667,5.930787673171694,-1.6720657041096516,0.914450035945363,94.0,,94.0,12.76595744680851,1.0,0.0,3.327708837668268,1.3310835350673074,False,0.0,9.14450035945363,3.1,LOW,🟢,Continue routine monitoring. No administrative action required at this time.,No significant deviation from normal demand patterns detected
Tamil Nadu,Villupuram,Gingee,Rajapalayam Colony Gp,Rajapalayam Colony,Tamil Nadu|Villupuram|Gingee|Rajapalayam Colony,2025,25,114.0,2025-06-16,MGNREGA (historical),106.0,107.0,116.0,7.547169811320755,6.5420560747663545,-1.7241379310344827,1,110.0,4.546060565661976,113.5,6.480740698407867,115.0,6.564366617649556,115.0,6.564366617649556,-0.15233762192856637,0.991304347826087,99.0,,99.0,15.151515151515152,1.0,0.0,1.070203955950233,0.4280815823800932,False,27.641509433962263,9.913043478260871,14.2,LOW,🟢,Continue routine monitoring. No administrative action required at this time.,Demand increased 8% in the latest week
Tamil Nadu,Villupuram,Gingee,Rajapalayam Colony Gp,Rajapalayam Colony,Tamil Nadu|Villupuram|Gingee|Rajapalayam Colony,2025,26,98.0,2025-06-23,MGNREGA (historical),114.0,106.0,111.0,-14.035087719298245,-7.547169811320755,-11.711711711711711,0,109.5,3.696845502136502,113.5,6.480740698407867,114.08333333333333,5.759708536397054,114.08333333333333,5.759708536397054,-2.7923866688216394,0.8590211833455077,91.0,,91.0,7.6923076923076925,1.0,0.0,12.768750245406876,5.107500098162751,False,0.0,8.590211833455077,4.1,LOW,🟢,Continue routine monitoring. No administrative action required at this time.,No significant deviation from normal demand patterns detected
Tamil Nadu,Villupuram,Gingee,Rajapalayam Colony Gp,Rajapalayam Colony,Tamil Nadu|Villupuram|Gingee|Rajapalayam Colony,2025,27,96.0,2025-06-30,MGNREGA (historical),98.0,114.0,107.0,-2.0408163265306123,-15.789473684210526,-10.2803738317757,0,106.25,6.551081335677865,109.875,5.93867469582711,112.83333333333333,7.408021860037292,112.83333333333333,7.408021860037292,-2.2723115092493247,0.8508124076809453,88.0,,88.0,9.090909090909092,1.0,0.0,5.589224869362522,2.235689947745009,False,0.0,8.508124076809453,3.2,LOW,🟢,Continue routine monitoring. No administrative action required at this time.,No significant deviation from normal demand patterns detected
Tamil Nadu,Villupuram,Gingee,Rajapalayam Colony Gp,Rajapalayam Colony,Tamil Nadu|Villupuram|Gingee|Rajapalayam Colony,2025,28,98.0,2025-07-07,MGNREGA (historical),96.0,98.0,106.0,2.083333333333333,0.0,-7.547169811320755,1,103.5,8.225975119502058,107.75,7.497618669570079,110.66666666666667,8.238858408711128,110.66666666666667,8.238858408711128,-1.5374298280540815,0.8855421686746987,99.0,,99.0,-1.0101010101010102,1.0,0.0,6.688232224172519,2.6752928896690076,False,8.333333333333332,8.855421686746986,6.8,LOW,🟢,Continue routine monitoring. No administrative action required at this time.,No significant deviation from normal demand patterns detected
Tamil Nadu,Villupuram,Gingee,Rajapalayam Colony Gp,Rajapalayam Colony,Tamil Nadu|Villupuram|Gingee|Rajapalayam Colony,2025,29,96.0,2025-07-14,MGNREGA (historical),98.0,96.0,114.0,-2.0408163265306123,0.0,-15.789473684210526,0,101.5,8.386497083606097,105.75,7.722878811871725,109.5,8.989893315172537,109.5,8.989893315172537,-1.5016863411733272,0.8767123287671232,87.0,,87.0,10.344827586206897,1.0,0.0,3.0870301808749505,1.2348120723499802,False,0.0,8.767123287671232,3.0,LOW,🟢,Continue routine monitoring. No administrative action required at this time.,No significant deviation from normal demand patterns detected
Tamil Nadu,Villupuram,Gingee,Rajapalayam Colony Gp,Rajapalayam Colony,Tamil Nadu|Villupuram|Gingee|Rajapalayam Colony,2025,30,93.0,2025-07-21,MGNREGA (historical),96.0,98.0,98.0,-3.125,-5.1020408163265305,-5.1020408163265305,0,97.0,1.1547005383793398,103.25,7.146427679017585,108.0,9.64836302648853,108.0,9.64836302648853,-1.5546678704790784,0.8611111111111112,89.0,,89.0,4.49438202247191,1.0,0.0,1.6783053573591382,0.6713221429436553,False,0.0,8.61111111111111,2.8,LOW,🟢,Continue routine monitoring. No administrative action required at this time.,No significant deviation from normal demand patterns detected
Tamil Nadu,Villupuram,Gingee,Rajapalayam Colony Gp,Rajapalayam Colony,Tamil Nadu|Villupuram|Gingee|Rajapalayam Colony,2025,31,88.0,2025-07-28,MGNREGA (historical),93.0,96.0,96.0,-5.376344086021505,-8.333333333333332,-8.333333333333332,0,95.75,2.061552812808881,101.0,7.191264542087561,105.16666666666667,8.483495563133069,105.16666666666667,8.483495563133069,-2.023536941690436,0.8367670364500792,84.0,,84.0,4.761904761904762,1.0,0.0,4.127379081464374,1.6509516325857498,False,0.0,8.367670364500793,3.0,LOW,🟢,Continue routine monitoring. No administrative action required at this time.,No significant deviation from normal demand patterns detected
Tamil Nadu,Villupuram,Gingee,Rajapalayam Colony Gp,Rajapalayam Colony,Tamil Nadu|Villupuram|Gingee|Rajapalayam Colony,2025,32,75.0,2025-08-04,MGNREGA (historical),88.0,93.0,98.0,-14.772727272727273,-19.35483870967742,-23.46938775510204,0,93.75,4.349329450233321,98.625,8.016723591521492,103.08333333333333,9.404624909956322,103.08333333333333,9.404624909956322,-2.9861194467843752,0.7275666936135813,84.0,,84.0,-10.714285714285714,1.0,0.0,26.259337319723585,10.503734927889434,False,0.0,7.275666936135813,5.3,LOW,🟢,Continue routine monitoring. No administrative action required at this time.,No significant deviation from normal demand patterns detected
Tamil Nadu,Villupuram,Gingee,Rajapalayam Colony Gp,Rajapalayam Colony,Tamil Nadu|Villupuram|Gingee|Rajapalayam Colony,2025,33,89.0,2025-08-11,MGNREGA (historical),75.0,88.0,96.0,18.666666666666668,1.1363636363636365,-7.291666666666667,1,88.0,9.273618495495715,94.75,10.911985546701786,99.83333333333333,11.738308174003599,99.83333333333333,11.738308174003599,-0.9229041504742153,0.8914858096828047,80.0,,80.0,11.25,1.0,0.0,10.113722148025367,4.045488859210147,False,52.333333333333336,8.914858096828047,24.8,LOW,🟢,Continue routine monitoring. No administrative action required at this time.,Demand increased 19% in the latest week
Tamil Nadu,Villupuram,Gingee,Rajapalayam Colony Gp,Rajapalayam Colony,Tamil Nadu|Villupuram|Gingee|Rajapalayam Colony,2025,34,71.0,2025-08-18,MGNREGA (historical),89.0,75.0,93.0,-20.224719101123593,-5.333333333333334,-23.655913978494624,0,86.25,7.8049129826454084,91.625,7.726346392146074,97.58333333333333,10.916695581733656,97.58333333333333,10.916695581733656,-2.4351080539255716,0.7275832621690863,70.0,,70.0,1.4285714285714286,1.0,0.0,26.70243926187505,10.68097570475002,False,0.0,7.2758326216908635,5.4,LOW,🟢,Continue routine monitoring. No administrative action required at this time.,No significant deviation from normal demand patterns detected
Tamil Nadu,Villupuram,Gingee,Rajapalayam Colony Gp,Rajapalayam Colony,Tamil Nadu|Villupuram|Gingee|Rajapalayam Colony,2025,35,77.0,2025-08-25,MGNREGA (historical),71.0,89.0,88.0,8.450704225352112,-13.48314606741573,-12.5,1,80.75,9.105858919765167,88.25,10.08180822783578,94.25,12.447161049083384,94.25,12.447161049083384,-1.3858581834024153,0.8169761273209549,81.0,,81.0,-4.938271604938271,1.0,0.0,13.066603203801975,5.2266412815207905,False,30.352112676056336,8.169761273209549,16.2,LOW,🟢,Continue routine monitoring. No administrative action required at this time.,Demand increased 8% in the latest week
Tamil Nadu,Villupuram,Gingee,Rajapalayam Colony Gp,Rajapalayam Colony,Tamil Nadu|Villupuram|Gingee|Rajapalayam Colony,2025,36,70.0,2025-09-01,MGNREGA (historical),77.0,71.0,75.0,-9.090909090909092,-1.4084507042253522,-6.666666666666667,0,78.0,7.745966692414845,85.875,10.232127274981906,91.75,12.664373795666481,91.75,12.664373795666481,-1.7174161431844703,0.7629427792915532,71.0,,71.0,-1.4084507042253522,1.0,0.0,8.115271968849866,3.2461087875399466,False,0.0,7.629427792915532,3.3,LOW,🟢,Continue routine monitoring. No administrative action required at this time.,No significant deviation from normal demand patterns detected
Tamil Nadu,Villupuram,Gingee,Rajapalayam Colony Gp,Rajapalayam Colony,Tamil Nadu|Villupuram|Gingee|Rajapalayam Colony,2025,37,72.0,2025-09-08,MGNREGA (historical),70.0,77.0,89.0,2.857142857142857,-6.493506493506493,-19.101123595505616,1,76.75,8.7321245982865,82.375,10.280876838647014,88.75,13.233050909130377,88.75,13.233050909130377,-1.2657700869602975,0.8112676056338028,64.0,,64.0,12.5,1.0,0.0,13.565821683173443,5.426328673269378,False,11.428571428571429,8.112676056338028,8.6,LOW,🟢,Continue routine monitoring. No administrative action required at this time.,No significant deviation from normal demand patterns detected
Tamil Nadu,Villupuram,Gingee,Rajapalayam Colony Gp,Rajapalayam Colony,Tamil Nadu|Villupuram|Gingee|Rajapalayam Colony,2025,38,74.0,2025-09-15,MGNREGA (historical),72.0,70.0,71.0,2.7777777777777777,5.714285714285714,4.225352112676056,2,72.5,3.1091263510296354,79.375,9.179752564359086,85.25,11.370815913796783,85.25,11.370815913796783,-0.9893749125205527,0.8680351906158358,69.0,,69.0,7.246376811594203,1.0,0.0,17.600632243623316,7.040252897449327,False,11.11111111111111,8.680351906158357,9.2,LOW,🟢,Continue routine monitoring. No administrative action required at this time.,No significant deviation from normal demand patterns detected
Tamil Nadu,Villupuram,Gingee,Rajapalayam Colony Gp,Rajapalayam Colony,Tamil Nadu|Villupuram|Gingee|Rajapalayam Colony,2025,39,73.0,2025-09-22,MGNREGA (historical),74.0,72.0,77.0,-1.3513513513513513,1.3888888888888888,-5.194805194805195,0,73.25,2.986078811194851,77.0,7.4450366975973665,83.25,11.029917991947645,83.25,11.029917991947645,-0.9292906808085951,0.8768768768768769,80.0,,80.0,-8.75,1.0,0.0,1.8539856584705559,0.7415942633882224,False,0.0,8.76876876876877,2.9,LOW,🟢,Continue routine monitoring. No administrative action required at this time.,No significant deviation from normal demand patterns detected
Tamil Nadu,Villupuram,Gingee,Rajapalayam Colony Gp,Rajapalayam Colony,Tamil Nadu|Villupuram|Gingee|Rajapalayam Colony,2025,40,74.0,2025-09-29,MGNREGA (historical),73.0,74.0,70.0,1.36986301369863,0.0,5.714285714285714,1,72.25,1.7078251276599878,75.125,6.034129124050492,81.33333333333333,10.603029870006107,81.33333333333333,10.603029870006107,-0.691626207154041,0.9098360655737705,76.0,,76.0,-2.631578947368421,1.0,0.0,3.288768898136021,1.3155075592544083,False,5.47945205479452,9.098360655737705,5.3,LOW,🟢,Continue routine monitoring. No administrative action required at this time.,No significant deviation from normal demand patterns detected
Tamil Nadu,Villupuram,Gingee,Rajapalayam Colony Gp,Rajapalayam Colony,Tamil Nadu|Villupuram|Gingee|Rajapalayam Colony,2025,41,81.0,2025-10-06,MGNREGA (historical),74.0,73.0,72.0,9.45945945945946,10.95890410958904,12.5,2,73.25,0.9574271077564358,75.0,6.047431568147642,79.33333333333333,9.36466602164588,79.33333333333333,9.36466602164588,0.1779739568730234,1.0210084033613447,69.0,,69.0,17.391304347826086,1.0,3.559479137460468,11.255628191720323,6.63793875916441,False,33.37837837837838,12.626050420168086,19.1,LOW,🟢,Continue routine monitoring. No administrative action required at this time.,Demand increased 9% in the latest week
Tamil Nadu,Villupuram,Gingee,Rajapalayam Colony Gp,Rajapalayam Colony,Tamil Nadu|Villupuram|Gingee|Rajapalayam Colony,2025,42,75.0,2025-10-13,MGNREGA (historical),81.0,74.0,74.0,-7.4074074074074066,1.3513513513513513,1.3513513513513513,0,75.5,3.696845502136496,74.0,3.5456210417116836,78.08333333333333,7.809764672666092,78.08333333333333,7.809764672666092,-0.3948048965066629,0.96051227321238,70.0,,70.0,7.142857142857142,1.0,0.0,1.235493377669262,0.49419735106770485,False,0.0,9.6051227321238,3.0,LOW,🟢,Continue routine monitoring. No administrative action required at this time.,No significant deviation from normal demand patterns detected
Tamil Nadu,Villupuram,Gingee,Rajapalayam Colony Gp,Rajapalayam Colony,Tamil Nadu|Villupuram|Gingee|Rajapalayam Colony,2025,43,71.0,2025-10-20,MGNREGA (historical),75.0,81.0,73.0,-5.333333333333334,-12.345679012345679,-2.73972602739726,0,75.75,3.5939764421413285,74.5,3.3380918415851317,76.58333333333333,6.258933010045833,76.58333333333333,6.258933010045833,-0.8920583307684967,0.9270946681175191,71.0,,71.0,0.0,1.0,0.0,1.1429396846008273,0.4571758738403309,False,0.0,9.270946681175191,2.9,LOW,🟢,Continue routine monitoring. No administrative action required at this time.,No significant deviation from normal demand patterns detected
Tamil Nadu,Villupuram,Gingee,Rajapalayam Colony Gp,Rajapalayam Colony,Tamil Nadu|Villupuram|Gingee|Rajapalayam Colony,2025,44,79.0,2025-10-27,MGNREGA (historical),71.0,75.0,74.0,11.267605633802818,5.333333333333334,6.756756756756757,1,75.25,4.1932485418030625,73.75,3.3700360320244243,75.16666666666667,5.288638479769234,75.16666666666667,5.288638479769234,0.7248242336845444,1.0509977827050998,86.0,,86.0,-8.13953488372093,1.0,14.496484673690887,1.9876183461986454,9.49293814269399,False,37.53521126760563,16.374722838137476,22.8,LOW,🟢,Continue routine monitoring. No administrative action required at this time.,Demand increased 11% in the latest week
Tamil Nadu,Villupuram,Gingee,Rajapalayam Colony Gp,Rajapalayam Colony,Tamil Nadu|Villupuram|Gingee|Rajapalayam Colony,2025,45,82.0,2025-11-03,MGNREGA (historical),79.0,71.0,81.0,3.79746835443038,15.492957746478872,1.2345679012345678,2,76.5,4.43471156521671,74.875,3.440826312717016,75.5,5.402019824271017,75.5,5.402019824271017,1.2032536368703814,1.086092715231788,78.0,,78.0,5.128205128205128,1.0,24.06507273740763,9.000295937923422,18.039162017613947,False,15.18987341772152,20.76158940397351,17.7,LOW,🟢,Continue routine monitoring. No administrative action required at this time.,No significant deviation from normal demand patterns detected
Tamil Nadu,Villupuram,Gingee,Rajapalayam Colony Gp,Rajapalayam Colony,Tamil Nadu|Villupuram|Gingee|Rajapalayam Colony,2025,46,70.0,2025-11-10,MGNREGA (historical),82.0,79.0,75.0,-14.634146341463413,-11.39240506329114,-6.666666666666667,0,76.75,4.787135538781708,76.125,4.01559460105226,74.91666666666667,4.010403138505179,74.91666666666667,4.010403138505179,-1.2259781615120342,0.9343715239154615,80.0,,80.0,-12.5,1.0,0.0,5.840595297886759,2.3362381191547037,False,0.0,9.343715239154616,3.5,LOW,🟢,Continue routine monitoring. No administrative action required at this time.,No significant deviation from normal demand patterns detected
Tamil Nadu,Villupuram,Gingee,Rajapalayam Colony Gp,Rajapalayam Colony,Tamil Nadu|Villupuram|Gingee|Rajapalayam Colony,2025,47,83.0,2025-11-17,MGNREGA (historical),70.0,82.0,71.0,18.571428571428573,1.2195121951219512,16.901408450704224,1,75.5,5.9160797830996295,75.625,4.5336046837556845,74.83333333333333,4.10838020134295,74.83333333333333,4.10838020134295,1.9878069376337533,1.1091314031180401,85.0,,85.0,-2.3529411764705883,1.0,39.756138752675064,14.431905811439355,29.626445576180778,False,52.142857142857146,23.64142538975502,36.8,LOW,🟢,Continue routine monitoring. No administrative action required at this time.,Demand increased 19% in the latest week · Current demand is 11% above its historical baseline · Current demand is 2.0 standard deviations above baseline
Tamil Nadu,Villupuram,Gingee,Rajapalayam Colony Gp,Rajapalayam Colony,Tamil Nadu|Villupuram|Gingee|Rajapalayam Colony,2025,48,86.0,2025-11-24,MGNREGA (historical),83.0,70.0,79.0,3.614457831325301,22.857142857142858,8.860759493670885,2,78.5,5.9160797830996295,76.875,5.055054048036626,75.33333333333333,4.716187468965068,75.33333333333333,4.716187468965068,2.261713881574642,1.1415929203539823,83.0,,83.0,3.614457831325301,1.0,45.234277631492844,11.841407725749999,31.877129669195703,False,14.457831325301203,27.69911504424779,23.7,LOW,🟢,Continue routine monitoring. No administrative action required at this time.,Current demand is 14% above its historical baseline · Current demand is 2.3 standard deviations above baseline
Tamil Nadu,Villupuram,Gingee,Rajapalayam Colony Gp,Rajapalayam Colony,Tamil Nadu|Villupuram|Gingee|Rajapalayam Colony,2025,49,82.0,2025-12-01,MGNREGA (historical),86.0,83.0,82.0,-4.651162790697675,-1.2048192771084338,0.0,0,80.25,7.041543391425882,78.375,5.804862493757162,76.66666666666667,5.297226261035585,76.66666666666667,5.297226261035585,1.0068162223998876,1.0695652173913044,82.0,,82.0,0.0,1.0,20.13632444799775,3.245292419016836,13.379911636405385,False,0.0,18.69565217391305,9.6,LOW,🟢,Continue routine monitoring. No administrative action required at this time.,No significant deviation from normal demand patterns detected
Tamil Nadu,Villupuram,Gingee,Rajapalayam Colony Gp,Rajapalayam Colony,Tamil Nadu|Villupuram|Gingee|Rajapalayam Colony,2025,50,85.0,2025-12-08,MGNREGA (historical),82.0,86.0,70.0,3.6585365853658534,-1.1627906976744187,21.428571428571427,1,80.25,7.041543391425882,78.5,5.8797473220733405,77.5,5.282905536642688,77.5,5.282905536642688,1.4196733119642881,1.096774193548387,85.0,,85.0,0.0,1.0,28.393466239285765,8.923556613125871,20.605502388821808,False,14.634146341463413,22.096774193548377,18.7,LOW,🟢,Continue routine monitoring. No administrative action required at this time.,No significant deviation from normal demand patterns detected
Tamil Nadu,Villupuram,Gingee,Rajapalayam Colony Gp,Rajapalayam Colony,Tamil Nadu|Villupuram|Gingee|Rajapalayam Colony,2025,51,88.0,2025-12-15,MGNREGA (historical),85.0,82.0,83.0,3.5294117647058822,7.317073170731707,6.024096385542169,2,84.0,1.8257418583505967,79.75,6.0886310917503135,78.41666666666667,5.56708399814691,78.41666666666667,5.56708399814691,1.7214278312530022,1.1222104144527099,89.0,,89.0,-1.1235955056179776,1.0,34.42855662506005,9.101171775425595,24.297602685206268,False,14.117647058823529,25.276301806588734,20.5,LOW,🟢,Continue routine monitoring. No administrative action required at this time.,Current demand is 12% above its historical baseline · Current demand is 1.7 standard deviations above baseline
Tamil Nadu,Villupuram,Gingee,Rajapalayam Colony Gp,Rajapalayam Colony,Tamil Nadu|Villupuram|Gingee|Rajapalayam Colony,2025,52,93.0,2025-12-22,MGNREGA (historical),88.0,85.0,86.0,5.681818181818182,9.411764705882353,8.13953488372093,3,85.25,2.5000000000000324,81.875,5.540435774506245,79.66666666666667,5.913518155015356,79.66666666666667,5.913518155015356,2.254720960317861,1.1673640167364017,92.0,,92.0,1.0869565217391304,1.0,45.09441920635722,18.324889167171282,34.386607190682845,False,22.045454545454547,30.920502092050214,28.4,LOW,🟢,Continue routine monitoring. No administrative action required at this time.,Demand increased 6% in the latest week · Current demand is 17% above its historical baseline · Current demand is 2.3 standard deviations above baseline · Momentum has increased for 3 consecutive weeks
Tamil Nadu,Villupuram,Gingee,Vadakku Agraharam Gp,Vadakku Agraharam,Tamil Nadu|Villupuram|Gingee|Vadakku Agraharam,2024,1,62.0,2024-01-01,MGNREGA (historical),,,,,,,0,,,,,,,,,0.0,1.0,,,,,1.0,0.0,0.0,0.0,False,0.0,10.0,3.0,LOW,🟢,Continue routine monitoring. No administrative action required at this time.,No significant deviation from normal demand patterns detected
Tamil Nadu,Villupuram,Gingee,Vadakku Agraharam Gp,Vadakku Agraharam,Tamil Nadu|Villupuram|Gingee|Vadakku Agraharam,2024,2,62.0,2024-01-08,MGNREGA (historical),62.0,,,0.0,,,0,,,,,,,,,0.0,1.0,,,,,1.0,0.0,0.0,0.0,False,0.0,10.0,3.0,LOW,🟢,Continue routine monitoring. No administrative action required at this time.,No significant deviation from normal demand patterns detected
Tamil Nadu,Villupuram,Gingee,Vadakku Agraharam Gp,Vadakku Agraharam,Tamil Nadu|Villupuram|Gingee|Vadakku Agraharam,2024,3,68.0,2024-01-15,MGNREGA (historical),62.0,62.0,,9.67741935483871,9.67741935483871,,1,,,,,,,,,0.0,1.0,,,,,1.0,0.0,0.0,0.0,False,34.03225806451613,10.0,16.6,LOW,🟢,Continue routine monitoring. No administrative action required at this time.,Demand increased 10% in the latest week
Tamil Nadu,Villupuram,Gingee,Vadakku Agraharam Gp,Vadakku Agraharam,Tamil Nadu|Villupuram|Gingee|Vadakku Agraharam,2024,4,66.0,2024-01-22,MGNREGA (historical),68.0,62.0,,-2.941176470588235,6.451612903225806,,0,64.0,3.4641016151377544,,,,,64.0,3.4641016151377544,0.5773502691896258,1.03125,,,,,1.0,11.547005383792516,0.0,6.92820323027551,False,0.0,13.90625,6.3,LOW,🟢,Continue routine monitoring. No administrative action required at this time.,No significant deviation from normal demand patterns detected
Tamil Nadu,Villupuram,Gingee,Vadakku Agraharam Gp,Vadakku Agraharam,Tamil Nadu|Villupuram|Gingee|Vadakku Agraharam,2024,5,74.0,2024-01-29,MGNREGA (historical),66.0,68.0,62.0,12.121212121212121,8.823529411764707,19.35483870967742,1,64.5,3.0,64.5,3.0,,,64.5,3.0,3.1666666666666665,1.1472868217054264,,,,,1.0,63.33333333333333,24.491011391878263,47.7964045567513,False,39.24242424242424,28.410852713178304,38.6,LOW,🟢,Continue routine monitoring. No administrative action required at this time.,Demand increased 12% in the latest week · Current demand is 15% above its historical baseline · Current demand is 3.2 standard deviations above baseline
Tamil Nadu,Villupuram,Gingee,Vadakku Agraharam Gp,Vadakku Agraharam,Tamil Nadu|Villupuram|Gingee|Vadakku Agraharam,2024,6,75.0,2024-02-05,MGNREGA (historical),74.0,66.0,62.0,1.3513513513513513,13.636363636363635,20.967741935483872,2,67.5,5.000000000000002,66.4,4.979959839195492,,,66.4,4.979959839195492,1.7269215571403718,1.1295180722891565,,,,,1.0,34.53843114280743,14.938124926274332,26.698308656194193,False,5.405405405405405,26.18975903614456,18.0,LOW,🟢,Continue routine monitoring. No administrative action required at this time.,Current demand is 13% above its historical baseline · Current demand is 1.7 standard deviations above baseline
Tamil Nadu,Villupuram,Gingee,Vadakku Agraharam Gp,Vadakku Agraharam,Tamil Nadu|Villupuram|Gingee|Vadakku Agraharam,2024,7,69.0,2024-02-12,MGNREGA (historical),75.0,74.0,68.0,-8.0,-6.756756756756757,1.4705882352941175,0,70.75,4.425306015783921,67.83333333333333,5.671566509057849,67.83333333333333,5.671566509057849,67.83333333333333,5.671566509057849,0.2057044847844826,1.0171990171990173,,,,,1.0,4.114089695689652,1.9824887216268607,3.2614493060645358,False,0.0,12.149877149877161,4.6,LOW,🟢,Continue routine monitoring. No administrative action required at this time.,No significant deviation from normal demand patterns detected
Tamil Nadu,Villupuram,Gingee,Vadakku Agraharam Gp,Vadakku Agraharam,Tamil Nadu|Villupuram|Gingee|Vadakku Agraharam,2024,8,75.0,2024-02-19,MGNREGA (historical),69.0,75.0,66.0,8.695652173913043,0.0,13.636363636363635,1,71.0,4.242640687119288,68.0,5.1961524227066285,68.0,5.1961524227066285,68.0,5.1961524227066285,1.3471506281091277,1.1029411764705883,,,,,1.0,26.943012562182556,3.4565274057865114,17.548418499624137,False,31.08695652173913,22.867647058823543,24.6,LOW,🟢,Continue routine monitoring. No administrative action required at this time.,Demand increased 9% in the latest week · Current demand is 10% above its historical baseline
Tamil Nadu,Villupuram,Gingee,Vadakku Agraharam Gp,Vadakku Agraharam,Tamil Nadu|Villupuram|Gingee|Vadakku Agraharam,2024,9,75.0,2024-02-26,MGNREGA (historical),75.0,69.0,74.0,0.0,8.695652173913043,1.3513513513513513,0,73.25,2.8722813232690174,68.875,5.4099775547461455,68.875,5.4099775547461455,68.875,5.4099775547461455,1.1321673589249126,1.0889292196007259,,,,,1.0,22.643347178498253,2.3609529140574135,14.530389472721918,False,0.0,21.116152450090738,10.7,LOW,🟢,Continue routine monitoring. No administrative action required at this time.,No significant deviation from normal demand patterns detected
Tamil Nadu,Villupuram,Gingee,Vadakku Agraharam Gp,Vadakku Agraharam,Tamil Nadu|Villupuram|Gingee|Vadakku Agraharam,2024,10,78.0,2024-03-04,MGNREGA (historical),75.0,75.0,75.0,4.0,4.0,4.0,1,73.5,3.000000000000003,70.5,4.985693819032888,69.55555555555556,5.45690184791496,69.55555555555556,5.45690184791496,1.547479628513201,1.121405750798722,,,,,1.0,30.949592570264024,4.070660551278431,20.198019762669787,False,16.0,25.175718849840262,20.0,LOW,🟢,Continue routine monitoring. No administrative action required at this time.,Current demand is 12% above its historical baseline · Current demand is 1.5 standard deviations above baseline
Tamil Nadu,Villupuram,Gingee,Vadakku Agraharam Gp,Vadakku Agraharam,Tamil Nadu|Villupuram|Gingee|Vadakku Agraharam,2024,11,71.0,2024-03-11,MGNREGA (historical),78.0,75.0,69.0,-8.974358974358974,-5.333333333333334,2.898550724637681,0,74.25,3.7749172176353776,72.5,4.242640687119263,70.4,5.796550698475768,70.4,5.796550698475768,0.1035098339013523,1.0085227272727273,,,,,1.0,2.0701966780270458,2.1556262200585943,2.1043684948396653,False,0.0,11.065340909090912,4.0,LOW,🟢,Continue routine monitoring. No administrative action required at this time.,No significant deviation from normal demand patterns detected
Tamil Nadu,Villupuram,Gingee,Vadakku Agraharam Gp,Vadakku Agraharam,Tamil Nadu|Villupuram|Gingee|Vadakku Agraharam,2024,12,77.0,2024-03-18,MGNREGA (historical),71.0,78.0,75.0,8.450704225352112,-1.282051282051282,2.666666666666667,1,74.75,2.872281323269018,72.875,3.907410541887932,70.45454545454545,5.50206572777236,70.45454545454545,5.50206572777236,1.1896358330318653,1.0929032258064517,,,,,1.0,23.792716660637307,1.9562641869138073,15.058135671147905,False,30.352112676056336,21.61290322580647,23.1,LOW,🟢,Continue routine monitoring. No administrative action required at this time.,Demand increased 8% in the latest week
Tamil Nadu,Villupuram,Gingee,Vadakku Agraharam Gp,Vadakku Agraharam,Tamil Nadu|Villupuram|Gingee|Vadakku Agraharam,2024,13,79.0,2024-03-25,MGNREGA (historical),77.0,71.0,75.0,2.5974025974025974,11.267605633802818,5.333333333333334,2,75.25,3.0956959368344545,74.25,2.9640705601780195,71.0,5.575922263707502,71.0,5.575922263707502,1.4347402315972564,1.1126760563380282,,,,,1.0,28.694804631945125,8.632770000869359,20.66999077951482,False,10.38961038961039,24.084507042253534,17.6,LOW,🟢,Continue routine monitoring. No administrative action required at this time.,Current demand is 11% above its historical baseline
Tamil Nadu,Villupuram,Gingee,Vadakku Agraharam Gp,Vadakku Agraharam,Tamil Nadu|Villupuram|Gingee|Vadakku Agraharam,2024,14,69.0,2024-04-01,MGNREGA (historical),79.0,77.0,78.0,-12.658227848101266,-10.38961038961039,-11.538461538461538,0,76.25,3.593976442141307,74.875,3.399054490379811,72.41666666666667,5.230302152463134,72.41666666666667,5.230302152463134,-0.6532446055831865,0.9528193325661679,,,,,1.0,0.0,4.899564023199296,1.9598256092797184,False,0.0,9.528193325661679,3.4,LOW,🟢,Continue routine monitoring. No administrative action required at this time.,No significant deviation from normal demand patterns detected
Tamil Nadu,Villupuram,Gingee,Vadakku Agraharam Gp,Vadakku Agraharam,Tamil Nadu|Villupuram|Gingee|Vadakku Agraharam,2024,15,71.0,2024-04-08,MGNREGA (historical),69.0,79.0,71.0,2.898550724637681,-10.126582278481013,0.0,1,74.0,4.760952285695237,74.125,3.979860011895578,73.0,4.264014327112194,73.0,4.264014327112194,-0.4690415759823446,0.9726027397260274,,,,,1.0,0.0,1.3102968792173975,0.524118751686959,False,11.594202898550725,9.726027397260275,7.7,LOW,🟢,Continue routine monitoring. No administrative action required at this time.,No significant deviation from normal demand patterns detected
Tamil Nadu,Villupuram,Gingee,Vadakku Agraharam Gp,Vadakku Agraharam,Tamil Nadu|Villupuram|Gingee|Vadakku Agraharam,2024,16,67.0,2024-04-15,MGNREGA (historical),71.0,69.0,77.0,-5.633802816901409,-2.898550724637681,-12.987012987012985,0,74.0,4.760952285695237,74.375,3.6620642110309904,73.25,4.025486983527002,73.25,4.025486983527002,-1.552607181584761,0.9146757679180887,,,,,1.0,0.0,1.634565029287936,0.6538260117151744,False,0.0,9.146757679180887,2.9,LOW,🟢,Continue routine monitoring. No administrative action required at this time.,No significant deviation from normal demand patterns detected
Tamil Nadu,Villupuram,Gingee,Vadakku Agraharam Gp,Vadakku Agraharam,Tamil Nadu|Villupuram|Gingee|Vadakku Agraharam,2024,17,73.0,2024-04-22,MGNREGA (historical),67.0,71.0,79.0,8.955223880597014,2.8169014084507045,-7.59493670886076,1,71.5,5.25991127935317,73.375,4.470139019889945,73.33333333333333,3.8690692640087003,73.33333333333333,3.8690692640087003,-0.08615336417833099,0.9954545454545455,,,,,1.0,0.0,2.5425335754357112,1.0170134301742846,False,31.865671641791042,9.954545454545455,16.0,LOW,🟢,Continue routine monitoring. No administrative action required at this time.,Demand increased 9% in the latest week
Tamil Nadu,Villupuram,Gingee,Vadakku Agraharam Gp,Vadakku Agraharam,Tamil Nadu|Villupuram|Gingee|Vadakku Agraharam,2024,18,76.0,2024-04-29,MGNREGA (historical),73.0,67.0,69.0,4.10958904109589,13.432835820895523,10.144927536231885,2,70.0,2.581988897471618,73.125,4.421942042651759,73.25,3.8641710859921874,73.25,3.8641710859921874,0.7116662121842604,1.0375426621160408,,,,,1.0,14.233324243685209,8.94706896618653,12.118822132685736,False,16.43835616438356,14.692832764505107,14.6,LOW,🟢,Continue routine monitoring. No administrative action required at this time.,No significant deviation from normal demand patterns detected
Tamil Nadu,Villupuram,Gingee,Vadakku Agraharam Gp,Vadakku Agraharam,Tamil Nadu|Villupuram|Gingee|Vadakku Agraharam,2024,19,78.0,2024-05-06,MGNREGA (historical),76.0,73.0,71.0,2.631578947368421,6.8493150684931505,9.859154929577464,3,71.75,3.7749172176353807,72.875,4.155461122770484,73.33333333333333,3.915780041490225,73.33333333333333,3.915780041490225,1.191759143062255,1.0636363636363637,,,,,1.0,23.835182861245098,18.170452032699338,21.569290529826795,False,10.526315789473683,17.954545454545467,16.1,LOW,🟢,Continue routine monitoring. No administrative action required at this time.,Momentum has increased for 3 consecutive weeks
Tamil Nadu,Villupuram,Gingee,Vadakku Agraharam Gp,Vadakku Agraharam,Tamil Nadu|Villupuram|Gingee|Vadakku Agraharam,2024,20,71.0,2024-05-13,MGNREGA (historical),78.0,76.0,67.0,-8.974358974358974,-6.578947368421052,5.970149253731343,0,73.5,4.7958315233127236,73.75,4.432026302139565,74.08333333333333,3.872005196590532,74.08333333333333,3.872005196590532,-0.7963143582679943,0.9583802024746907,,,,,1.0,0.0,2.877847104457565,1.151138841783026,False,0.0,9.583802024746907,3.2,LOW,🟢,Continue routine monitoring. No administrative action required at this time.,No significant deviation from normal demand patterns detected
Tamil Nadu,Villupuram,Gingee,Vadakku Agraharam Gp,Vadakku Agraharam,Tamil Nadu|Villupuram|Gingee|Vadakku Agraharam,2024,21,76.0,2024-05-20,MGNREGA (historical),71.0,78.0,73.0,7.042253521126761,-2.564102564102564,4.10958904109589,1,74.5,3.109126351029611,73.0,4.3094580368566495,73.75,3.9571569224748666,73.75,3.9571569224748666,0.568590036756191,1.0305084745762711,,,,,1.0,11.37180073512382,0.4859482079405248,7.017459724250502,False,26.126760563380284,13.813559322033894,16.7,LOW,🟢,Continue routine monitoring. No administrative action required at this time.,Demand increased 7% in the latest week
Tamil Nadu,Villupuram,Gingee,Vadakku Agraharam Gp,Vadakku Agraharam,Tamil Nadu|Villupuram|Gingee|Vadakku Agraharam,2024,22,68.5,2024-05-27,MGNREGA (historical),76.0,71.0,76.0,-9.868421052631579,-3.5211267605633805,-9.868421052631579,0,75.25,2.986078811194826,72.625,3.8149143409218556,73.83333333333333,3.996210326008482,73.83333333333333,3.996210326008482,-1.334597755934533,0.9277652370203161,,,,,1.0,0.0,2.1568237827207546,0.8627295130883019,False,0.0,9.27765237020316,3.0,LOW,🟢,Continue routine monitoring. No administrative action required at this time.,No significant deviation from normal demand patterns detected
Tamil Nadu,Villupuram,Gingee,Vadakku Agraharam Gp,Vadakku Agraharam,Tamil Nadu|Villupuram|Gingee|Vadakku Agraharam,2024,23,61.0,2024-06-03,MGNREGA (historical),68.5,76.0,78.0,-10.948905109489052,-19.736842105263158,-21.794871794871796,0,73.375,4.385107372307627,72.5625,3.8862164854043297,73.04166666666667,4.036528286295103,73.04166666666667,4.036528286295103,-2.9831741072026587,0.8351397604107245,,,,,1.0,0.0,17.632810850225795,7.053124340090318,False,0.0,8.351397604107245,4.6,LOW,🟢,Continue routine monitoring. No administrative action required at this time.,No significant deviation from normal demand patterns detected
Tamil Nadu,Villupuram,Gingee,Vadakku Agraharam Gp,Vadakku Agraharam,Tamil Nadu|Villupuram|Gingee|Vadakku Agraharam,2024,24,65.0,2024-06-10,MGNREGA (historical),61.0,68.5,71.0,6.557377049180328,-5.109489051094891,-8.450704225352112,1,69.125,6.250000000000002,71.3125,5.662770018790639,72.20833333333333,5.323440161353846,72.20833333333333,5.323440161353846,-1.3540742667989567,0.9001731102135027,,,,,1.0,0.0,5.458094270998249,2.1832377083992998,False,24.672131147540984,9.001731102135027,13.2,LOW,🟢,Continue routine monitoring. No administrative action required at this time.,Demand increased 7% in the latest week
Tamil Nadu,Villupuram,Gingee,Vadakku Agraharam Gp,Vadakku Agraharam,Tamil Nadu|Villupuram|Gingee|Vadakku Agraharam,2024,25,65.0,2024-06-17,MGNREGA (historical),65.0,61.0,76.0,0.0,6.557377049180328,-14.473684210526317,0,67.625,6.3688696014285,71.0625,5.918720300875846,71.20833333333333,5.4666689763483625,71.20833333333333,5.4666689763483625,-1.1356702518835127,0.9128145114101814,,,,,1.0,0.0,3.0549589359389504,1.2219835743755803,False,0.0,9.128145114101814,3.1,LOW,🟢,Continue routine monitoring. No administrative action required at this time.,No significant deviation from normal demand patterns detected
Tamil Nadu,Villupuram,Gingee,Vadakku Agraharam Gp,Vadakku Agraharam,Tamil Nadu|Villupuram|Gingee|Vadakku Agraharam,2024,26,62.0,2024-06-24,MGNREGA (historical),65.0,65.0,68.5,-4.615384615384616,-4.615384615384616,-9.48905109489051,0,64.875,3.0652623596249216,70.0625,6.213105388727,70.04166666666667,5.136581518575337,70.04166666666667,5.136581518575337,-1.5655678076140176,0.8851873884592504,,,,,1.0,0.0,0.5617420958124129,0.22469683832496515,False,0.0,8.851873884592504,2.7,LOW,🟢,Continue routine monitoring. No administrative action required at this time.,No significant deviation from normal demand patterns detected
Tamil Nadu,Villupuram,Gingee,Vadakku Agraharam Gp,Vadakku Agraharam,Tamil Nadu|Villupuram|Gingee|Vadakku Agraharam,2024,27,53.0,2024-07-01,MGNREGA (historical),62.0,65.0,61.0,-14.516129032258066,-18.461538461538463,-13.114754098360656,0,63.25,2.0615528128088307,68.3125,6.27317133286096,69.45833333333333,5.638577888622328,69.45833333333333,5.638577888622328,-2.918880196111752,0.7630473905218956,,,,,1.0,0.0,16.800246749381472,6.720098699752589,False,0.0,7.630473905218956,4.3,LOW,🟢,Continue routine monitoring. No administrative action required at this time.,No significant deviation from normal demand patterns detected
Tamil Nadu,Villupuram,Gingee,Vadakku Agraharam Gp,Vadakku Agraharam,Tamil Nadu|Villupuram|Gingee|Vadakku Agraharam,2024,28,58.0,2024-07-08,MGNREGA (historical),53.0,62.0,65.0,9.433962264150944,-6.451612903225806,-10.76923076923077,1,61.25,5.6789083458002745,65.1875,6.948471054843654,67.95833333333333,7.331309982575155,67.95833333333333,7.331309982575155,-1.358329324091057,0.8534641324340896,,,,,1.0,0.0,9.193767460938297,3.6775069843753188,False,33.301886792452834,8.534641324340896,17.0,LOW,🟢,Continue routine monitoring. No administrative action required at this time.,Demand increased 9% in the latest week
Tamil Nadu,Villupuram,Gingee,Vadakku Agraharam Gp,Vadakku Agraharam,Tamil Nadu|Villupuram|Gingee|Vadakku Agraharam,2024,29,52.0,2024-07-15,MGNREGA (historical),58.0,53.0,65.0,-10.344827586206897,-1.8867924528301887,-20.0,0,59.5,5.196152422706632,63.5625,6.914981148615984,67.20833333333333,7.878216034026229,67.20833333333333,7.878216034026229,-1.9304285726169634,0.7737135771853689,,,,,1.0,0.0,9.223606826244316,3.6894427304977264,False,0.0,7.737135771853689,3.4,LOW,🟢,Continue routine monitoring. No administrative action required at this time.,No significant deviation from normal demand patterns detected
Tamil Nadu,Villupuram,Gingee,Vadakku Agraharam Gp,Vadakku Agraharam,Tamil Nadu|Villupuram|Gingee|Vadakku Agraharam,2024,30,57.0,2024-07-22,MGNREGA (historical),52.0,58.0,62.0,9.615384615384617,-1.7241379310344827,-8.064516129032258,1,56.25,4.645786621588784,60.5625,5.876329636771598,65.45833333333333,8.75800499629634,65.45833333333333,8.75800499629634,-0.9657831134956262,0.870782940802037,,,,,1.0,0.0,5.100059749582178,2.040023899832871,False,33.846153846153854,8.70782940802037,16.8,LOW,🟢,Continue routine monitoring. No administrative action required at this time.,Demand increased 10% in the latest week
Tamil Nadu,Villupuram,Gingee,Vadakku Agraharam Gp,Vadakku Agraharam,Tamil Nadu|Villupuram|Gingee|Vadakku Agraharam,2024,31,54.0,2024-07-29,MGNREGA (historical),57.0,52.0,53.0,-5.263157894736842,3.8461538461538463,1.8867924528301887,0,55.0,2.9439202887759492,59.125,4.998213966722827,63.875,8.38864221324395,63.875,8.38864221324395,-1.1771869331140856,0.8454011741682974,,,,,1.0,0.0,4.927592028329946,1.9710368113319785,False,0.0,8.454011741682974,3.1,LOW,🟢,Continue routine monitoring. No administrative action required at this time.,No significant deviation from normal demand patterns detected
Tamil Nadu,Villupuram,Gingee,Vadakku Agraharam Gp,Vadakku Agraharam,Tamil Nadu|Villupuram|Gingee|Vadakku Agraharam,2024,32,48.0,2024-08-05,MGNREGA (historical),54.0,57.0,58.0,-11.11111111111111,-15.789473684210526,-17.24137931034483,0,55.25,2.7537852736430515,58.25,5.230405611149403,61.875,7.5321281551401364,61.875,7.5321281551401364,-1.8421088587733745,0.7757575757575758,,,,,1.0,0.0,8.353057391355625,3.34122295654225,False,0.0,7.757575757575758,3.3,LOW,🟢,Continue routine monitoring. No administrative action required at this time.,No significant deviation from normal demand patterns detected
Tamil Nadu,Villupuram,Gingee,Vadakku Agraharam Gp,Vadakku Agraharam,Tamil Nadu|Villupuram|Gingee|Vadakku Agraharam,2024,33,48.0,2024-08-12,MGNREGA (historical),48.0,54.0,52.0,0.0,-11.11111111111111,-7.6923076923076925,0,52.75,3.774917217635376,56.125,5.540435774506275,59.958333333333336,7.91562991616569,59.958333333333336,7.91562991616569,-1.5107241571402217,0.8005559416261292,,,,,1.0,0.0,6.443401365497673,2.577360546199069,False,0.0,8.005559416261292,3.2,LOW,🟢,Continue routine monitoring. No administrative action required at this time.,No significant deviation from normal demand patterns detected
Tamil Nadu,Villupuram,Gingee,Vadakku Agraharam Gp,Vadakku Agraharam,Tamil Nadu|Villupuram|Gingee|Vadakku Agraharam,2024,34,45.0,2024-08-19,MGNREGA (historical),48.0,48.0,57.0,-6.25,-6.25,-21.052631578947366,0,51.75,4.500000000000001,54.0,4.869731585445563,57.625,6.806163650424812,57.625,6.806163650424812,-1.8549362972211225,0.7809110629067245,,,,,1.0,0.0,8.903136238966113,3.561254495586445,False,0.0,7.809110629067245,3.4,LOW,🟢,Continue routine monitoring. No administrative action required at this time.,No significant deviation from normal demand patterns detected
Tamil Nadu,Villupuram,Gingee,Vadakku Agraharam Gp,Vadakku Agraharam,Tamil Nadu|Villupuram|Gingee|Vadakku Agraharam,2024,35,47.0,2024-08-26,MGNREGA (historical),45.0,48.0,54.0,4.444444444444445,-2.083333333333333,-12.962962962962962,1,48.75,3.774917217635376,51.875,4.580626906564578,55.666666666666664,6.773388212614743,55.666666666666664,6.773388212614743,-1.2795171920791257,0.844311377245509,,,,,1.0,0.0,8.884907089152698,3.5539628356610793,False,17.77777777777778,8.44311377245509,10.7,LOW,🟢,Continue routine monitoring. No administrative action required at this time.,No significant deviation from normal demand patterns detected
Tamil Nadu,Villupuram,Gingee,Vadakku Agraharam Gp,Vadakku Agraharam,Tamil Nadu|Villupuram|Gingee|Vadakku Agraharam,2024,36,50.0,2024-09-02,MGNREGA (historical),47.0,45.0,48.0,6.382978723404255,11.11111111111111,4.166666666666666,2,47.0,1.4142135623730976,51.125,4.853202182948076,54.5,6.973977605094826,54.5,6.973977605094826,-0.6452558718732525,0.9174311926605505,,,,,1.0,0.0,13.075245583859536,5.230098233543814,False,24.148936170212764,9.174311926605505,14.0,LOW,🟢,Continue routine monitoring. No administrative action required at this time.,Demand increased 6% in the latest week
Tamil Nadu,Villupuram,Gingee,Vadakku Agraharam Gp,Vadakku Agraharam,Tamil Nadu|Villupuram|Gingee|Vadakku Agraharam,2024,37,42.0,2024-09-09,MGNREGA (historical),50.0,47.0,48.0,-16.0,-10.638297872340425,-12.5,0,47.5,2.081665999466135,50.125,3.979860011895681,53.25,6.224949798994414,53.25,6.224949798994414,-1.8072434900306085,0.7887323943661971,,,,,1.0,0.0,8.276047169806136,3.310418867922454,False,0.0,7.887323943661971,3.4,LOW,🟢,Continue routine monitoring. No administrative action required at this time.,No significant deviation from normal demand patterns detected
Tamil Nadu,Villupuram,Gingee,Vadakku Agraharam Gp,Vadakku Agraharam,Tamil Nadu|Villupuram|Gingee|Vadakku Agraharam,2024,38,47.0,2024-09-16,MGNREGA (historical),42.0,50.0,45.0,11.904761904761903,-6.0,4.444444444444445,1,46.0,3.3665016461206942,48.875,4.793969425970871,51.333333333333336,5.804909103247905,51.333333333333336,5.804909103247905,-0.7464946059032677,0.9155844155844155,,,,,1.0,0.0,5.415127932143124,2.1660511728572494,False,38.80952380952381,9.155844155844155,18.9,LOW,🟢,Continue routine monitoring. No administrative action required at this time.,Demand increased 12% in the latest week
Tamil Nadu,Villupuram,Gingee,Vadakku Agraharam Gp,Vadakku Agraharam,Tamil Nadu|Villupuram|Gingee|Vadakku Agraharam,2024,39,43.0,2024-09-23,MGNREGA (historical),47.0,42.0,47.0,-8.51063829787234,2.380952380952381,-8.51063829787234,0,46.5,3.316624790355401,47.625,3.5025500914130836,50.083333333333336,4.832810839052296,50.083333333333336,4.832810839052296,-1.4656756842405945,0.8585690515806988,,,,,1.0,0.0,1.6792195407744788,0.6716878163097916,False,0.0,8.585690515806988,2.8,LOW,🟢,Continue routine monitoring. No administrative action required at this time.,No significant deviation from normal demand patterns detected
Tamil Nadu,Villupuram,Gingee,Vadakku Agraharam Gp,Vadakku Agraharam,Tamil Nadu|Villupuram|Gingee|Vadakku Agraharam,2024,40,42.0,2024-09-30,MGNREGA (historical),43.0,47.0,50.0,-2.3255813953488373,-10.638297872340425,-16.0,0,45.5,3.6968455021364743,46.25,2.712405363721204,49.25,5.136765873228449,49.25,5.136765873228449,-1.4113938962616932,0.8527918781725888,,,,,1.0,0.0,3.167190049248156,1.2668760196992626,False,0.0,8.527918781725889,2.9,LOW,🟢,Continue routine monitoring. No administrative action required at this time.,No significant deviation from normal demand patterns detected
Tamil Nadu,Villupuram,Gingee,Vadakku Agraharam Gp,Vadakku Agraharam,Tamil Nadu|Villupuram|Gingee|Vadakku Agraharam,2024,41,45.0,2024-10-07,MGNREGA (historical),42.0,43.0,42.0,7.142857142857142,4.651162790697675,7.142857142857142,1,43.5,2.3804761428476198,45.5,2.9760952365715014,47.916666666666664,4.7185963500973855,47.916666666666664,4.7185963500973855,-0.6181216722651999,0.9391304347826087,,,,,1.0,0.0,2.4545251945021245,0.9818100778008498,False,26.428571428571427,9.391304347826088,13.7,LOW,🟢,Continue routine monitoring. No administrative action required at this time.,Demand increased 7% in the latest week
Tamil Nadu,Villupuram,Gingee,Vadakku Agraharam Gp,Vadakku Agraharam,Tamil Nadu|Villupuram|Gingee|Vadakku Agraharam,2024,42,42.0,2024-10-14,MGNREGA (historical),45.0,42.0,47.0,-6.666666666666667,0.0,-10.638297872340425,0,44.25,2.2173557826083483,45.125,2.799872446074365,47.333333333333336,4.599077641388111,47.333333333333336,4.599077641388111,-1.1596528150204504,0.8873239436619718,,,,,1.0,0.0,1.1296789907448617,0.4518715962979447,False,0.0,8.873239436619718,2.8,LOW,🟢,Continue routine monitoring. No administrative action required at this time.,No significant deviation from normal demand patterns detected
Tamil Nadu,Villupuram,Gingee,Vadakku Agraharam Gp,Vadakku Agraharam,Tamil Nadu|Villupuram|Gingee|Vadakku Agraharam,2024,43,44.0,2024-10-21,MGNREGA (historical),42.0,45.0,43.0,4.761904761904762,-2.2222222222222223,2.3255813953488373,1,43.0,1.4142135623731011,44.75,3.0118812346155552,46.083333333333336,3.6793856535948675,46.083333333333336,3.6793856535948675,-0.5662177138995631,0.9547920433996383,,,,,1.0,0.0,0.7458046447405278,0.29832185789621113,False,19.047619047619047,9.547920433996383,10.6,LOW,🟢,Continue routine monitoring. No administrative action required at this time.,No significant deviation from normal demand patterns detected
Tamil Nadu,Villupuram,Gingee,Vadakku Agraharam Gp,Vadakku Agraharam,Tamil Nadu|Villupuram|Gingee|Vadakku Agraharam,2024,44,42.0,2024-10-28,MGNREGA (historical),44.0,42.0,42.0,-4.545454545454546,0.0,0.0,0,43.25,1.5000000000000058,44.375,2.875388172553039,45.25,2.7344602259447313,45.25,2.7344602259447313,-1.1885343839211098,0.9281767955801105,,,,,1.0,0.0,1.523155054424268,0.6092620217697072,False,0.0,9.281767955801104,3.0,LOW,🟢,Continue routine monitoring. No administrative action required at this time.,No significant deviation from normal demand patterns detected
Tamil Nadu,Villupuram,Gingee,Vadakku Agraharam Gp,Vadakku Agraharam,Tamil Nadu|Villupuram|Gingee|Vadakku Agraharam,2024,45,55.0,2024-11-04,MGNREGA (historical),42.0,44.0,45.0,30.952380952380953,25.0,22.22222222222222,1,43.25,1.5000000000000058,43.375,1.8468119248356294,44.75,2.7344602259447357,44.75,2.7344602259447357,3.7484545954434942,1.229050279329609,,,,,1.0,74.96909190886988,43.56495354769629,62.40743656440045,True,71.42857142857143,37.420856610800755,58.5,MODERATE,🟡,Increase monitoring frequency. Review recent employment demand trends for this village.,Demand increased 31% in the latest week · Current demand is 23% above its historical baseline · Current demand is 3.7 standard deviations above baseline · Statistical/ML anomaly detection flagged this week as abnormal
Tamil Nadu,Villupuram,Gingee,Vadakku Agraharam Gp,Vadakku Agraharam,Tamil Nadu|Villupuram|Gingee|Vadakku Agraharam,2024,46,49.0,2024-11-11,MGNREGA (historical),55.0,42.0,42.0,-10.909090909090908,16.666666666666664,16.666666666666664,0,45.75,6.23832242407097,45.0,4.407785320154802,45.333333333333336,3.961940143032285,45.333333333333336,3.961940143032285,0.9254725044534287,1.0808823529411764,,,,,1.0,18.509450089068576,12.25652534137491,16.00828018999111,False,0.0,20.11029411764705,10.8,LOW,🟢,Continue routine monitoring. No administrative action required at this time.,No significant deviation from normal demand patterns detected
Tamil Nadu,Villupuram,Gingee,Vadakku Agraharam Gp,Vadakku Agraharam,Tamil Nadu|Villupuram|Gingee|Vadakku Agraharam,2024,47,48.0,2024-11-18,MGNREGA (historical),49.0,55.0,44.0,-2.0408163265306123,-12.727272727272727,9.090909090909092,0,47.5,5.802298395176406,45.25,4.590362575159974,45.666666666666664,4.097301403104214,45.666666666666664,4.097301403104214,0.5694805199260046,1.051094890510949,,,,,1.0,11.389610398520093,2.234675706439341,7.727636521687792,False,0.0,16.38686131386862,7.2,LOW,🟢,Continue routine monitoring. No administrative action required at this time.,No significant deviation from normal demand patterns detected
Tamil Nadu,Villupuram,Gingee,Vadakku Agraharam Gp,Vadakku Agraharam,Tamil Nadu|Villupuram|Gingee|Vadakku Agraharam,2024,48,52.0,2024-11-25,MGNREGA (historical),48.0,49.0,42.0,8.333333333333332,6.122448979591836,23.809523809523807,1,48.5,5.322906474223773,45.875,4.580626906564599,45.75,4.136863106707464,45.75,4.136863106707464,1.510806579474752,1.1366120218579234,,,,,1.0,30.216131589495042,10.965572019923323,22.515907761666355,False,29.999999999999996,27.07650273224043,26.9,LOW,🟢,Continue routine monitoring. No administrative action required at this time.,Demand increased 8% in the latest week · Current demand is 14% above its historical baseline · Current demand is 1.5 standard deviations above baseline
Tamil Nadu,Villupuram,Gingee,Vadakku Agraharam Gp,Vadakku Agraharam,Tamil Nadu|Villupuram|Gingee|Vadakku Agraharam,2024,49,53.0,2024-12-02,MGNREGA (historical),52.0,48.0,55.0,1.9230769230769231,10.416666666666668,-3.6363636363636362,2,51.0,3.162277660168384,47.125,4.733995594179927,45.916666666666664,4.35802985790887,45.916666666666664,4.35802985790887,1.6253521807517304,1.1542649727767695,,,,,1.0,32.50704361503461,14.002618375624841,25.105273519270703,False,7.6923076923076925,29.283121597096198,19.4,LOW,🟢,Continue routine monitoring. No administrative action required at this time.,Current demand is 15% above its historical baseline · Current demand is 1.6 standard deviations above baseline
Tamil Nadu,Villupuram,Gingee,Vadakku Agraharam Gp,Vadakku Agraharam,Tamil Nadu|Villupuram|Gingee|Vadakku Agraharam,2024,50,54.0,2024-12-09,MGNREGA (historical),53.0,52.0,49.0,1.8867924528301887,3.8461538461538463,10.204081632653061,3,50.5,2.380476142847623,48.125,5.055054048036684,46.833333333333336,4.608950449118016,46.833333333333336,4.608950449118016,1.5549454796239135,1.1530249110320283,,,,,1.0,31.098909592478268,15.965026736464699,25.04535645007284,False,7.547169811320755,29.128113879003543,19.3,LOW,🟢,Continue routine monitoring. No administrative action required at this time.,Current demand is 15% above its historical baseline · Current demand is 1.6 standard deviations above baseline · Momentum has increased for 3 consecutive weeks
Tamil Nadu,Villupuram,Gingee,Vadakku Agraharam Gp,Vadakku Agraharam,Tamil Nadu|Villupuram|Gingee|Vadakku Agraharam,2024,51,59.0,2024-12-16,MGNREGA (historical),54.0,53.0,48.0,9.25925925925926,11.320754716981133,22.916666666666664,4,51.75,2.629955639676589,49.625,4.74906005737683,47.416666666666664,5.05350163627951,47.416666666666664,5.05350163627951,2.292140018353931,1.2442882249560634,,,,,1.0,45.842800367078624,36.239298787613244,42.00139973529247,False,32.77777777777778,38.69068541300528,37.3,LOW,🟢,Continue routine monitoring. No administrative action required at this time.,Demand increased 9% in the latest week · Current demand is 24% above its historical baseline · Current demand is 2.3 standard deviations above baseline · Momentum has increased for 4 consecutive weeks
Tamil Nadu,Villupuram,Gingee,Vadakku Agraharam Gp,Vadakku Agraharam,Tamil Nadu|Villupuram|Gingee|Vadakku Agraharam,2024,52,61.0,2024-12-23,MGNREGA (historical),59.0,54.0,52.0,3.389830508474576,12.962962962962962,17.307692307692307,5,54.5,3.1091263510296097,51.5,5.154748157905399,48.75,5.832900416836217,48.75,5.832900416836217,2.100155861506108,1.2512820512820513,,,,,1.0,42.00311723012216,44.19640144724142,42.880430916969864,False,13.559322033898304,39.27350427350427,30.1,LOW,🟢,Continue routine monitoring. No administrative action required at this time.,Current demand is 25% above its historical baseline · Current demand is 2.1 standard deviations above baseline · Momentum has increased for 5 consecutive weeks
Tamil Nadu,Villupuram,Gingee,Vadakku Agraharam Gp,Vadakku Agraharam,Tamil Nadu|Villupuram|Gingee|Vadakku Agraharam,2025,1,58.0,2024-12-30,MGNREGA (historical),61.0,59.0,53.0,-4.918032786885246,-1.694915254237288,9.433962264150944,0,56.75,3.8622100754188256,53.875,4.48608961123164,50.333333333333336,6.386538873903419,50.333333333333336,6.386538873903419,1.2004415565360582,1.1523178807947019,62.0,,62.0,-6.451612903225806,1.0,24.008831130721163,7.427602955913624,17.376339860798147,False,0.0,29.03973509933774,13.9,LOW,🟢,Continue routine monitoring. No administrative action required at this time.,Current demand is 15% above its historical baseline
Tamil Nadu,Villupuram,Gingee,Vadakku Agraharam Gp,Vadakku Agraharam,Tamil Nadu|Villupuram|Gingee|Vadakku Agraharam,2025,2,60.0,2025-01-06,MGNREGA (historical),58.0,61.0,54.0,3.4482758620689653,-1.639344262295082,11.11111111111111,1,58.0,2.9439202887759532,54.25,4.713203338949652,51.416666666666664,6.501165396692521,51.416666666666664,6.501165396692521,1.320276105834828,1.166936790923825,62.0,,62.0,-3.225806451612903,1.0,26.405522116696563,3.851677241437505,17.38398416659294,False,13.793103448275861,30.867098865478138,20.0,LOW,🟢,Continue routine monitoring. No administrative action required at this time.,Current demand is 17% above its historical baseline
Tamil Nadu,Villupuram,Gingee,Vadakku Agraharam Gp,Vadakku Agraharam,Tamil Nadu|Villupuram|Gingee|Vadakku Agraharam,2025,3,63.0,2025-01-13,MGNREGA (historical),60.0,58.0,59.0,5.0,8.620689655172415,6.779661016949152,2,59.5,1.2909944487358134,55.625,4.565006649971729,52.916666666666664,6.20056204686078,52.916666666666664,6.20056204686078,1.6261966668712435,1.1905511811023624,68.0,,68.0,-7.352941176470589,1.0,32.52393333742487,9.746488795639413,23.41295552071069,False,20.0,33.8188976377953,25.2,LOW,🟢,Continue routine monitoring. No administrative action required at this time.,Current demand is 19% above its historical baseline · Current demand is 1.6 standard deviations above baseline
Tamil Nadu,Villupuram,Gingee,Vadakku Agraharam Gp,Vadakku Agraharam,Tamil Nadu|Villupuram|Gingee|Vadakku Agraharam,2025,4,57.0,2025-01-20,MGNREGA (historical),63.0,60.0,61.0,-9.523809523809524,-5.0,-6.557377049180328,0,60.5,2.0816659994661384,57.5,4.035556254807338,54.5,6.142253066039636,54.5,6.142253066039636,0.4070167694363551,1.0458715596330275,66.0,,66.0,-13.636363636363635,1.0,8.140335388727102,4.926899991081525,6.854961229668872,False,0.0,15.733944954128436,6.8,LOW,🟢,Continue routine monitoring. No administrative action required at this time.,No significant deviation from normal demand patterns detected
Tamil Nadu,Villupuram,Gingee,Vadakku Agraharam Gp,Vadakku Agraharam,Tamil Nadu|Villupuram|Gingee|Vadakku Agraharam,2025,5,62.0,2025-01-27,MGNREGA (historical),57.0,63.0,58.0,8.771929824561402,-1.5873015873015872,6.896551724137931,1,59.5,2.645751311064595,58.125,3.399054490379897,55.75,4.7314230033219555,55.75,4.7314230033219555,1.320955660825896,1.1121076233183858,74.0,,74.0,-16.216216216216218,1.0,26.41911321651792,2.934848734475946,17.025407423701132,False,31.315789473684205,24.013452914798222,24.8,LOW,🟢,Continue routine monitoring. No administrative action required at this time.,Demand increased 9% in the latest week · Current demand is 11% above its historical baseline
Tamil Nadu,Villupuram,Gingee,Vadakku Agraharam Gp,Vadakku Agraharam,Tamil Nadu|Villupuram|Gingee|Vadakku Agraharam,2025,6,73.0,2025-02-03,MGNREGA (historical),62.0,57.0,60.0,17.741935483870968,28.07017543859649,21.666666666666668,2,60.5,2.645751311064595,59.25,2.9154759474226974,56.333333333333336,5.051252469947627,56.333333333333336,5.051252469947627,3.29951170839803,1.2958579881656804,75.0,,75.0,-2.666666666666667,1.0,65.9902341679606,35.0564460392157,53.61671891646264,False,50.483870967741936,42.98816568047337,49.2,MODERATE,🟡,Increase monitoring frequency. Review recent employment demand trends for this village.,Demand increased 18% in the latest week · Current demand is 30% above its historical baseline · Current demand is 3.3 standard deviations above baseline
Tamil Nadu,Villupuram,Gingee,Vadakku Agraharam Gp,Vadakku Agraharam,Tamil Nadu|Villupuram|Gingee|Vadakku Agraharam,2025,7,76.0,2025-02-10,MGNREGA (historical),73.0,62.0,63.0,4.10958904109589,22.58064516129032,20.634920634920633,3,63.75,6.701989754294369,61.625,5.012484413940876,58.333333333333336,6.443225241690057,58.333333333333336,6.443225241690057,2.741898040806765,1.3028571428571427,69.0,,69.0,10.144927536231885,1.0,54.8379608161353,32.80752833918181,46.0257878253539,False,16.43835616438356,43.57142857142856,33.5,LOW,🟢,Continue routine monitoring. No administrative action required at this time.,Current demand is 30% above its historical baseline · Current demand is 2.7 standard deviations above baseline · Momentum has increased for 3 consecutive weeks
Tamil Nadu,Villupuram,Gingee,Vadakku Agraharam Gp,Vadakku Agraharam,Tamil Nadu|Villupuram|Gingee|Vadakku Agraharam,2025,8,70.0,2025-02-17,MGNREGA (historical),76.0,73.0,57.0,-7.894736842105263,-4.10958904109589,22.807017543859647,0,67.0,8.981462390204989,63.75,6.964194138592069,60.666666666666664,7.364945637438506,60.666666666666664,7.364945637438506,1.26726438901176,1.153846153846154,75.0,,75.0,-6.666666666666667,1.0,25.345287780235203,16.646555696408143,21.865794946704376,False,0.0,29.23076923076925,15.3,LOW,🟢,Continue routine monitoring. No administrative action required at this time.,Current demand is 15% above its historical baseline
Tamil Nadu,Villupuram,Gingee,Vadakku Agraharam Gp,Vadakku Agraharam,Tamil Nadu|Villupuram|Gingee|Vadakku Agraharam,2025,9,74.0,2025-02-24,MGNREGA (historical),70.0,76.0,62.0,5.714285714285714,-2.631578947368421,19.35483870967742,1,70.25,6.020797289396151,64.875,7.18008157534241,62.166666666666664,7.271780241370612,62.166666666666664,7.271780241370612,1.6272952345302099,1.190348525469169,75.0,,75.0,-1.3333333333333335,1.0,32.545904690604196,7.428770275057148,22.499050924385376,False,22.142857142857142,33.793565683646136,25.7,LOW,🟢,Continue routine monitoring. No administrative action required at this time.,Demand increased 6% in the latest week · Current demand is 19% above its historical baseline · Current demand is 1.6 standard deviations above baseline
Tamil Nadu,Villupuram,Gingee,Vadakku Agraharam Gp,Vadakku Agraharam,Tamil Nadu|Villupuram|Gingee|Vadakku Agraharam,2025,10,74.0,2025-03-03,MGNREGA (historical),74.0,70.0,73.0,0.0,5.714285714285714,1.36986301369863,0,73.25,2.5000000000000107,66.875,7.219764539096828,63.916666666666664,7.391128998927561,63.916666666666664,7.391128998927561,1.364248051251224,1.1577574967405477,78.0,,78.0,-5.128205128205128,1.0,27.28496102502448,6.533000390414539,18.984176771180504,False,0.0,29.71968709256847,14.6,LOW,🟢,Continue routine monitoring. No administrative action required at this time.,Current demand is 16% above its historical baseline
Tamil Nadu,Villupuram,Gingee,Vadakku Agraharam Gp,Vadakku Agraharam,Tamil Nadu|Villupuram|Gingee|Vadakku Agraharam,2025,11,85.0,2025-03-10,MGNREGA (historical),74.0,74.0,76.0,14.864864864864865,14.864864864864865,11.842105263157894,1,73.5,2.516611478423594,68.625,7.008922884438091,65.58333333333333,7.204270618981156,65.58333333333333,7.204270618981156,2.695160647562212,1.296060991105464,71.0,,71.0,19.718309859154928,1.0,53.90321295124424,23.768845425789166,41.84946594106221,False,44.729729729729726,43.005082592121994,43.3,MODERATE,🟡,Increase monitoring frequency. Review recent employment demand trends for this village.,Demand increased 15% in the latest week · Current demand is 30% above its historical baseline · Current demand is 2.7 standard deviations above baseline
Tamil Nadu,Villupuram,Gingee,Vadakku Agraharam Gp,Vadakku Agraharam,Tamil Nadu|Villupuram|Gingee|Vadakku Agraharam,2025,12,79.0,2025-03-17,MGNREGA (historical),85.0,74.0,70.0,-7.0588235294117645,6.756756756756757,12.857142857142856,0,75.75,6.448514040717705,71.375,8.617880084037896,67.75,8.781437032948324,67.75,8.781437032948324,1.2811115034805265,1.1660516605166051,77.0,,77.0,2.5974025974025974,1.0,25.62223006961053,11.00104249918283,19.77375504143945,False,0.0,30.756457564575648,15.2,LOW,🟢,Continue routine monitoring. No administrative action required at this time.,Current demand is 17% above its historical baseline
Tamil Nadu,Villupuram,Gingee,Vadakku Agraharam Gp,Vadakku Agraharam,Tamil Nadu|Villupuram|Gingee|Vadakku Agraharam,2025,13,74.0,2025-03-24,MGNREGA (historical),79.0,85.0,74.0,-6.329113924050633,-12.941176470588237,0.0,0,78.0,5.228129047119377,74.125,6.664136424602521,69.25,9.056639954901991,69.25,9.056639954901991,0.5244770713700524,1.068592057761733,79.0,,79.0,-6.329113924050633,1.0,10.489541427401047,3.0002679894943465,7.493832052238367,False,0.0,18.57400722021662,7.8,LOW,🟢,Continue routine monitoring. No administrative action required at this time.,No significant deviation from normal demand patterns detected
Tamil Nadu,Villupuram,Gingee,Vadakku Agraharam Gp,Vadakku Agraharam,Tamil Nadu|Villupuram|Gingee|Vadakku Agraharam,2025,14,72.0,2025-03-31,MGNREGA (historical),74.0,79.0,74.0,-2.7027027027027026,-8.860759493670885,-2.7027027027027026,0,78.0,5.228129047119377,75.625,4.565006649971656,70.58333333333333,8.404093519160034,70.58333333333333,8.404093519160034,0.16856864615284092,1.0200708382526564,69.0,,69.0,4.3478260869565215,1.0,3.3713729230568186,0.42561515186559007,2.193069814580327,False,0.0,12.508854781582055,4.4,LOW,🟢,Continue routine monitoring. No administrative action required at this time.,No significant deviation from normal demand patterns detected
Tamil Nadu,Villupuram,Gingee,Vadakku Agraharam Gp,Vadakku Agraharam,Tamil Nadu|Villupuram|Gingee|Vadakku Agraharam,2025,15,69.0,2025-04-07,MGNREGA (historical),72.0,74.0,85.0,-4.166666666666666,-6.756756756756757,-18.823529411764707,0,77.5,5.802298395176406,75.5,4.659858980085712,71.58333333333333,7.7160792367547995,71.58333333333333,7.7160792367547995,-0.33479870463588157,0.9639115250291037,71.0,,71.0,-2.8169014084507045,1.0,0.0,5.486415777354268,2.1945663109417075,False,0.0,9.639115250291038,3.6,LOW,🟢,Continue routine monitoring. No administrative action required at this time.,No significant deviation from normal demand patterns detected
Tamil Nadu,Villupuram,Gingee,Vadakku Agraharam Gp,Vadakku Agraharam,Tamil Nadu|Villupuram|Gingee|Vadakku Agraharam,2025,16,75.0,2025-04-14,MGNREGA (historical),69.0,72.0,79.0,8.695652173913043,4.166666666666666,-5.063291139240507,1,73.5,4.203173404306168,74.625,5.180664601601371,72.08333333333333,7.2920670885724945,72.08333333333333,7.2920670885724945,0.39997803520450637,1.0404624277456649,67.0,,67.0,11.940298507462686,1.0,7.999560704090128,2.419536620170572,5.767551070522305,False,31.08695652173913,15.057803468208112,18.7,LOW,🟢,Continue routine monitoring. No administrative action required at this time.,Demand increased 9% in the latest week
Tamil Nadu,Villupuram,Gingee,Vadakku Agraharam Gp,Vadakku Agraharam,Tamil Nadu|Villupuram|Gingee|Vadakku Agraharam,2025,17,71.0,2025-04-21,MGNREGA (historical),75.0,69.0,74.0,-5.333333333333334,2.898550724637681,-4.054054054054054,0,72.5,2.645751311064597,75.25,4.832922806867765,73.58333333333333,5.55073022769128,73.58333333333333,5.55073022769128,-0.46540423104075385,0.9648924122310306,73.0,,73.0,-2.73972602739726,1.0,0.0,0.8756618267739791,0.35026473070959163,False,0.0,9.648924122310307,3.0,LOW,🟢,Continue routine monitoring. No administrative action required at this time.,No significant deviation from normal demand patterns detected
Tamil Nadu,Villupuram,Gingee,Vadakku Agraharam Gp,Vadakku Agraharam,Tamil Nadu|Villupuram|Gingee|Vadakku Agraharam,2025,18,68.0,2025-04-28,MGNREGA (historical),71.0,75.0,72.0,-4.225352112676056,-9.333333333333334,-5.555555555555555,0,71.75,2.5000000000000067,74.875,5.055054048036597,74.33333333333333,4.313474308032934,74.33333333333333,4.313474308032934,-1.4682673133206878,0.914798206278027,76.0,,76.0,-10.526315789473683,1.0,0.0,1.5642454512313861,0.6256981804925545,False,0.0,9.14798206278027,2.9,LOW,🟢,Continue routine monitoring. No administrative action required at this time.,No significant deviation from normal demand patterns detected
Tamil Nadu,Villupuram,Gingee,Vadakku Agraharam Gp,Vadakku Agraharam,Tamil Nadu|Villupuram|Gingee|Vadakku Agraharam,2025,19,70.0,2025-05-05,MGNREGA (historical),68.0,71.0,69.0,2.941176470588235,-1.4084507042253522,1.4492753623188406,1,70.75,3.0956959368344577,74.125,5.617256574927944,73.91666666666667,4.6799054639506075,73.91666666666667,4.6799054639506075,-0.8369114925155694,0.9470124013528748,78.0,,78.0,-10.256410256410255,1.0,0.0,1.481228393698015,0.592491357479206,False,11.76470588235294,9.470124013528748,7.7,LOW,🟢,Continue routine monitoring. No administrative action required at this time.,No significant deviation from normal demand patterns detected
Tamil Nadu,Villupuram,Gingee,Vadakku Agraharam Gp,Vadakku Agraharam,Tamil Nadu|Villupuram|Gingee|Vadakku Agraharam,2025,20,67.0,2025-05-12,MGNREGA (historical),70.0,68.0,75.0,-4.285714285714286,-1.4705882352941175,-10.666666666666668,0,71.0,2.9439202887759555,72.25,3.6154430670981954,73.41666666666667,4.756972553924134,73.41666666666667,4.756972553924134,-1.348897138658792,0.9125993189557321,71.0,,71.0,-5.633802816901409,1.0,0.0,1.0813860699557543,0.4325544279823017,False,0.0,9.12599318955732,2.9,LOW,🟢,Continue routine monitoring. No administrative action required at this time.,No significant deviation from normal demand patterns detected
Tamil Nadu,Villupuram,Gingee,Vadakku Agraharam Gp,Vadakku Agraharam,Tamil Nadu|Villupuram|Gingee|Vadakku Agraharam,2025,21,76.0,2025-05-19,MGNREGA (historical),67.0,70.0,71.0,13.432835820895523,8.571428571428571,7.042253521126761,1,69.0,1.825741858350567,70.75,2.815771906346698,73.16666666666667,5.024183937956877,73.16666666666667,5.024183937956877,0.5639390134441465,1.0387243735763096,76.0,,76.0,0.0,1.0,11.278780268882931,3.5745479903147226,8.197087357455647,False,41.865671641791046,14.840546697038707,23.7,LOW,🟢,Continue routine monitoring. No administrative action required at this time.,Demand increased 13% in the latest week
Tamil Nadu,Villupuram,Gingee,Vadakku Agraharam Gp,Vadakku Agraharam,Tamil Nadu|Villupuram|Gingee|Vadakku Agraharam,2025,22,72.0,2025-05-26,MGNREGA (historical),76.0,67.0,68.0,-5.263157894736842,7.462686567164178,5.88235294117647,0,70.25,4.031128874149282,71.0,3.207134902949074,73.33333333333333,5.087119801890605,73.33333333333333,5.087119801890605,-0.26209984927773894,0.9818181818181819,68.5,,68.5,5.109489051094891,1.0,0.0,1.0819101437664171,0.4327640575065669,False,0.0,9.81818181818182,3.1,LOW,🟢,Continue routine monitoring. No administrative action required at this time.,No significant deviation from normal demand patterns detected
Tamil Nadu,Villupuram,Gingee,Vadakku Agraharam Gp,Vadakku Agraharam,Tamil Nadu|Villupuram|Gingee|Vadakku Agraharam,2025,23,67.0,2025-06-02,MGNREGA (historical),72.0,76.0,70.0,-6.944444444444445,-11.842105263157894,-4.285714285714286,0,71.25,3.7749172176353816,71.0,3.207134902949074,73.16666666666667,5.0960471906857965,73.16666666666667,5.0960471906857965,-1.2100882185584307,0.9157175398633257,61.0,,61.0,9.836065573770492,1.0,0.0,1.6272559797815351,0.6509023919126141,False,0.0,9.157175398633257,2.9,LOW,🟢,Continue routine monitoring. No administrative action required at this time.,No significant deviation from normal demand patterns detected
Tamil Nadu,Villupuram,Gingee,Vadakku Agraharam Gp,Vadakku Agraharam,Tamil Nadu|Villupuram|Gingee|Vadakku Agraharam,2025,24,71.0,2025-06-09,MGNREGA (historical),67.0,72.0,67.0,5.970149253731343,-1.3888888888888888,5.970149253731343,1,70.5,4.358898943540679,70.75,3.453776401067579,71.66666666666667,3.7739136506316466,71.66666666666667,3.7739136506316466,-0.1766512772636147,0.9906976744186046,65.0,,65.0,9.230769230769232,1.0,0.0,0.6558938490691779,0.26235753962767117,False,22.91044776119403,9.906976744186046,12.2,LOW,🟢,Continue routine monitoring. No administrative action required at this time.,Demand increased 6% in the latest week
Tamil Nadu,Villupuram,Gingee,Vadakku Agraharam Gp,Vadakku Agraharam,Tamil Nadu|Villupuram|Gingee|Vadakku Agraharam,2025,25,64.0,2025-06-16,MGNREGA (historical),71.0,67.0,76.0,-9.859154929577464,-4.477611940298507,-15.789473684210526,0,71.5,3.6968455021364792,70.25,3.011881234615415,71.0,2.9848100289784862,71.0,2.9848100289784862,-2.345207879911762,0.9014084507042254,65.0,,65.0,-1.5384615384615385,1.0,0.0,8.466900728037848,3.3867602912151393,False,0.0,9.014084507042254,3.7,LOW,🟢,Continue routine monitoring. No administrative action required at this time.,No significant deviation from normal demand patterns detected
Tamil Nadu,Villupuram,Gingee,Vadakku Agraharam Gp,Vadakku Agraharam,Tamil Nadu|Villupuram|Gingee|Vadakku Agraharam,2025,26,59.0,2025-06-23,MGNREGA (historical),64.0,71.0,72.0,-7.8125,-16.901408450704224,-18.055555555555554,0,68.5,3.6968455021364792,69.375,3.700868623908244,70.16666666666667,3.4333480435106547,70.16666666666667,3.4333480435106547,-3.252413249443995,0.840855106888361,62.0,,62.0,-4.838709677419355,1.0,0.0,17.715275675653576,7.086110270261431,False,0.0,8.40855106888361,4.6,LOW,🟢,Continue routine monitoring. No administrative action required at this time.,No significant deviation from normal demand patterns detected
Tamil Nadu,Villupuram,Gingee,Vadakku Agraharam Gp,Vadakku Agraharam,Tamil Nadu|Villupuram|Gingee|Vadakku Agraharam,2025,27,65.0,2025-06-30,MGNREGA (historical),59.0,64.0,67.0,10.16949152542373,1.5625,-2.9850746268656714,1,65.25,5.057996968497843,68.25,5.23040561114937,69.08333333333333,4.640892025018298,69.08333333333333,4.640892025018298,-0.8798595854677806,0.9408926417370327,53.0,,53.0,22.641509433962266,1.0,0.0,2.9356874708649885,1.1742749883459955,False,35.33898305084746,9.408926417370328,17.3,LOW,🟢,Continue routine monitoring. No administrative action required at this time.,Demand increased 10% in the latest week
Tamil Nadu,Villupuram,Gingee,Vadakku Agraharam Gp,Vadakku Agraharam,Tamil Nadu|Villupuram|Gingee|Vadakku Agraharam,2025,28,60.0,2025-07-07,MGNREGA (historical),65.0,59.0,71.0,-7.6923076923076925,1.694915254237288,-15.492957746478872,0,64.75,4.9244289008980555,67.625,5.289815011618349,68.75,4.7887178014389,68.75,4.7887178014389,-1.8272114504995105,0.8727272727272727,58.0,,58.0,3.4482758620689653,1.0,0.0,3.0609078543389217,1.2243631417355687,False,0.0,8.727272727272727,3.0,LOW,🟢,Continue routine monitoring. No administrative action required at this time.,No significant deviation from normal demand patterns detected
Tamil Nadu,Villupuram,Gingee,Vadakku Agraharam Gp,Vadakku Agraharam,Tamil Nadu|Villupuram|Gingee|Vadakku Agraharam,2025,29,53.0,2025-07-14,MGNREGA (historical),60.0,65.0,64.0,-11.666666666666666,-18.461538461538463,-17.1875,0,62.0,2.9439202887759532,66.75,5.946187253790691,67.5,4.963503161715851,67.5,4.963503161715851,-2.9213238165818844,0.7851851851851852,52.0,,52.0,1.9230769230769231,1.0,0.0,14.540133868574081,5.816053547429632,False,0.0,7.851851851851852,4.1,LOW,🟢,Continue routine monitoring. No administrative action required at this time.,No significant deviation from normal demand patterns detected
Tamil Nadu,Villupuram,Gingee,Vadakku Agraharam Gp,Vadakku Agraharam,Tamil Nadu|Villupuram|Gingee|Vadakku Agraharam,2025,30,54.0,2025-07-21,MGNREGA (historical),53.0,60.0,59.0,1.8867924528301887,-10.0,-8.47457627118644,1,59.25,4.9244289008980555,63.875,6.379375249303703,66.0,6.338913012640082,66.0,6.338913012640082,-1.893069044498868,0.8181818181818182,57.0,,57.0,-5.263157894736842,1.0,0.0,14.425069237813364,5.770027695125346,False,7.547169811320755,8.181818181818182,7.2,LOW,🟢,Continue routine monitoring. No administrative action required at this time.,No significant deviation from normal demand patterns detected
Tamil Nadu,Villupuram,Gingee,Vadakku Agraharam Gp,Vadakku Agraharam,Tamil Nadu|Villupuram|Gingee|Vadakku Agraharam,2025,31,50.0,2025-07-28,MGNREGA (historical),54.0,53.0,65.0,-7.4074074074074066,-5.660377358490567,-23.076923076923077,0,58.0,5.597618541248892,61.625,6.277795336399114,64.83333333333333,7.17106982424812,64.83333333333333,7.17106982424812,-2.0684965698111286,0.7712082262210798,54.0,,54.0,-7.4074074074074066,1.0,0.0,11.633266175824218,4.653306470329688,False,0.0,7.712082262210798,3.7,LOW,🟢,Continue routine monitoring. No administrative action required at this time.,No significant deviation from normal demand patterns detected
Tamil Nadu,Villupuram,Gingee,Vadakku Agraharam Gp,Vadakku Agraharam,Tamil Nadu|Villupuram|Gingee|Vadakku Agraharam,2025,32,47.0,2025-08-04,MGNREGA (historical),50.0,54.0,60.0,-6.0,-12.962962962962962,-21.666666666666668,0,54.25,4.193248541803045,59.5,7.030545599636751,63.166666666666664,8.122173167921037,63.166666666666664,8.122173167921037,-1.9904360978805267,0.7440633245382586,48.0,,48.0,-2.083333333333333,1.0,0.0,12.18922474378959,4.875689897515836,False,0.0,7.440633245382586,3.7,LOW,🟢,Continue routine monitoring. No administrative action required at this time.,No significant deviation from normal demand patterns detected
Tamil Nadu,Villupuram,Gingee,Vadakku Agraharam Gp,Vadakku Agraharam,Tamil Nadu|Villupuram|Gingee|Vadakku Agraharam,2025,33,53.0,2025-08-11,MGNREGA (historical),47.0,50.0,53.0,12.76595744680851,6.0,0.0,1,51.0,3.1622776601683853,56.5,6.524678426668163,61.5,9.239244361073895,61.5,9.239244361073895,-0.9199886557618905,0.8617886178861789,48.0,,48.0,10.416666666666668,1.0,0.0,9.848563973117761,3.9394255892471044,False,40.53191489361702,8.617886178861788,20.0,LOW,🟢,Continue routine monitoring. No administrative action required at this time.,Demand increased 13% in the latest week
Tamil Nadu,Villupuram,Gingee,Vadakku Agraharam Gp,Vadakku Agraharam,Tamil Nadu|Villupuram|Gingee|Vadakku Agraharam,2025,34,56.0,2025-08-18,MGNREGA (historical),53.0,47.0,54.0,5.660377358490567,19.148936170212767,3.7037037037037033,2,51.0,3.1622776601683853,55.125,5.841660722773996,59.583333333333336,8.295215853768086,59.583333333333336,8.295215853768086,-0.4319758999044748,0.9398601398601398,45.0,,45.0,24.444444444444443,1.0,0.0,11.334964390582256,4.5339857562329025,False,21.9811320754717,9.398601398601398,13.0,LOW,🟢,Continue routine monitoring. No administrative action required at this time.,Demand increased 6% in the latest week
Tamil Nadu,Villupuram,Gingee,Vadakku Agraharam Gp,Vadakku Agraharam,Tamil Nadu|Villupuram|Gingee|Vadakku Agraharam,2025,35,43.0,2025-08-25,MGNREGA (historical),56.0,53.0,50.0,-23.214285714285715,-18.867924528301888,-14.000000000000002,0,51.5,3.872983346207422,54.75,5.650537269018924,58.25,7.350015460713439,58.25,7.350015460713439,-2.074825567580471,0.7381974248927039,47.0,,47.0,-8.51063829787234,1.0,0.0,23.20319846285832,9.281279385143328,False,0.0,7.381974248927039,5.0,LOW,🟢,Continue routine monitoring. No administrative action required at this time.,No significant deviation from normal demand patterns detected
Tamil Nadu,Villupuram,Gingee,Vadakku Agraharam Gp,Vadakku Agraharam,Tamil Nadu|Villupuram|Gingee|Vadakku Agraharam,2025,36,49.0,2025-09-01,MGNREGA (historical),43.0,56.0,47.0,13.953488372093023,-12.5,4.25531914893617,1,49.75,5.8523499553598155,52.0,5.2915026221292285,56.25,7.990050631310689,56.25,7.990050631310689,-0.9073784803802563,0.8711111111111111,50.0,,50.0,-2.0,1.0,0.0,9.96822311166345,3.98728924466538,False,42.906976744186046,8.71111111111111,21.0,LOW,🟢,Continue routine monitoring. No administrative action required at this time.,Demand increased 14% in the latest week
Tamil Nadu,Villupuram,Gingee,Vadakku Agraharam Gp,Vadakku Agraharam,Tamil Nadu|Villupuram|Gingee|Vadakku Agraharam,2025,37,44.0,2025-09-08,MGNREGA (historical),49.0,43.0,53.0,-10.204081632653061,2.3255813953488373,-16.9811320754717,0,50.25,5.619905100029126,50.625,4.240535680446918,54.416666666666664,6.721178648439693,54.416666666666664,6.721178648439693,-1.5498273757512562,0.8085758039816233,42.0,,42.0,4.761904761904762,1.0,0.0,5.392170122128977,2.156868048851591,False,0.0,8.085758039816234,3.1,LOW,🟢,Continue routine monitoring. No administrative action required at this time.,No significant deviation from normal demand patterns detected
Tamil Nadu,Villupuram,Gingee,Vadakku Agraharam Gp,Vadakku Agraharam,Tamil Nadu|Villupuram|Gingee|Vadakku Agraharam,2025,38,44.0,2025-09-15,MGNREGA (historical),44.0,49.0,56.0,0.0,-10.204081632653061,-21.428571428571427,0,48.0,5.944184833375673,49.5,4.690415759823491,52.75,6.607502622707768,52.75,6.607502622707768,-1.3242522174609794,0.8341232227488151,47.0,,47.0,-6.382978723404255,1.0,0.0,9.110612618837727,3.644245047535091,False,0.0,8.34123222748815,3.6,LOW,🟢,Continue routine monitoring. No administrative action required at this time.,No significant deviation from normal demand patterns detected
Tamil Nadu,Villupuram,Gingee,Vadakku Agraharam Gp,Vadakku Agraharam,Tamil Nadu|Villupuram|Gingee|Vadakku Agraharam,2025,39,43.0,2025-09-22,MGNREGA (historical),44.0,44.0,43.0,-2.272727272727273,-2.272727272727273,0.0,0,45.0,2.7080128015453293,48.25,4.652188425124004,51.5,6.735253251633188,51.5,6.735253251633188,-1.2620163908371063,0.8349514563106796,43.0,,43.0,0.0,1.0,0.0,6.034699802037621,2.4138799208150488,False,0.0,8.349514563106796,3.2,LOW,🟢,Continue routine monitoring. No administrative action required at this time.,No significant deviation from normal demand patterns detected
Tamil Nadu,Villupuram,Gingee,Vadakku Agraharam Gp,Vadakku Agraharam,Tamil Nadu|Villupuram|Gingee|Vadakku Agraharam,2025,40,42.0,2025-09-29,MGNREGA (historical),43.0,44.0,49.0,-2.3255813953488373,-4.545454545454546,-14.285714285714285,0,45.0,2.7080128015453293,47.375,4.926241685388344,49.666666666666664,5.630006189780674,49.666666666666664,5.630006189780674,-1.3617510191343736,0.8456375838926175,42.0,,42.0,0.0,1.0,0.0,3.11769984429643,1.2470799377185722,False,0.0,8.456375838926174,2.9,LOW,🟢,Continue routine monitoring. No administrative action required at this time.,No significant deviation from normal demand patterns detected
Tamil Nadu,Villupuram,Gingee,Vadakku Agraharam Gp,Vadakku Agraharam,Tamil Nadu|Villupuram|Gingee|Vadakku Agraharam,2025,41,45.0,2025-10-06,MGNREGA (historical),42.0,43.0,44.0,7.142857142857142,4.651162790697675,2.272727272727273,1,43.25,0.957427107756362,46.75,5.284748946598325,48.166666666666664,4.987864059774166,48.166666666666664,4.987864059774166,-0.6348742926265798,0.9342560553633218,45.0,,45.0,0.0,1.0,0.0,1.6188690131678778,0.6475476052671512,False,26.428571428571427,9.342560553633218,13.6,LOW,🟢,Continue routine monitoring. No administrative action required at this time.,Demand increased 7% in the latest week
Tamil Nadu,Villupuram,Gingee,Vadakku Agraharam Gp,Vadakku Agraharam,Tamil Nadu|Villupuram|Gingee|Vadakku Agraharam,2025,42,42.0,2025-10-13,MGNREGA (historical),45.0,42.0,44.0,-6.666666666666667,0.0,-4.545454545454546,0,43.5,1.2909944487358234,45.75,4.652188425124014,47.5,4.814750064314565,47.5,4.814750064314565,-1.142323054474685,0.8842105263157894,42.0,,42.0,0.0,1.0,0.0,1.2335904478407587,0.4934361791363035,False,0.0,8.842105263157894,2.8,LOW,🟢,Continue routine monitoring. No administrative action required at this time.,No significant deviation from normal demand patterns detected
Tamil Nadu,Villupuram,Gingee,Vadakku Agraharam Gp,Vadakku Agraharam,Tamil Nadu|Villupuram|Gingee|Vadakku Agraharam,2025,43,47.0,2025-10-20,MGNREGA (historical),42.0,45.0,43.0,11.904761904761903,4.444444444444445,9.30232558139535,1,43.0,1.4142135623731116,44.0,2.2677868380555304,46.5,4.582575694955719,46.5,4.582575694955719,0.10910894511799907,1.010752688172043,44.0,,44.0,6.8181818181818175,1.0,2.1821789023599814,3.5620185783762013,2.7341147727664694,False,38.80952380952381,11.344086021505376,19.7,LOW,🟢,Continue routine monitoring. No administrative action required at this time.,Demand increased 12% in the latest week
Tamil Nadu,Villupuram,Gingee,Vadakku Agraharam Gp,Vadakku Agraharam,Tamil Nadu|Villupuram|Gingee|Vadakku Agraharam,2025,44,47.0,2025-10-27,MGNREGA (historical),47.0,42.0,42.0,0.0,11.904761904761903,11.904761904761903,0,44.0,2.4494897427831877,44.5,2.4494897427833293,46.25,4.454313537561986,46.25,4.454313537561986,0.16837611310372716,1.0162162162162163,42.0,,42.0,11.904761904761903,1.0,3.367522262074543,1.9663024999614407,2.807034357229302,False,0.0,12.027027027027035,4.5,LOW,🟢,Continue routine monitoring. No administrative action required at this time.,No significant deviation from normal demand patterns detected
Tamil Nadu,Villupuram,Gingee,Vadakku Agraharam Gp,Vadakku Agraharam,Tamil Nadu|Villupuram|Gingee|Vadakku Agraharam,2025,45,47.0,2025-11-03,MGNREGA (historical),47.0,47.0,45.0,0.0,0.0,4.444444444444445,0,45.25,2.3629078131263146,44.25,1.9820624179304192,46.25,4.454313537561986,46.25,4.454313537561986,0.16837611310372716,1.0162162162162163,55.0,,55.0,-14.545454545454545,1.0,3.367522262074543,0.46782744954676525,2.2076443370634315,False,0.0,12.027027027027035,4.3,LOW,🟢,Continue routine monitoring. No administrative action required at this time.,No significant deviation from normal demand patterns detected
Tamil Nadu,Villupuram,Gingee,Vadakku Agraharam Gp,Vadakku Agraharam,Tamil Nadu|Villupuram|Gingee|Vadakku Agraharam,2025,46,46.0,2025-11-10,MGNREGA (historical),47.0,47.0,42.0,-2.127659574468085,-2.127659574468085,9.523809523809524,0,45.75,2.5000000000000093,44.625,2.199837656347953,45.75,3.9341165116543757,45.75,3.9341165116543757,0.06354666905756431,1.005464480874317,49.0,,49.0,-6.122448979591836,1.0,1.2709333811512864,1.430216902647706,1.3346467897498542,False,0.0,10.683060109289618,3.6,LOW,🟢,Continue routine monitoring. No administrative action required at this time.,No significant deviation from normal demand patterns detected
Tamil Nadu,Villupuram,Gingee,Vadakku Agraharam Gp,Vadakku Agraharam,Tamil Nadu|Villupuram|Gingee|Vadakku Agraharam,2025,47,48.0,2025-11-17,MGNREGA (historical),46.0,47.0,47.0,4.3478260869565215,2.127659574468085,2.127659574468085,1,46.75,0.5,44.875,2.2320714274286986,44.916666666666664,2.2746961169002926,44.916666666666664,2.2746961169002926,1.3554924151956462,1.0686456400742115,48.0,,48.0,0.0,1.0,27.109848303912926,3.0925041230876147,17.502910631582804,False,17.391304347826086,18.580705009276436,17.8,LOW,🟢,Continue routine monitoring. No administrative action required at this time.,No significant deviation from normal demand patterns detected
Tamil Nadu,Villupuram,Gingee,Vadakku Agraharam Gp,Vadakku Agraharam,Tamil Nadu|Villupuram|Gingee|Vadakku Agraharam,2025,48,54.0,2025-11-24,MGNREGA (historical),48.0,46.0,47.0,12.5,17.391304347826086,14.893617021276595,2,47.0,0.8164965809277264,45.5,2.3299294900430225,45.333333333333336,2.3484359721206727,45.333333333333336,2.3484359721206727,3.690399384761823,1.1911764705882353,52.0,,52.0,3.8461538461538463,1.0,73.80798769523646,32.56924179438761,57.31248933489692,False,40.0,33.89705882352942,43.4,MODERATE,🟡,Increase monitoring frequency. Review recent employment demand trends for this village.,Demand increased 12% in the latest week · Current demand is 19% above its historical baseline · Current demand is 3.7 standard deviations above baseline
Tamil Nadu,Villupuram,Gingee,Vadakku Agraharam Gp,Vadakku Agraharam,Tamil Nadu|Villupuram|Gingee|Vadakku Agraharam,2025,49,55.0,2025-12-01,MGNREGA (historical),54.0,48.0,47.0,1.8518518518518516,14.583333333333334,17.02127659574468,3,48.75,3.593976442141304,47.0,3.380617018914165,45.75,3.306330017075889,45.75,3.306330017075889,2.7976638606029653,1.2021857923497268,53.0,,53.0,3.7735849056603774,1.0,55.953277212059305,27.32162831394146,44.50061765281217,False,7.4074074074074066,35.18214936247723,26.9,LOW,🟢,Continue routine monitoring. No administrative action required at this time.,Current demand is 20% above its historical baseline · Current demand is 2.8 standard deviations above baseline · Momentum has increased for 3 consecutive weeks
Tamil Nadu,Villupuram,Gingee,Vadakku Agraharam Gp,Vadakku Agraharam,Tamil Nadu|Villupuram|Gingee|Vadakku Agraharam,2025,50,51.0,2025-12-08,MGNREGA (historical),55.0,54.0,46.0,-7.2727272727272725,-5.555555555555555,10.869565217391305,0,50.75,4.425306015783917,48.25,4.267819784654261,46.666666666666664,4.185110693297182,46.666666666666664,4.185110693297182,1.03541665941442,1.092857142857143,54.0,,54.0,-5.555555555555555,1.0,20.708333188288403,5.185264546258968,14.499105731476629,False,0.0,21.607142857142875,10.8,LOW,🟢,Continue routine monitoring. No administrative action required at this time.,No significant deviation from normal demand patterns detected
Tamil Nadu,Villupuram,Gingee,Vadakku Agraharam Gp,Vadakku Agraharam,Tamil Nadu|Villupuram|Gingee|Vadakku Agraharam,2025,51,57.0,2025-12-15,MGNREGA (historical),51.0,55.0,48.0,11.76470588235294,3.6363636363636362,18.75,1,52.0,3.162277660168378,49.375,3.5025500914130743,47.25,4.266678503771332,47.25,4.266678503771332,2.285149910259688,1.2063492063492063,59.0,,59.0,-3.389830508474576,1.0,45.702998205193765,11.941656485794745,32.198461517434154,False,38.529411764705884,35.529100529100525,35.7,LOW,🟢,Continue routine monitoring. No administrative action required at this time.,Demand increased 12% in the latest week · Current demand is 21% above its historical baseline · Current demand is 2.3 standard deviations above baseline
Tamil Nadu,Villupuram,Gingee,Vadakku Agraharam Gp,Vadakku Agraharam,Tamil Nadu|Villupuram|Gingee|Vadakku Agraharam,2025,52,61.0,2025-12-22,MGNREGA (historical),57.0,51.0,54.0,7.017543859649122,19.607843137254903,12.962962962962962,2,54.25,2.499999999999998,50.625,4.240535680446918,48.416666666666664,4.870287154747236,48.416666666666664,4.870287154747236,2.5836943353674595,1.259896729776248,61.0,,61.0,0.0,1.0,51.67388670734919,17.17219345386163,37.87320940595417,False,26.052631578947366,39.99139414802067,33.8,LOW,🟢,Continue routine monitoring. No administrative action required at this time.,Demand increased 7% in the latest week · Current demand is 26% above its historical baseline · Current demand is 2.6 standard deviations above baseline
Tamil Nadu,Villupuram,Tindivanam,Alagapuram Gp,Alagapuram,Tamil Nadu|Villupuram|Tindivanam|Alagapuram,2024,1,70.0,2024-01-01,MGNREGA (historical),,,,,,,0,,,,,,,,,0.0,1.0,,,,,1.0,0.0,0.0,0.0,False,0.0,10.0,3.0,LOW,🟢,Continue routine monitoring. No administrative action required at this time.,No significant deviation from normal demand patterns detected
Tamil Nadu,Villupuram,Tindivanam,Alagapuram Gp,Alagapuram,Tamil Nadu|Villupuram|Tindivanam|Alagapuram,2024,2,74.0,2024-01-08,MGNREGA (historical),70.0,,,5.714285714285714,,,1,,,,,,,,,0.0,1.0,,,,,1.0,0.0,0.0,0.0,False,22.142857142857142,10.0,11.9,LOW,🟢,Continue routine monitoring. No administrative action required at this time.,Demand increased 6% in the latest week
Tamil Nadu,Villupuram,Tindivanam,Alagapuram Gp,Alagapuram,Tamil Nadu|Villupuram|Tindivanam|Alagapuram,2024,3,80.0,2024-01-15,MGNREGA (historical),74.0,70.0,,8.108108108108109,14.285714285714285,,2,,,,,,,,,0.0,1.0,,,,,1.0,0.0,0.0,0.0,False,29.324324324324326,10.0,14.7,LOW,🟢,Continue routine monitoring. No administrative action required at this time.,Demand increased 8% in the latest week
Tamil Nadu,Villupuram,Tindivanam,Alagapuram Gp,Alagapuram,Tamil Nadu|Villupuram|Tindivanam|Alagapuram,2024,4,84.0,2024-01-22,MGNREGA (historical),80.0,74.0,,5.0,13.513513513513514,,3,74.66666666666667,5.0332229568471645,,,,,74.66666666666667,5.0332229568471645,1.8543452998910612,1.125,,,,,1.0,37.086905997821226,0.0,22.252143598692737,False,20.0,25.625000000000004,22.4,LOW,🟢,Continue routine monitoring. No administrative action required at this time.,Current demand is 12% above its historical baseline · Current demand is 1.9 standard deviations above baseline · Momentum has increased for 3 consecutive weeks
Tamil Nadu,Villupuram,Tindivanam,Alagapuram Gp,Alagapuram,Tamil Nadu|Villupuram|Tindivanam|Alagapuram,2024,5,93.0,2024-01-29,MGNREGA (historical),84.0,80.0,70.0,10.714285714285714,16.25,32.857142857142854,4,77.0,6.218252702059208,77.0,6.218252702059208,,,77.0,6.218252702059208,2.5730700836107085,1.2077922077922079,,,,,1.0,51.461401672214166,41.6777992983953,47.54796072268662,False,36.42857142857143,35.64935064935066,39.5,LOW,🟢,Continue routine monitoring. No administrative action required at this time.,Demand increased 11% in the latest week · Current demand is 21% above its historical baseline · Current demand is 2.6 standard deviations above baseline · Momentum has increased for 4 consecutive weeks
Tamil Nadu,Villupuram,Tindivanam,Alagapuram Gp,Alagapuram,Tamil Nadu|Villupuram|Tindivanam|Alagapuram,2024,6,84.0,2024-02-05,MGNREGA (historical),93.0,84.0,74.0,-9.67741935483871,0.0,13.513513513513514,0,82.75,7.973915809270458,80.2,8.955445270895243,,,80.2,8.955445270895243,0.4243228432593754,1.0473815461346634,,,,,1.0,8.486456865187508,6.878156823463841,7.843136848498041,False,0.0,15.922693266832926,7.1,LOW,🟢,Continue routine monitoring. No administrative action required at this time.,No significant deviation from normal demand patterns detected
Tamil Nadu,Villupuram,Tindivanam,Alagapuram Gp,Alagapuram,Tamil Nadu|Villupuram|Tindivanam|Alagapuram,2024,7,95.0,2024-02-12,MGNREGA (historical),84.0,93.0,80.0,13.095238095238097,2.1505376344086025,18.75,1,85.25,5.499999999999999,80.83333333333333,8.158839786799753,80.83333333333333,8.158839786799753,80.83333333333333,8.158839786799753,1.7363579916824725,1.175257731958763,,,,,1.0,34.72715983364945,10.242534203432074,24.9333095815625,False,41.19047619047619,31.907216494845372,33.5,LOW,🟢,Continue routine monitoring. No administrative action required at this time.,Demand increased 13% in the latest week · Current demand is 18% above its historical baseline · Current demand is 1.7 standard deviations above baseline
Tamil Nadu,Villupuram,Tindivanam,Alagapuram Gp,Alagapuram,Tamil Nadu|Villupuram|Tindivanam|Alagapuram,2024,8,92.0,2024-02-19,MGNREGA (historical),95.0,84.0,84.0,-3.1578947368421053,9.523809523809524,9.523809523809524,0,89.0,5.8309518948453,82.85714285714286,9.17294157524494,82.85714285714286,9.17294157524494,82.85714285714286,9.17294157524494,0.9967203069875655,1.110344827586207,,,,,1.0,19.93440613975131,3.4809271810637554,13.353014556276287,False,0.0,23.793103448275865,11.1,LOW,🟢,Continue routine monitoring. No administrative action required at this time.,Current demand is 11% above its historical baseline
Tamil Nadu,Villupuram,Tindivanam,Alagapuram Gp,Alagapuram,Tamil Nadu|Villupuram|Tindivanam|Alagapuram,2024,9,95.0,2024-02-26,MGNREGA (historical),92.0,95.0,93.0,3.260869565217391,0.0,2.1505376344086025,1,91.0,4.830458915396478,84.0,9.086882225022427,84.0,9.086882225022427,84.0,9.086882225022427,1.2105362133680402,1.130952380952381,,,,,1.0,24.210724267360803,2.7522476506120626,15.627333620661306,False,13.043478260869565,26.36904761904762,17.8,LOW,🟢,Continue routine monitoring. No administrative action required at this time.,Current demand is 13% above its historical baseline
Tamil Nadu,Villupuram,Tindivanam,Alagapuram Gp,Alagapuram,Tamil Nadu|Villupuram|Tindivanam|Alagapuram,2024,10,100.0,2024-03-04,MGNREGA (historical),95.0,92.0,84.0,5.263157894736842,8.695652173913043,19.047619047619047,2,91.5,5.19615242270663,87.125,7.7907912673507385,85.22222222222223,9.257129384665875,85.22222222222223,9.257129384665875,1.5963672066911656,1.1734028683181226,,,,,1.0,31.92734413382331,11.38873253336887,23.711899493641532,False,20.789473684210524,31.675358539765327,24.9,LOW,🟢,Continue routine monitoring. No administrative action required at this time.,Demand increased 5% in the latest week · Current demand is 17% above its historical baseline · Current demand is 1.6 standard deviations above baseline
Tamil Nadu,Villupuram,Tindivanam,Alagapuram Gp,Alagapuram,Tamil Nadu|Villupuram|Tindivanam|Alagapuram,2024,11,93.0,2024-03-11,MGNREGA (historical),100.0,95.0,95.0,-7.000000000000001,-2.1052631578947367,-2.1052631578947367,0,95.5,3.3166247903553967,90.375,6.906260100186534,86.7,9.900056116563736,86.7,9.900056116563736,0.6363600292587733,1.0726643598615917,,,,,1.0,12.727200585175465,3.9442129279717726,9.214005522293988,False,0.0,19.083044982698965,8.5,LOW,🟢,Continue routine monitoring. No administrative action required at this time.,No significant deviation from normal demand patterns detected
Tamil Nadu,Villupuram,Tindivanam,Alagapuram Gp,Alagapuram,Tamil Nadu|Villupuram|Tindivanam|Alagapuram,2024,12,101.0,2024-03-18,MGNREGA (historical),93.0,100.0,92.0,8.60215053763441,1.0,9.782608695652174,1,95.0,3.559026084010435,92.0,5.503245795502345,87.27272727272727,9.582180431310077,87.27272727272727,9.582180431310077,1.4325834110176465,1.1572916666666668,,,,,1.0,28.65166822035293,3.9327418502716114,18.764097672320403,False,30.80645161290323,29.661458333333357,26.9,LOW,🟢,Continue routine monitoring. No administrative action required at this time.,Demand increased 9% in the latest week · Current demand is 16% above its historical baseline
Tamil Nadu,Villupuram,Tindivanam,Alagapuram Gp,Alagapuram,Tamil Nadu|Villupuram|Tindivanam|Alagapuram,2024,13,101.0,2024-03-25,MGNREGA (historical),101.0,93.0,95.0,0.0,8.60215053763441,6.315789473684211,0,97.25,3.86221007541882,94.125,5.24914959098818,88.41666666666667,9.958626533023635,88.41666666666667,9.958626533023635,1.2635611237760496,1.1423185673892553,,,,,1.0,25.271222475520993,4.715943650202414,17.04911094539356,False,0.0,27.789820923656915,13.5,LOW,🟢,Continue routine monitoring. No administrative action required at this time.,Current demand is 14% above its historical baseline
Tamil Nadu,Villupuram,Tindivanam,Alagapuram Gp,Alagapuram,Tamil Nadu|Villupuram|Tindivanam|Alagapuram,2024,14,103.0,2024-04-01,MGNREGA (historical),101.0,101.0,100.0,1.9801980198019802,1.9801980198019802,3.0,1,98.75,3.86221007541882,95.125,5.743008171432703,91.0,8.686457589520906,91.0,8.686457589520906,1.3814607250804352,1.1318681318681318,,,,,1.0,27.6292145016087,4.366925258864466,18.324298804511006,False,7.920792079207921,26.483516483516485,16.6,LOW,🟢,Continue routine monitoring. No administrative action required at this time.,Current demand is 13% above its historical baseline
Tamil Nadu,Villupuram,Tindivanam,Alagapuram Gp,Alagapuram,Tamil Nadu|Villupuram|Tindivanam|Alagapuram,2024,15,103.0,2024-04-08,MGNREGA (historical),103.0,101.0,93.0,0.0,1.9801980198019802,10.75268817204301,0,99.5,4.434711565216689,97.5,4.208834246473206,93.41666666666667,7.47673158214972,93.41666666666667,7.47673158214972,1.2817543639272813,1.102586975914362,,,,,1.0,25.635087278545626,4.337833737419603,17.116185862095215,False,0.0,22.82337198929526,12.0,LOW,🟢,Continue routine monitoring. No administrative action required at this time.,Current demand is 10% above its historical baseline
Tamil Nadu,Villupuram,Tindivanam,Alagapuram Gp,Alagapuram,Tamil Nadu|Villupuram|Tindivanam|Alagapuram,2024,16,113.0,2024-04-15,MGNREGA (historical),103.0,103.0,101.0,9.70873786407767,9.70873786407767,11.881188118811881,1,102.0,1.1547005383792412,98.5,4.472135954999575,95.33333333333333,6.624106572118821,95.33333333333333,6.624106572118821,2.6670263339401137,1.1853146853146854,,,,,1.0,53.34052667880227,11.978522768413619,36.79572511464681,False,34.12621359223301,33.16433566433568,34.6,LOW,🟢,Continue routine monitoring. No administrative action required at this time.,Demand increased 10% in the latest week · Current demand is 19% above its historical baseline · Current demand is 2.7 standard deviations above baseline
Tamil Nadu,Villupuram,Tindivanam,Alagapuram Gp,Alagapuram,Tamil Nadu|Villupuram|Tindivanam|Alagapuram,2024,17,99.0,2024-04-22,MGNREGA (historical),113.0,103.0,101.0,-12.389380530973451,-3.8834951456310676,-1.9801980198019802,0,105.0,5.416025603090639,101.125,6.01040764008565,97.75,7.362373629105308,97.75,7.362373629105308,0.1697822010904794,1.0127877237851663,,,,,1.0,3.395644021809588,6.3927316347838685,4.5944790669993,False,0.0,11.598465473145794,4.9,LOW,🟢,Continue routine monitoring. No administrative action required at this time.,No significant deviation from normal demand patterns detected
Tamil Nadu,Villupuram,Tindivanam,Alagapuram Gp,Alagapuram,Tamil Nadu|Villupuram|Tindivanam|Alagapuram,2024,18,99.0,2024-04-29,MGNREGA (historical),99.0,113.0,103.0,0.0,-12.389380530973451,-3.8834951456310676,0,104.5,5.972157622389639,101.625,5.578978401105345,98.25,7.212678231609051,98.25,7.212678231609051,0.10398356559331569,1.0076335877862594,,,,,1.0,2.0796713118663135,0.7214937081974298,1.53640027039876,False,0.0,10.95419847328243,3.7,LOW,🟢,Continue routine monitoring. No administrative action required at this time.,No significant deviation from normal demand patterns detected
Tamil Nadu,Villupuram,Tindivanam,Alagapuram Gp,Alagapuram,Tamil Nadu|Villupuram|Tindivanam|Alagapuram,2024,19,97.0,2024-05-06,MGNREGA (historical),99.0,99.0,103.0,-2.0202020202020203,-2.0202020202020203,-5.825242718446602,0,103.5,6.608075867199669,101.5,5.631543812693431,99.5,5.64881323014761,99.5,5.64881323014761,-0.44257083711983025,0.9748743718592965,,,,,1.0,0.0,0.9362172433462669,0.37448689733850676,False,0.0,9.748743718592966,3.0,LOW,🟢,Continue routine monitoring. No administrative action required at this time.,No significant deviation from normal demand patterns detected
Tamil Nadu,Villupuram,Tindivanam,Alagapuram Gp,Alagapuram,Tamil Nadu|Villupuram|Tindivanam|Alagapuram,2024,20,97.0,2024-05-13,MGNREGA (historical),97.0,99.0,113.0,0.0,-2.0202020202020203,-14.15929203539823,0,102.0,7.393691004272944,102.0,4.898979485566351,99.66666666666667,5.532274451440417,99.66666666666667,5.532274451440417,-0.4820199522047142,0.9732441471571905,,,,,1.0,0.0,3.288186588543165,1.315274635417266,False,0.0,9.732441471571905,3.3,LOW,🟢,Continue routine monitoring. No administrative action required at this time.,No significant deviation from normal demand patterns detected
Tamil Nadu,Villupuram,Tindivanam,Alagapuram Gp,Alagapuram,Tamil Nadu|Villupuram|Tindivanam|Alagapuram,2024,21,95.0,2024-05-20,MGNREGA (historical),97.0,97.0,99.0,-2.0618556701030926,-2.0618556701030926,-4.040404040404041,0,98.0,1.1547005383792452,101.5,5.209880722517272,100.08333333333333,5.071459057282897,100.08333333333333,5.071459057282897,-1.0023413924703541,0.9492089925062448,,,,,1.0,0.0,0.80541524933058,0.322166099732232,False,0.0,9.492089925062448,2.9,LOW,🟢,Continue routine monitoring. No administrative action required at this time.,No significant deviation from normal demand patterns detected
Tamil Nadu,Villupuram,Tindivanam,Alagapuram Gp,Alagapuram,Tamil Nadu|Villupuram|Tindivanam|Alagapuram,2024,22,102.0,2024-05-27,MGNREGA (historical),95.0,97.0,99.0,7.368421052631578,5.154639175257731,3.0303030303030303,1,97.0,1.6329931618554492,100.75,5.700877125495685,100.08333333333333,5.071459057282897,100.08333333333333,5.071459057282897,0.37793200043964303,1.019150707743547,,,,,1.0,7.55864000879286,0.6604187492620252,4.799351504980526,False,27.105263157894733,12.393838467943388,16.0,LOW,🟢,Continue routine monitoring. No administrative action required at this time.,Demand increased 7% in the latest week
Tamil Nadu,Villupuram,Tindivanam,Alagapuram Gp,Alagapuram,Tamil Nadu|Villupuram|Tindivanam|Alagapuram,2024,23,101.0,2024-06-03,MGNREGA (historical),102.0,95.0,97.0,-0.9803921568627451,6.315789473684211,4.123711340206185,0,97.75,2.9860788111948184,100.625,5.655275665884273,100.25,5.101247619232674,100.25,5.101247619232674,0.14702285714819202,1.0074812967581048,,,,,1.0,2.9404571429638406,0.12890062479913744,1.8158345356979593,False,0.0,10.935162094763104,3.8,LOW,🟢,Continue routine monitoring. No administrative action required at this time.,No significant deviation from normal demand patterns detected
Tamil Nadu,Villupuram,Tindivanam,Alagapuram Gp,Alagapuram,Tamil Nadu|Villupuram|Tindivanam|Alagapuram,2024,24,90.0,2024-06-10,MGNREGA (historical),101.0,102.0,97.0,-10.891089108910892,-11.76470588235294,-7.216494845360824,0,98.75,3.304037933599834,100.375,5.578978401105345,100.91666666666667,4.561864318522175,100.91666666666667,4.561864318522175,-2.3930274783365646,0.8918249380677126,,,,,1.0,0.0,8.438424851672893,3.3753699406691577,False,0.0,8.918249380677125,3.7,LOW,🟢,Continue routine monitoring. No administrative action required at this time.,No significant deviation from normal demand patterns detected
Tamil Nadu,Villupuram,Tindivanam,Alagapuram Gp,Alagapuram,Tamil Nadu|Villupuram|Tindivanam|Alagapuram,2024,25,87.0,2024-06-17,MGNREGA (historical),90.0,101.0,95.0,-3.3333333333333335,-13.861386138613863,-8.421052631578947,0,97.0,5.597618541248887,97.5,3.7796447300922655,100.0,5.543218625245848,100.0,5.543218625245848,-2.3452078799117246,0.87,,,,,1.0,0.0,6.399282895063041,2.5597131580252164,False,0.0,8.7,3.4,LOW,🟢,Continue routine monitoring. No administrative action required at this time.,No significant deviation from normal demand patterns detected
Tamil Nadu,Villupuram,Tindivanam,Alagapuram Gp,Alagapuram,Tamil Nadu|Villupuram|Tindivanam|Alagapuram,2024,26,91.0,2024-06-24,MGNREGA (historical),87.0,90.0,102.0,4.597701149425287,1.1111111111111112,-10.784313725490197,1,95.0,7.615773105863909,96.0,5.209880722517273,98.83333333333333,6.671967589485975,98.83333333333333,6.671967589485975,-1.1740664546508728,0.9207419898819562,,,,,1.0,0.0,4.554951415537361,1.8219805662149444,False,18.39080459770115,9.207419898819563,10.7,LOW,🟢,Continue routine monitoring. No administrative action required at this time.,No significant deviation from normal demand patterns detected
Tamil Nadu,Villupuram,Tindivanam,Alagapuram Gp,Alagapuram,Tamil Nadu|Villupuram|Tindivanam|Alagapuram,2024,27,84.0,2024-07-01,MGNREGA (historical),91.0,87.0,101.0,-7.6923076923076925,-3.4482758620689653,-16.831683168316832,0,92.25,6.075908711186062,95.0,5.318431562567506,97.83333333333333,6.886526150697623,97.83333333333333,6.886526150697623,-2.00875347462842,0.858603066439523,,,,,1.0,0.0,4.919762346196681,1.9679049384786724,False,0.0,8.58603066439523,3.2,LOW,🟢,Continue routine monitoring. No administrative action required at this time.,No significant deviation from normal demand patterns detected
Tamil Nadu,Villupuram,Tindivanam,Alagapuram Gp,Alagapuram,Tamil Nadu|Villupuram|Tindivanam|Alagapuram,2024,28,87.0,2024-07-08,MGNREGA (historical),84.0,91.0,90.0,3.571428571428571,-4.395604395604396,-3.3333333333333335,1,88.0,3.1622776601683786,93.375,6.479362843454811,96.25,7.723929758166547,96.25,7.723929758166547,-1.1975769186947787,0.9038961038961039,,,,,1.0,0.0,4.09760425246072,1.6390417009842881,False,14.285714285714285,9.03896103896104,8.9,LOW,🟢,Continue routine monitoring. No administrative action required at this time.,No significant deviation from normal demand patterns detected
Tamil Nadu,Villupuram,Tindivanam,Alagapuram Gp,Alagapuram,Tamil Nadu|Villupuram|Tindivanam|Alagapuram,2024,29,83.0,2024-07-15,MGNREGA (historical),87.0,84.0,87.0,-4.597701149425287,-1.1904761904761905,-4.597701149425287,0,87.25,2.872281323269013,92.125,6.642665127793208,94.08333333333333,6.067174470921863,94.08333333333333,6.067174470921863,-1.8267701689563078,0.8821966341895483,,,,,1.0,0.0,2.300279239061221,0.9201116956244884,False,0.0,8.821966341895482,2.9,LOW,🟢,Continue routine monitoring. No administrative action required at this time.,No significant deviation from normal demand patterns detected
Tamil Nadu,Villupuram,Tindivanam,Alagapuram Gp,Alagapuram,Tamil Nadu|Villupuram|Tindivanam|Alagapuram,2024,30,73.0,2024-07-22,MGNREGA (historical),83.0,87.0,91.0,-12.048192771084338,-16.091954022988507,-19.78021978021978,0,86.25,3.593976442141302,90.625,7.229651246281324,92.75,6.621246792780729,92.75,6.621246792780729,-2.9828219092412924,0.7870619946091644,,,,,1.0,0.0,17.2004842317552,6.880193692702081,False,0.0,7.870619946091644,4.4,LOW,🟢,Continue routine monitoring. No administrative action required at this time.,No significant deviation from normal demand patterns detected
Tamil Nadu,Villupuram,Tindivanam,Alagapuram Gp,Alagapuram,Tamil Nadu|Villupuram|Tindivanam|Alagapuram,2024,31,85.0,2024-07-29,MGNREGA (historical),73.0,83.0,84.0,16.43835616438356,2.4096385542168677,1.1904761904761905,1,81.75,6.075908711186062,87.0,7.946247991527643,90.58333333333333,8.404093519160055,90.58333333333333,8.404093519160055,-0.6643587818964862,0.93836246550138,,,,,1.0,0.0,7.15167442748469,2.8606697709938764,False,47.87671232876712,9.3836246550138,22.8,LOW,🟢,Continue routine monitoring. No administrative action required at this time.,Demand increased 16% in the latest week
Tamil Nadu,Villupuram,Tindivanam,Alagapuram Gp,Alagapuram,Tamil Nadu|Villupuram|Tindivanam|Alagapuram,2024,32,84.0,2024-08-05,MGNREGA (historical),85.0,73.0,87.0,-1.1764705882352942,15.068493150684931,-3.4482758620689653,0,82.0,6.21825270205921,85.0,5.580578567035598,89.58333333333333,8.284249385357016,89.58333333333333,8.284249385357016,-0.6739697314282035,0.9376744186046512,,,,,1.0,0.0,0.9767445226366183,0.39069780905464735,False,0.0,9.376744186046512,2.9,LOW,🟢,Continue routine monitoring. No administrative action required at this time.,No significant deviation from normal demand patterns detected
Tamil Nadu,Villupuram,Tindivanam,Alagapuram Gp,Alagapuram,Tamil Nadu|Villupuram|Tindivanam|Alagapuram,2024,33,72.0,2024-08-12,MGNREGA (historical),84.0,85.0,83.0,-14.285714285714285,-15.294117647058824,-13.253012048192772,0,81.25,5.560275772537426,84.25,5.203021100421228,88.5,8.073525759036043,88.5,8.073525759036043,-2.0437167716388207,0.8135593220338984,,,,,1.0,0.0,7.616212764112115,3.0464851056448463,False,0.0,8.135593220338983,3.4,LOW,🟢,Continue routine monitoring. No administrative action required at this time.,No significant deviation from normal demand patterns detected
Tamil Nadu,Villupuram,Tindivanam,Alagapuram Gp,Alagapuram,Tamil Nadu|Villupuram|Tindivanam|Alagapuram,2024,34,71.0,2024-08-19,MGNREGA (historical),72.0,84.0,73.0,-1.3888888888888888,-15.476190476190476,-2.73972602739726,0,78.5,6.952217871538071,82.375,6.588680769753095,86.58333333333333,9.059985283284615,86.58333333333333,9.059985283284615,-1.7200175106337185,0.8200192492781521,,,,,1.0,0.0,6.792303459837017,2.7169213839348068,False,0.0,8.20019249278152,3.3,LOW,🟢,Continue routine monitoring. No administrative action required at this time.,No significant deviation from normal demand patterns detected
Tamil Nadu,Villupuram,Tindivanam,Alagapuram Gp,Alagapuram,Tamil Nadu|Villupuram|Tindivanam|Alagapuram,2024,35,73.0,2024-08-26,MGNREGA (historical),71.0,72.0,85.0,2.8169014084507045,1.3888888888888888,-14.117647058823529,1,78.0,7.52772652709081,79.875,6.642665127793207,84.0,8.675985665774697,84.0,8.675985665774697,-1.2678674704815556,0.8690476190476191,,,,,1.0,0.0,7.045123007176119,2.818049202870448,False,11.267605633802818,8.69047619047619,8.0,LOW,🟢,Continue routine monitoring. No administrative action required at this time.,No significant deviation from normal demand patterns detected
Tamil Nadu,Villupuram,Tindivanam,Alagapuram Gp,Alagapuram,Tamil Nadu|Villupuram|Tindivanam|Alagapuram,2024,36,72.0,2024-09-02,MGNREGA (historical),73.0,71.0,84.0,-1.36986301369863,1.4084507042253522,-14.285714285714285,0,75.0,6.055300708194984,78.5,6.803360514166087,81.66666666666667,7.352591792055844,81.66666666666667,7.352591792055844,-1.3147291377050314,0.8816326530612244,,,,,1.0,0.0,2.684579302700866,1.0738317210803465,False,0.0,8.816326530612244,3.0,LOW,🟢,Continue routine monitoring. No administrative action required at this time.,No significant deviation from normal demand patterns detected
Tamil Nadu,Villupuram,Tindivanam,Alagapuram Gp,Alagapuram,Tamil Nadu|Villupuram|Tindivanam|Alagapuram,2024,37,73.0,2024-09-09,MGNREGA (historical),72.0,73.0,72.0,1.3888888888888888,0.0,1.3888888888888888,1,72.0,0.8164965809277347,76.625,6.162965427222744,80.16666666666667,7.334022006230948,80.16666666666667,7.334022006230948,-0.9771809602668096,0.9106029106029105,,,,,1.0,0.0,3.4395215290207988,1.3758086116083197,False,5.555555555555555,9.106029106029105,5.4,LOW,🟢,Continue routine monitoring. No administrative action required at this time.,No significant deviation from normal demand patterns detected
Tamil Nadu,Villupuram,Tindivanam,Alagapuram Gp,Alagapuram,Tamil Nadu|Villupuram|Tindivanam|Alagapuram,2024,38,78.0,2024-09-16,MGNREGA (historical),73.0,72.0,71.0,6.8493150684931505,8.333333333333332,9.859154929577464,2,72.25,0.9574271077563455,75.375,5.680480361981467,79.0,7.2613547446240245,79.0,7.2613547446240245,-0.1377153486049355,0.9873417721518988,,,,,1.0,0.0,10.985856298028247,4.394342519211299,False,25.54794520547945,9.873417721518988,14.5,LOW,🟢,Continue routine monitoring. No administrative action required at this time.,Demand increased 7% in the latest week
Tamil Nadu,Villupuram,Tindivanam,Alagapuram Gp,Alagapuram,Tamil Nadu|Villupuram|Tindivanam|Alagapuram,2024,39,68.0,2024-09-23,MGNREGA (historical),78.0,73.0,73.0,-12.82051282051282,-6.8493150684931505,-6.8493150684931505,0,74.0,2.7080128015453213,76.0,5.656854249492377,77.91666666666667,6.200562046860822,77.91666666666667,6.200562046860822,-1.5993173831212952,0.8727272727272727,,,,,1.0,0.0,3.431404001218747,1.372561600487499,False,0.0,8.727272727272727,3.0,LOW,🟢,Continue routine monitoring. No administrative action required at this time.,No significant deviation from normal demand patterns detected
Tamil Nadu,Villupuram,Tindivanam,Alagapuram Gp,Alagapuram,Tamil Nadu|Villupuram|Tindivanam|Alagapuram,2024,40,66.0,2024-09-30,MGNREGA (historical),68.0,78.0,72.0,-2.941176470588235,-15.384615384615385,-8.333333333333332,0,72.75,4.112987559751022,73.875,4.940720016932171,76.58333333333333,6.4871668186762825,76.58333333333333,6.4871668186762825,-1.6314261108353731,0.8618063112078347,,,,,1.0,0.0,1.324111681962925,0.52964467278517,False,0.0,8.618063112078346,2.7,LOW,🟢,Continue routine monitoring. No administrative action required at this time.,No significant deviation from normal demand patterns detected
Tamil Nadu,Villupuram,Tindivanam,Alagapuram Gp,Alagapuram,Tamil Nadu|Villupuram|Tindivanam|Alagapuram,2024,41,64.0,2024-10-07,MGNREGA (historical),66.0,68.0,73.0,-3.0303030303030303,-5.88235294117647,-12.32876712328767,0,71.25,5.377421934967226,71.625,3.5831949031954244,74.83333333333333,6.249848483011999,74.83333333333333,6.249848483011999,-1.7333753550633924,0.8552338530066815,,,,,1.0,0.0,1.5985621027129182,0.6394248410851673,False,0.0,8.552338530066816,2.8,LOW,🟢,Continue routine monitoring. No administrative action required at this time.,No significant deviation from normal demand patterns detected
Tamil Nadu,Villupuram,Tindivanam,Alagapuram Gp,Alagapuram,Tamil Nadu|Villupuram|Tindivanam|Alagapuram,2024,42,67.0,2024-10-14,MGNREGA (historical),64.0,66.0,78.0,4.6875,1.5151515151515151,-14.102564102564102,1,69.0,6.218252702059211,70.625,4.470139019889964,73.25,6.397797916613153,73.25,6.397797916613153,-0.9768986269120244,0.9146757679180887,,,,,1.0,0.0,5.735042539572199,2.2940170158288797,False,18.75,9.146757679180887,10.9,LOW,🟢,Continue routine monitoring. No administrative action required at this time.,No significant deviation from normal demand patterns detected
Tamil Nadu,Villupuram,Tindivanam,Alagapuram Gp,Alagapuram,Tamil Nadu|Villupuram|Tindivanam|Alagapuram,2024,43,72.0,2024-10-21,MGNREGA (historical),67.0,64.0,68.0,7.462686567164178,12.5,5.88235294117647,2,66.25,1.7078251276599359,70.125,4.642582409453964,72.75,6.6486498971255,72.75,6.6486498971255,-0.11280485686639291,0.9896907216494846,,,,,1.0,0.0,10.45664596844382,4.182658387377528,False,27.388059701492537,9.896907216494846,15.2,LOW,🟢,Continue routine monitoring. No administrative action required at this time.,Demand increased 7% in the latest week
Tamil Nadu,Villupuram,Tindivanam,Alagapuram Gp,Alagapuram,Tamil Nadu|Villupuram|Tindivanam|Alagapuram,2024,44,82.0,2024-10-28,MGNREGA (historical),72.0,67.0,66.0,13.88888888888889,22.388059701492537,24.242424242424242,3,67.25,3.4034296427770236,70.0,4.566962103755931,71.66666666666667,5.416025603090782,71.66666666666667,5.416025603090782,1.9079181101796066,1.1441860465116278,,,,,1.0,38.158362203592134,27.93090064048691,34.06737757835005,False,42.77777777777778,28.02325581395348,35.7,LOW,🟢,Continue routine monitoring. No administrative action required at this time.,Demand increased 14% in the latest week · Current demand is 14% above its historical baseline · Current demand is 1.9 standard deviations above baseline · Momentum has increased for 3 consecutive weeks
Tamil Nadu,Villupuram,Tindivanam,Alagapuram Gp,Alagapuram,Tamil Nadu|Villupuram|Tindivanam|Alagapuram,2024,45,73.0,2024-11-04,MGNREGA (historical),82.0,72.0,64.0,-10.975609756097562,1.3888888888888888,14.0625,0,71.25,7.889866919029749,71.25,6.250714244902619,71.5,5.018148879997457,71.5,5.018148879997457,0.29891500548719474,1.020979020979021,,,,,1.0,5.978300109743895,8.073274127267876,6.816289716753488,False,0.0,12.62237762237763,5.8,LOW,🟢,Continue routine monitoring. No administrative action required at this time.,No significant deviation from normal demand patterns detected
Tamil Nadu,Villupuram,Tindivanam,Alagapuram Gp,Alagapuram,Tamil Nadu|Villupuram|Tindivanam|Alagapuram,2024,46,78.0,2024-11-11,MGNREGA (historical),73.0,82.0,67.0,6.8493150684931505,-4.878048780487805,16.417910447761194,1,73.5,6.244997998398396,71.25,6.250714244902619,71.58333333333333,5.0354801763150805,71.58333333333333,5.0354801763150805,1.2742909200294639,1.0896391152502911,,,,,1.0,25.485818400589277,4.409573572656462,17.055320469416152,False,25.54794520547945,21.20488940628639,21.7,LOW,🟢,Continue routine monitoring. No administrative action required at this time.,Demand increased 7% in the latest week
Tamil Nadu,Villupuram,Tindivanam,Alagapuram Gp,Alagapuram,Tamil Nadu|Villupuram|Tindivanam|Alagapuram,2024,47,80.0,2024-11-18,MGNREGA (historical),78.0,73.0,72.0,2.564102564102564,9.58904109589041,11.11111111111111,2,76.25,4.64578662158878,71.25,6.250714244902619,72.16666666666667,5.356955263670886,72.16666666666667,5.356955263670886,1.4622734273060718,1.1085450346420322,,,,,1.0,29.245468546121433,8.827374780703542,21.07823103995428,False,10.256410256410255,23.56812933025403,17.5,LOW,🟢,Continue routine monitoring. No administrative action required at this time.,Current demand is 11% above its historical baseline
Tamil Nadu,Villupuram,Tindivanam,Alagapuram Gp,Alagapuram,Tamil Nadu|Villupuram|Tindivanam|Alagapuram,2024,48,88.0,2024-11-25,MGNREGA (historical),80.0,78.0,82.0,10.0,12.82051282051282,7.317073170731707,3,78.25,3.862210075418816,72.75,6.77706215321738,72.75,5.817293966348148,72.75,5.817293966348148,2.6214937887303136,1.2096219931271477,,,,,1.0,52.42987577460627,24.137732839316904,41.11301860049052,False,35.0,35.801832760595644,37.1,LOW,🟢,Continue routine monitoring. No administrative action required at this time.,Demand increased 10% in the latest week · Current demand is 21% above its historical baseline · Current demand is 2.6 standard deviations above baseline · Momentum has increased for 3 consecutive weeks
Tamil Nadu,Villupuram,Tindivanam,Alagapuram Gp,Alagapuram,Tamil Nadu|Villupuram|Tindivanam|Alagapuram,2024,49,97.0,2024-12-02,MGNREGA (historical),88.0,80.0,73.0,10.227272727272728,21.25,32.87671232876712,4,79.75,6.2383224240709625,75.5,7.999999999999999,74.08333333333333,7.279589565519859,74.08333333333333,7.279589565519859,3.1480712559967134,1.3093363329583803,,,,,1.0,62.96142511993427,50.20873856744148,57.86035049893715,False,35.45454545454545,44.11136107986502,44.8,MODERATE,🟡,Increase monitoring frequency. Review recent employment demand trends for this village.,Demand increased 10% in the latest week · Current demand is 31% above its historical baseline · Current demand is 3.1 standard deviations above baseline · Momentum has increased for 4 consecutive weeks
Tamil Nadu,Villupuram,Tindivanam,Alagapuram Gp,Alagapuram,Tamil Nadu|Villupuram|Tindivanam|Alagapuram,2024,50,86.0,2024-12-09,MGNREGA (historical),97.0,88.0,78.0,-11.34020618556701,-2.272727272727273,10.256410256410255,0,85.75,8.655441448399188,79.625,9.575825216211319,76.08333333333333,9.811480597501719,76.08333333333333,9.811480597501719,1.0107207131604312,1.1303395399780942,,,,,1.0,20.214414263208624,11.496946680708332,16.72742723020851,False,0.0,26.29244249726178,12.9,LOW,🟢,Continue routine monitoring. No administrative action required at this time.,Current demand is 13% above its historical baseline
Tamil Nadu,Villupuram,Tindivanam,Alagapuram Gp,Alagapuram,Tamil Nadu|Villupuram|Tindivanam|Alagapuram,2024,51,89.0,2024-12-16,MGNREGA (historical),86.0,97.0,80.0,3.488372093023256,-8.24742268041237,11.25,1,87.75,7.041543391425866,82.0,8.263517065131182,76.75,10.21696450206052,76.75,10.21696450206052,1.1989862544329546,1.1596091205211727,,,,,1.0,23.979725088659094,3.604546906247308,15.829653815694378,False,13.953488372093023,29.951140065146593,19.3,LOW,🟢,Continue routine monitoring. No administrative action required at this time.,Current demand is 16% above its historical baseline
Tamil Nadu,Villupuram,Tindivanam,Alagapuram Gp,Alagapuram,Tamil Nadu|Villupuram|Tindivanam|Alagapuram,2024,52,100.0,2024-12-23,MGNREGA (historical),89.0,86.0,88.0,12.359550561797752,16.27906976744186,13.636363636363635,2,90.0,4.830458915396474,84.125,7.472568883207816,78.5,10.37917495407384,78.5,10.37917495407384,2.0714555920999502,1.2738853503184713,,,,,1.0,41.429111841999,18.032591136540074,32.07050355981543,False,39.71910112359551,41.15711252653927,37.9,LOW,🟢,Continue routine monitoring. No administrative action required at this time.,Demand increased 12% in the latest week · Current demand is 27% above its historical baseline · Current demand is 2.1 standard deviations above baseline
Tamil Nadu,Villupuram,Tindivanam,Alagapuram Gp,Alagapuram,Tamil Nadu|Villupuram|Tindivanam|Alagapuram,2025,1,101.0,2024-12-30,MGNREGA (historical),100.0,89.0,97.0,1.0,13.48314606741573,4.123711340206185,3,93.0,6.582805886043829,86.375,9.24179172486127,81.33333333333333,11.260012379561555,81.33333333333333,11.260012379561555,1.7465936984549262,1.2418032786885247,70.0,,70.0,44.285714285714285,1.0,34.931873969098525,22.21714855815647,29.845983804721705,False,4.0,38.48360655737706,22.1,LOW,🟢,Continue routine monitoring. No administrative action required at this time.,Current demand is 24% above its historical baseline · Current demand is 1.7 standard deviations above baseline · Momentum has increased for 3 consecutive weeks
Tamil Nadu,Villupuram,Tindivanam,Alagapuram Gp,Alagapuram,Tamil Nadu|Villupuram|Tindivanam|Alagapuram,2025,2,110.0,2025-01-06,MGNREGA (historical),101.0,100.0,86.0,8.91089108910891,10.0,27.906976744186046,4,94.0,7.615773105863904,89.875,8.74132222754168,84.41666666666667,11.147428022425263,84.41666666666667,11.147428022425263,2.2949987460665704,1.3030602171767027,74.0,,74.0,48.64864864864865,1.0,45.89997492133141,42.02190684051887,44.348747689006395,False,31.73267326732673,43.5883514313919,39.1,LOW,🟢,Continue routine monitoring. No administrative action required at this time.,Demand increased 9% in the latest week · Current demand is 30% above its historical baseline · Current demand is 2.3 standard deviations above baseline · Momentum has increased for 4 consecutive weeks
Tamil Nadu,Villupuram,Tindivanam,Alagapuram Gp,Alagapuram,Tamil Nadu|Villupuram|Tindivanam|Alagapuram,2025,3,108.0,2025-01-13,MGNREGA (historical),110.0,101.0,89.0,-1.8181818181818181,6.9306930693069315,21.34831460674157,0,100.0,8.602325267042621,93.875,9.7897541191945,88.0,11.924001768777895,88.0,11.924001768777895,1.6772892513626172,1.2272727272727273,80.0,,80.0,35.0,1.0,33.54578502725234,19.489783153421627,27.923384277720054,False,0.0,37.27272727272728,19.6,LOW,🟢,Continue routine monitoring. No administrative action required at this time.,Current demand is 23% above its historical baseline · Current demand is 1.7 standard deviations above baseline
Tamil Nadu,Villupuram,Tindivanam,Alagapuram Gp,Alagapuram,Tamil Nadu|Villupuram|Tindivanam|Alagapuram,2025,4,107.0,2025-01-20,MGNREGA (historical),108.0,110.0,100.0,-0.9259259259259258,-2.727272727272727,7.000000000000001,0,104.75,4.991659710623969,97.375,9.101608962940876,91.0,12.060453783110543,91.0,12.060453783110543,1.32664991614216,1.1758241758241759,84.0,,84.0,27.380952380952383,1.0,26.532998322843206,7.701584228141001,19.000432684962323,False,0.0,31.97802197802199,15.3,LOW,🟢,Continue routine monitoring. No administrative action required at this time.,Current demand is 18% above its historical baseline
Tamil Nadu,Villupuram,Tindivanam,Alagapuram Gp,Alagapuram,Tamil Nadu|Villupuram|Tindivanam|Alagapuram,2025,5,114.0,2025-01-27,MGNREGA (historical),107.0,108.0,101.0,6.5420560747663545,5.555555555555555,12.871287128712872,1,106.5,3.872983346207404,99.75,8.77903346453518,93.08333333333333,12.515142343528801,93.08333333333333,12.515142343528801,1.6713087308577073,1.224709042076992,93.0,,93.0,22.58064516129032,1.0,33.426174617154146,6.85471513378771,22.79759082380757,False,24.626168224299064,37.059086839749334,27.8,LOW,🟢,Continue routine monitoring. No administrative action required at this time.,Demand increased 7% in the latest week · Current demand is 22% above its historical baseline · Current demand is 1.7 standard deviations above baseline
Tamil Nadu,Villupuram,Tindivanam,Alagapuram Gp,Alagapuram,Tamil Nadu|Villupuram|Tindivanam|Alagapuram,2025,6,120.0,2025-02-03,MGNREGA (historical),114.0,107.0,110.0,5.263157894736842,12.149532710280374,9.090909090909092,2,109.75,3.0956959368344386,101.875,9.991961054482033,96.5,12.124355652982112,96.5,12.124355652982112,1.9382473322794624,1.2435233160621761,84.0,,84.0,42.857142857142854,1.0,38.76494664558925,13.154392615041541,28.520725033370162,False,20.789473684210524,38.626943005181346,28.5,LOW,🟢,Continue routine monitoring. No administrative action required at this time.,Demand increased 5% in the latest week · Current demand is 24% above its historical baseline · Current demand is 1.9 standard deviations above baseline
Tamil Nadu,Villupuram,Tindivanam,Alagapuram Gp,Alagapuram,Tamil Nadu|Villupuram|Tindivanam|Alagapuram,2025,7,122.0,2025-02-10,MGNREGA (historical),120.0,114.0,108.0,1.6666666666666667,7.017543859649122,12.962962962962962,3,112.25,6.02079728939614,106.125,9.493418773023762,100.0,12.358287613066446,100.0,12.358287613066446,1.7801819061679183,1.22,95.0,,95.0,28.421052631578945,1.0,35.603638123358365,18.96435086517764,28.947923220086075,False,6.666666666666667,36.66666666666667,22.4,LOW,🟢,Continue routine monitoring. No administrative action required at this time.,Current demand is 22% above its historical baseline · Current demand is 1.8 standard deviations above baseline · Momentum has increased for 3 consecutive weeks
Tamil Nadu,Villupuram,Tindivanam,Alagapuram Gp,Alagapuram,Tamil Nadu|Villupuram|Tindivanam|Alagapuram,2025,8,123.0,2025-02-17,MGNREGA (historical),122.0,120.0,107.0,0.819672131147541,2.5,14.953271028037381,4,115.75,6.75154303350969,110.25,8.04895734152656,103.5,12.124355652982075,103.5,12.124355652982075,1.6083328927425378,1.1884057971014492,92.0,,92.0,33.69565217391305,1.0,32.166657854850754,30.702061905837937,31.580819475245626,False,3.278688524590164,33.55072463768116,20.9,LOW,🟢,Continue routine monitoring. No administrative action required at this time.,Current demand is 19% above its historical baseline · Current demand is 1.6 standard deviations above baseline · Momentum has increased for 4 consecutive weeks
Tamil Nadu,Villupuram,Tindivanam,Alagapuram Gp,Alagapuram,Tamil Nadu|Villupuram|Tindivanam|Alagapuram,2025,9,128.0,2025-02-24,MGNREGA (historical),123.0,122.0,114.0,4.0650406504065035,4.918032786885246,12.280701754385964,5,119.75,4.031128874149259,113.125,7.972049386987731,106.41666666666667,12.265682602161515,106.41666666666667,12.265682602161515,1.759652033514206,1.2028191072826937,95.0,,95.0,34.73684210526316,1.0,35.19304067028412,42.09649025702811,37.95442050498171,False,16.260162601626014,35.234925606891146,28.5,LOW,🟢,Continue routine monitoring. No administrative action required at this time.,Current demand is 20% above its historical baseline · Current demand is 1.8 standard deviations above baseline · Momentum has increased for 5 consecutive weeks
Tamil Nadu,Villupuram,Tindivanam,Alagapuram Gp,Alagapuram,Tamil Nadu|Villupuram|Tindivanam|Alagapuram,2025,10,130.0,2025-03-03,MGNREGA (historical),128.0,123.0,120.0,1.5625,5.691056910569105,8.333333333333332,6,123.25,3.4034296427770014,116.5,7.8193898190880065,109.0,13.321206606555696,109.0,13.321206606555696,1.5764337736241836,1.1926605504587156,100.0,,100.0,30.0,1.0,31.52867547248367,49.61804471790414,38.76442317065186,False,6.25,34.08256880733945,24.4,LOW,🟢,Continue routine monitoring. No administrative action required at this time.,Current demand is 19% above its historical baseline · Current demand is 1.6 standard deviations above baseline · Momentum has increased for 6 consecutive weeks
Tamil Nadu,Villupuram,Tindivanam,Alagapuram Gp,Alagapuram,Tamil Nadu|Villupuram|Tindivanam|Alagapuram,2025,11,133.0,2025-03-10,MGNREGA (historical),130.0,128.0,122.0,2.307692307692308,3.90625,9.01639344262295,7,125.75,3.862210075418805,119.0,8.602325267042628,112.66666666666667,12.441377688498813,112.66666666666667,12.441377688498813,1.6343313290882633,1.180473372781065,93.0,,93.0,43.01075268817204,1.0,32.68662658176527,53.043094521448694,40.82921375763864,False,9.230769230769232,32.55917159763313,25.7,LOW,🟢,Continue routine monitoring. No administrative action required at this time.,Current demand is 18% above its historical baseline · Current demand is 1.6 standard deviations above baseline · Momentum has increased for 7 consecutive weeks
Tamil Nadu,Villupuram,Tindivanam,Alagapuram Gp,Alagapuram,Tamil Nadu|Villupuram|Tindivanam|Alagapuram,2025,12,131.0,2025-03-17,MGNREGA (historical),133.0,130.0,123.0,-1.5037593984962405,0.7692307692307693,6.504065040650407,0,128.5,4.203173404306148,122.125,8.57633787980461,116.33333333333333,11.260012379561385,116.33333333333333,11.260012379561385,1.3025444530850496,1.1260744985673352,101.0,,101.0,29.7029702970297,1.0,26.050889061700992,5.056974224135981,17.653323126674987,False,0.0,25.759312320916905,13.0,LOW,🟢,Continue routine monitoring. No administrative action required at this time.,Current demand is 13% above its historical baseline
Tamil Nadu,Villupuram,Tindivanam,Alagapuram Gp,Alagapuram,Tamil Nadu|Villupuram|Tindivanam|Alagapuram,2025,13,129.0,2025-03-24,MGNREGA (historical),131.0,133.0,128.0,-1.5267175572519083,-3.007518796992481,0.78125,0,130.5,2.0816659994660958,125.125,6.468329437674439,118.91666666666667,10.714971118047993,118.91666666666667,10.714971118047993,0.9410509111265124,1.0847932725998597,101.0,,101.0,27.722772277227726,1.0,18.82101822253025,2.2903201391167918,12.208738989164866,False,0.0,20.599159074982463,9.8,LOW,🟢,Continue routine monitoring. No administrative action required at this time.,No significant deviation from normal demand patterns detected
Tamil Nadu,Villupuram,Tindivanam,Alagapuram Gp,Alagapuram,Tamil Nadu|Villupuram|Tindivanam|Alagapuram,2025,14,131.0,2025-03-31,MGNREGA (historical),129.0,131.0,130.0,1.550387596899225,0.0,0.7692307692307693,1,130.75,1.7078251276598873,127.0,4.72077475481666,121.25,9.430366810565458,121.25,9.430366810565458,1.0338940357098767,1.0804123711340206,103.0,,103.0,27.184466019417474,1.0,20.67788071419753,1.6386992948928751,13.062208146475667,False,6.2015503875969,20.051546391752574,12.4,LOW,🟢,Continue routine monitoring. No administrative action required at this time.,No significant deviation from normal demand patterns detected
Tamil Nadu,Villupuram,Tindivanam,Alagapuram Gp,Alagapuram,Tamil Nadu|Villupuram|Tindivanam|Alagapuram,2025,15,136.0,2025-04-07,MGNREGA (historical),131.0,129.0,133.0,3.816793893129771,5.426356589147287,2.2556390977443606,2,131.0,1.632993161855404,128.375,3.925648263117099,123.0,9.095453409658523,123.0,9.095453409658523,1.4292855358035492,1.1056910569105691,103.0,,103.0,32.038834951456316,1.0,28.585710716070984,8.972024214006895,20.74023611524535,False,15.267175572519085,23.211382113821145,19.3,LOW,🟢,Continue routine monitoring. No administrative action required at this time.,Current demand is 11% above its historical baseline
Tamil Nadu,Villupuram,Tindivanam,Alagapuram Gp,Alagapuram,Tamil Nadu|Villupuram|Tindivanam|Alagapuram,2025,16,127.0,2025-04-14,MGNREGA (historical),136.0,131.0,131.0,-6.61764705882353,-3.0534351145038165,-3.0534351145038165,0,131.75,2.9860788111947922,130.125,3.796144660799205,125.33333333333333,8.467406314625837,125.33333333333333,8.467406314625837,0.196833198353529,1.0132978723404256,113.0,,113.0,12.389380530973451,1.0,3.93666396707058,1.3914395618670308,2.91857420498916,False,0.0,11.662234042553196,4.4,LOW,🟢,Continue routine monitoring. No administrative action required at this time.,No significant deviation from normal demand patterns detected
Tamil Nadu,Villupuram,Tindivanam,Alagapuram Gp,Alagapuram,Tamil Nadu|Villupuram|Tindivanam|Alagapuram,2025,17,132.0,2025-04-21,MGNREGA (historical),127.0,136.0,129.0,3.937007874015748,-2.941176470588235,2.3255813953488373,1,130.75,3.862210075418801,130.625,2.875388172552911,127.0,6.193838580689032,127.0,6.193838580689032,0.8072538434548251,1.0393700787401574,99.0,,99.0,33.33333333333333,1.0,16.145076869096503,0.5299651955300849,9.899032199669936,False,15.748031496062993,14.921259842519678,13.7,LOW,🟢,Continue routine monitoring. No administrative action required at this time.,No significant deviation from normal demand patterns detected
Tamil Nadu,Villupuram,Tindivanam,Alagapuram Gp,Alagapuram,Tamil Nadu|Villupuram|Tindivanam|Alagapuram,2025,18,128.0,2025-04-28,MGNREGA (historical),132.0,127.0,131.0,-3.0303030303030303,0.7874015748031495,-2.2900763358778624,0,131.5,3.696845502136449,131.125,2.695896352395094,128.5,4.776838056515746,128.5,4.776838056515746,-0.10467175024239843,0.9961089494163424,99.0,,99.0,29.292929292929294,1.0,0.0,0.44399098333197073,0.17759639333278832,False,0.0,9.961089494163424,3.0,LOW,🟢,Continue routine monitoring. No administrative action required at this time.,No significant deviation from normal demand patterns detected
Tamil Nadu,Villupuram,Tindivanam,Alagapuram Gp,Alagapuram,Tamil Nadu|Villupuram|Tindivanam|Alagapuram,2025,19,129.0,2025-05-05,MGNREGA (historical),128.0,132.0,136.0,0.78125,-2.272727272727273,-5.147058823529411,1,130.75,4.112987559751001,130.875,2.900123150094546,129.16666666666666,3.973396379405655,129.16666666666666,3.973396379405655,-0.04194564316072271,0.9987096774193549,97.0,,97.0,32.98969072164948,1.0,0.0,2.466942331863612,0.9867769327454449,False,3.125,9.98709677419355,4.5,LOW,🟢,Continue routine monitoring. No administrative action required at this time.,No significant deviation from normal demand patterns detected
Tamil Nadu,Villupuram,Tindivanam,Alagapuram Gp,Alagapuram,Tamil Nadu|Villupuram|Tindivanam|Alagapuram,2025,20,133.0,2025-05-12,MGNREGA (historical),129.0,128.0,127.0,3.10077519379845,3.90625,4.724409448818897,2,129.0,2.1602468994692456,130.375,2.8252686345094498,129.75,3.2787192621502506,129.75,3.2787192621502506,0.991240707162157,1.02504816955684,97.0,,97.0,37.11340206185567,1.0,19.824814143243138,8.478924077958952,15.286458117129463,False,12.4031007751938,13.131021194605012,13.5,LOW,🟢,Continue routine monitoring. No administrative action required at this time.,No significant deviation from normal demand patterns detected
Tamil Nadu,Villupuram,Tindivanam,Alagapuram Gp,Alagapuram,Tamil Nadu|Villupuram|Tindivanam|Alagapuram,2025,21,126.0,2025-05-19,MGNREGA (historical),133.0,129.0,132.0,-5.263157894736842,-2.3255813953488373,-4.545454545454546,0,130.5,2.3804761428475825,130.625,2.9730936268953503,130.58333333333334,2.609713789019974,130.58333333333334,2.609713789019974,-1.7562590015108601,0.9649010848755584,95.0,,95.0,32.631578947368425,1.0,0.0,4.00471289445404,1.6018851577816162,False,0.0,9.649010848755584,3.4,LOW,🟢,Continue routine monitoring. No administrative action required at this time.,No significant deviation from normal demand patterns detected
Tamil Nadu,Villupuram,Tindivanam,Alagapuram Gp,Alagapuram,Tamil Nadu|Villupuram|Tindivanam|Alagapuram,2025,22,123.0,2025-05-26,MGNREGA (historical),126.0,133.0,128.0,-2.380952380952381,-7.518796992481203,-3.90625,0,129.0,2.9439202887759213,130.25,3.3700360320244194,130.41666666666666,2.8431203515377783,130.41666666666666,2.8431203515377783,-2.6086361988352524,0.9431309904153355,102.0,,102.0,20.588235294117645,1.0,0.0,11.149069363353952,4.459627745341581,False,0.0,9.431309904153355,4.2,LOW,🟢,Continue routine monitoring. No administrative action required at this time.,No significant deviation from normal demand patterns detected
Tamil Nadu,Villupuram,Tindivanam,Alagapuram Gp,Alagapuram,Tamil Nadu|Villupuram|Tindivanam|Alagapuram,2025,23,115.0,2025-06-02,MGNREGA (historical),123.0,126.0,129.0,-6.504065040650407,-8.73015873015873,-10.852713178294573,0,127.75,4.272001872658747,129.25,4.20034012228262,129.83333333333334,3.563280749108161,129.83333333333334,3.563280749108161,-4.162830373959705,0.8857509627727855,101.0,,101.0,13.861386138613863,1.0,0.0,24.669800396069167,9.867920158427667,False,0.0,8.857509627727856,5.6,LOW,🟢,Continue routine monitoring. No administrative action required at this time.,No significant deviation from normal demand patterns detected
Tamil Nadu,Villupuram,Tindivanam,Alagapuram Gp,Alagapuram,Tamil Nadu|Villupuram|Tindivanam|Alagapuram,2025,24,122.0,2025-06-09,MGNREGA (historical),115.0,123.0,133.0,6.086956521739131,-0.8130081300813009,-8.270676691729323,1,124.25,7.4554230821150025,126.625,5.680480361981472,128.33333333333334,5.416025603090226,128.33333333333334,5.416025603090226,-1.169369164303752,0.9506493506493506,90.0,,90.0,35.55555555555556,1.0,0.0,3.341864409690084,1.3367457638760336,False,23.26086956521739,9.506493506493506,12.6,LOW,🟢,Continue routine monitoring. No administrative action required at this time.,Demand increased 6% in the latest week
Tamil Nadu,Villupuram,Tindivanam,Alagapuram Gp,Alagapuram,Tamil Nadu|Villupuram|Tindivanam|Alagapuram,2025,25,119.0,2025-06-16,MGNREGA (historical),122.0,115.0,126.0,-2.459016393442623,3.4782608695652173,-5.555555555555555,0,121.5,4.654746681256294,126.0,5.903993805649094,127.58333333333333,5.632024233762911,127.58333333333333,5.632024233762911,-1.524022798388878,0.9327237099934683,87.0,,87.0,36.7816091954023,1.0,0.0,1.8998826148071961,0.7599530459228785,False,0.0,9.327237099934683,3.0,LOW,🟢,Continue routine monitoring. No administrative action required at this time.,No significant deviation from normal demand patterns detected
Tamil Nadu,Villupuram,Tindivanam,Alagapuram Gp,Alagapuram,Tamil Nadu|Villupuram|Tindivanam|Alagapuram,2025,26,123.0,2025-06-23,MGNREGA (historical),119.0,122.0,123.0,3.361344537815126,0.819672131147541,0.0,1,119.75,3.593976442141279,124.375,5.804862493757158,126.75,6.121868401662088,126.75,6.121868401662088,-0.6125580874920269,0.9704142011834319,91.0,,91.0,35.16483516483517,1.0,0.0,1.1409373939208978,0.4563749575683591,False,13.445378151260504,9.70414201183432,8.4,LOW,🟢,Continue routine monitoring. No administrative action required at this time.,No significant deviation from normal demand patterns detected
Tamil Nadu,Villupuram,Tindivanam,Alagapuram Gp,Alagapuram,Tamil Nadu|Villupuram|Tindivanam|Alagapuram,2025,27,109.0,2025-06-30,MGNREGA (historical),123.0,119.0,115.0,-11.38211382113821,-8.403361344537815,-5.217391304347826,0,119.75,3.593976442141279,123.75,5.625198409199194,126.08333333333333,6.052172162024481,126.08333333333333,6.052172162024481,-2.822678019724223,0.8645076007931263,84.0,,84.0,29.761904761904763,1.0,0.0,12.557205344424569,5.022882137769828,False,0.0,8.645076007931262,4.1,LOW,🟢,Continue routine monitoring. No administrative action required at this time.,No significant deviation from normal demand patterns detected
Tamil Nadu,Villupuram,Tindivanam,Alagapuram Gp,Alagapuram,Tamil Nadu|Villupuram|Tindivanam|Alagapuram,2025,28,108.0,2025-07-07,MGNREGA (historical),109.0,123.0,122.0,-0.9174311926605505,-12.195121951219512,-11.475409836065573,0,118.25,6.396613687465148,121.25,7.186296483088987,123.83333333333333,6.978321409692059,123.83333333333333,6.978321409692059,-2.268931509996474,0.8721399730820997,87.0,,87.0,24.137931034482758,1.0,0.0,6.45616444631814,2.582465778527256,False,0.0,8.721399730820997,3.4,LOW,🟢,Continue routine monitoring. No administrative action required at this time.,No significant deviation from normal demand patterns detected
Tamil Nadu,Villupuram,Tindivanam,Alagapuram Gp,Alagapuram,Tamil Nadu|Villupuram|Tindivanam|Alagapuram,2025,29,105.0,2025-07-14,MGNREGA (historical),108.0,109.0,119.0,-2.7777777777777777,-3.669724770642202,-11.76470588235294,0,114.75,7.410578025138557,118.125,6.770471602058878,122.25,8.23655929930128,122.25,8.23655929930128,-2.0943211082646296,0.8588957055214724,83.0,,83.0,26.506024096385545,1.0,0.0,3.8383654388675907,1.5353461755470363,False,0.0,8.588957055214724,3.0,LOW,🟢,Continue routine monitoring. No administrative action required at this time.,No significant deviation from normal demand patterns detected
Tamil Nadu,Villupuram,Tindivanam,Alagapuram Gp,Alagapuram,Tamil Nadu|Villupuram|Tindivanam|Alagapuram,2025,30,109.0,2025-07-21,MGNREGA (historical),105.0,108.0,123.0,3.8095238095238098,0.9259259259259258,-11.38211382113821,1,111.25,8.015609770940685,115.5,7.329003050503234,120.0,8.984835709531403,120.0,8.984835709531403,-1.2242850460059995,0.9083333333333333,73.0,,73.0,49.31506849315068,1.0,0.0,4.575257281601126,1.8301029126404504,False,15.238095238095239,9.083333333333334,9.4,LOW,🟢,Continue routine monitoring. No administrative action required at this time.,No significant deviation from normal demand patterns detected
Tamil Nadu,Villupuram,Tindivanam,Alagapuram Gp,Alagapuram,Tamil Nadu|Villupuram|Tindivanam|Alagapuram,2025,31,98.0,2025-07-28,MGNREGA (historical),109.0,105.0,109.0,-10.091743119266056,-6.666666666666667,-10.091743119266056,0,107.75,1.8929694486000308,113.75,6.943650748294136,118.41666666666667,9.119991360974023,118.41666666666667,9.119991360974023,-2.238671711251068,0.8275862068965517,85.0,,85.0,15.294117647058824,1.0,0.0,6.534983521795115,2.6139934087180463,False,0.0,8.275862068965518,3.3,LOW,🟢,Continue routine monitoring. No administrative action required at this time.,No significant deviation from normal demand patterns detected
Tamil Nadu,Villupuram,Tindivanam,Alagapuram Gp,Alagapuram,Tamil Nadu|Villupuram|Tindivanam|Alagapuram,2025,32,98.0,2025-08-04,MGNREGA (historical),98.0,109.0,108.0,0.0,-10.091743119266056,-9.25925925925926,0,105.0,4.966554808583756,111.625,8.846912294289863,115.83333333333333,10.178706234392445,115.83333333333333,10.178706234392445,-1.7520235796841208,0.8460431654676259,84.0,,84.0,16.666666666666664,1.0,0.0,4.049825255774729,1.6199301023098915,False,0.0,8.46043165467626,3.0,LOW,🟢,Continue routine monitoring. No administrative action required at this time.,No significant deviation from normal demand patterns detected
Tamil Nadu,Villupuram,Tindivanam,Alagapuram Gp,Alagapuram,Tamil Nadu|Villupuram|Tindivanam|Alagapuram,2025,33,97.0,2025-08-11,MGNREGA (historical),98.0,98.0,105.0,-1.0204081632653061,-1.0204081632653061,-7.6190476190476195,0,102.5,5.4467115461227085,108.625,8.895223437328596,112.91666666666667,9.820741809912809,112.91666666666667,9.820741809912809,-1.6207193890995881,0.859040590405904,72.0,,72.0,34.72222222222222,1.0,0.0,2.3429873631196054,0.9371949452478422,False,0.0,8.59040590405904,2.9,LOW,🟢,Continue routine monitoring. No administrative action required at this time.,No significant deviation from normal demand patterns detected
Tamil Nadu,Villupuram,Tindivanam,Alagapuram Gp,Alagapuram,Tamil Nadu|Villupuram|Tindivanam|Alagapuram,2025,34,93.0,2025-08-18,MGNREGA (historical),97.0,98.0,109.0,-4.123711340206185,-5.1020408163265305,-14.678899082568808,0,100.5,5.686240703077306,105.875,8.626164517658717,110.5,9.876510241246905,110.5,9.876510241246905,-1.771880914669171,0.8416289592760181,71.0,,71.0,30.985915492957744,1.0,0.0,3.3727447562152832,1.3490979024861134,False,0.0,8.416289592760181,2.9,LOW,🟢,Continue routine monitoring. No administrative action required at this time.,No significant deviation from normal demand patterns detected
Tamil Nadu,Villupuram,Tindivanam,Alagapuram Gp,Alagapuram,Tamil Nadu|Villupuram|Tindivanam|Alagapuram,2025,35,88.0,2025-08-25,MGNREGA (historical),93.0,97.0,98.0,-5.376344086021505,-9.278350515463918,-10.204081632653061,0,96.5,2.3804761428475714,102.125,6.334429729659961,108.0,10.215852209367435,108.0,10.215852209367435,-1.9577417125965253,0.8148148148148148,73.0,,73.0,20.54794520547945,1.0,0.0,3.480880371617736,1.3923521486470944,False,0.0,8.148148148148147,2.9,LOW,🟢,Continue routine monitoring. No administrative action required at this time.,No significant deviation from normal demand patterns detected
Tamil Nadu,Villupuram,Tindivanam,Alagapuram Gp,Alagapuram,Tamil Nadu|Villupuram|Tindivanam|Alagapuram,2025,36,90.0,2025-09-01,MGNREGA (historical),88.0,93.0,98.0,2.272727272727273,-3.225806451612903,-8.16326530612245,1,94.0,4.546060565661929,99.5,7.348469228349531,105.75,11.43459662602935,105.75,11.43459662602935,-1.3773988287568626,0.851063829787234,72.0,,72.0,25.0,1.0,0.0,6.812141450501184,2.724856580200474,False,9.090909090909092,8.51063829787234,7.0,LOW,🟢,Continue routine monitoring. No administrative action required at this time.,No significant deviation from normal demand patterns detected
Tamil Nadu,Villupuram,Tindivanam,Alagapuram Gp,Alagapuram,Tamil Nadu|Villupuram|Tindivanam|Alagapuram,2025,37,93.0,2025-09-08,MGNREGA (historical),90.0,88.0,97.0,3.3333333333333335,5.681818181818182,-4.123711340206185,2,92.0,3.9157800414902173,97.25,7.126409634992523,103.08333333333333,11.024421925338366,103.08333333333333,11.024421925338366,-0.914636014624762,0.9021827000808408,73.0,,73.0,27.397260273972602,1.0,0.0,14.258721422620113,5.703488569048045,False,13.333333333333334,9.021827000808408,9.8,LOW,🟢,Continue routine monitoring. No administrative action required at this time.,No significant deviation from normal demand patterns detected
Tamil Nadu,Villupuram,Tindivanam,Alagapuram Gp,Alagapuram,Tamil Nadu|Villupuram|Tindivanam|Alagapuram,2025,38,83.0,2025-09-15,MGNREGA (historical),93.0,90.0,93.0,-10.75268817204301,-7.777777777777778,-10.75268817204301,0,91.0,2.4494897427831352,95.75,6.497252166438185,100.91666666666667,10.130586748988973,100.91666666666667,10.130586748988973,-1.7685714668456636,0.8224607762180016,78.0,,78.0,6.41025641025641,1.0,0.0,4.088607986095041,1.6354431944380163,False,0.0,8.224607762180016,3.0,LOW,🟢,Continue routine monitoring. No administrative action required at this time.,No significant deviation from normal demand patterns detected
Tamil Nadu,Villupuram,Tindivanam,Alagapuram Gp,Alagapuram,Tamil Nadu|Villupuram|Tindivanam|Alagapuram,2025,39,87.0,2025-09-22,MGNREGA (historical),83.0,93.0,88.0,4.819277108433735,-6.451612903225806,-1.1363636363636365,1,88.5,4.2031734043061375,92.5,5.3184315625675085,97.58333333333333,8.680786865605244,97.58333333333333,8.680786865605244,-1.2191675129435902,0.8915456874466269,68.0,,68.0,27.941176470588236,1.0,0.0,5.046976554418295,2.018790621767318,False,19.27710843373494,8.915456874466269,11.0,LOW,🟢,Continue routine monitoring. No administrative action required at this time.,No significant deviation from normal demand patterns detected
Tamil Nadu,Villupuram,Tindivanam,Alagapuram Gp,Alagapuram,Tamil Nadu|Villupuram|Tindivanam|Alagapuram,2025,40,84.0,2025-09-29,MGNREGA (historical),87.0,83.0,90.0,-3.4482758620689653,1.2048192771084338,-6.666666666666667,0,88.25,4.272001872658739,91.125,5.111262075065215,95.75,8.367958369443027,95.75,8.367958369443027,-1.4041656854923004,0.8772845953002611,66.0,,66.0,27.27272727272727,1.0,0.0,0.5948266572189409,0.23793066288757636,False,0.0,8.772845953002612,2.7,LOW,🟢,Continue routine monitoring. No administrative action required at this time.,No significant deviation from normal demand patterns detected
Tamil Nadu,Villupuram,Tindivanam,Alagapuram Gp,Alagapuram,Tamil Nadu|Villupuram|Tindivanam|Alagapuram,2025,41,93.0,2025-10-06,MGNREGA (historical),84.0,87.0,93.0,10.714285714285714,6.896551724137931,0.0,1,86.75,4.499999999999976,89.375,4.808846015417833,93.75,8.035432895506412,93.75,8.035432895506412,-0.09333660174293985,0.992,64.0,,64.0,45.3125,1.0,0.0,2.00403599231962,0.801614396927848,False,36.42857142857143,9.92,17.8,LOW,🟢,Continue routine monitoring. No administrative action required at this time.,Demand increased 11% in the latest week
Tamil Nadu,Villupuram,Tindivanam,Alagapuram Gp,Alagapuram,Tamil Nadu|Villupuram|Tindivanam|Alagapuram,2025,42,82.0,2025-10-13,MGNREGA (historical),93.0,84.0,83.0,-11.827956989247312,-2.380952380952381,-1.2048192771084338,0,86.75,4.499999999999976,88.875,4.051013982414064,92.75,7.21267823160941,92.75,7.21267823160941,-1.4904311068374507,0.8840970350404312,67.0,,67.0,22.388059701492537,1.0,0.0,5.935095861831187,2.374038344732475,False,0.0,8.840970350404312,3.4,LOW,🟢,Continue routine monitoring. No administrative action required at this time.,No significant deviation from normal demand patterns detected
Tamil Nadu,Villupuram,Tindivanam,Alagapuram Gp,Alagapuram,Tamil Nadu|Villupuram|Tindivanam|Alagapuram,2025,43,87.0,2025-10-20,MGNREGA (historical),82.0,93.0,87.0,6.097560975609756,-6.451612903225806,0.0,1,86.5,4.795831523312697,87.5,4.309458036856671,90.5,5.744562646538504,90.5,5.744562646538504,-0.609271795844892,0.9613259668508287,72.0,,72.0,20.833333333333336,1.0,0.0,0.7975711735495766,0.31902846941983065,False,23.29268292682927,9.613259668508288,12.3,LOW,🟢,Continue routine monitoring. No administrative action required at this time.,Demand increased 6% in the latest week
Tamil Nadu,Villupuram,Tindivanam,Alagapuram Gp,Alagapuram,Tamil Nadu|Villupuram|Tindivanam|Alagapuram,2025,44,93.0,2025-10-27,MGNREGA (historical),87.0,82.0,84.0,6.896551724137931,13.414634146341465,10.714285714285714,2,86.5,4.795831523312697,87.375,4.307385683749646,89.58333333333333,5.299371031862082,89.58333333333333,5.299371031862082,0.6447306003154359,1.038139534883721,82.0,,82.0,13.414634146341465,1.0,12.89461200630872,8.959232212786572,11.32046008889986,False,25.689655172413794,14.767441860465128,18.1,LOW,🟢,Continue routine monitoring. No administrative action required at this time.,Demand increased 7% in the latest week
Tamil Nadu,Villupuram,Tindivanam,Alagapuram Gp,Alagapuram,Tamil Nadu|Villupuram|Tindivanam|Alagapuram,2025,45,101.0,2025-11-03,MGNREGA (historical),93.0,87.0,93.0,8.60215053763441,16.091954022988507,8.60215053763441,3,88.75,5.315072906367305,87.75,4.682795258023931,89.16666666666667,4.745013331399318,89.16666666666667,4.745013331399318,2.493846172154725,1.1327102803738318,73.0,,73.0,38.35616438356164,1.0,49.8769234430945,22.537295551537316,38.94107228647162,False,30.80645161290323,26.58878504672898,32.0,LOW,🟢,Continue routine monitoring. No administrative action required at this time.,Demand increased 9% in the latest week · Current demand is 13% above its historical baseline · Current demand is 2.5 standard deviations above baseline · Momentum has increased for 3 consecutive weeks
Tamil Nadu,Villupuram,Tindivanam,Alagapuram Gp,Alagapuram,Tamil Nadu|Villupuram|Tindivanam|Alagapuram,2025,46,96.0,2025-11-10,MGNREGA (historical),101.0,93.0,82.0,-4.9504950495049505,3.225806451612903,17.073170731707318,0,90.75,8.180260794538672,88.75,6.475227519444503,89.5,5.435573065046611,89.5,5.435573065046611,1.195826074310025,1.0726256983240223,78.0,,78.0,23.076923076923077,1.0,23.9165214862005,8.189849168170605,17.625852558988544,False,0.0,19.07821229050279,11.0,LOW,🟢,Continue routine monitoring. No administrative action required at this time.,No significant deviation from normal demand patterns detected
Tamil Nadu,Villupuram,Tindivanam,Alagapuram Gp,Alagapuram,Tamil Nadu|Villupuram|Tindivanam|Alagapuram,2025,47,97.0,2025-11-17,MGNREGA (historical),96.0,101.0,87.0,1.0416666666666665,-3.9603960396039604,11.494252873563218,1,94.25,5.852349955359793,90.375,6.457277179386723,89.75,5.674904885066451,89.75,5.674904885066451,1.277554451895471,1.0807799442896935,80.0,,80.0,21.25,1.0,25.55108903790942,3.2557670202199436,16.63296023083363,False,4.166666666666666,20.097493036211688,12.7,LOW,🟢,Continue routine monitoring. No administrative action required at this time.,No significant deviation from normal demand patterns detected
Tamil Nadu,Villupuram,Tindivanam,Alagapuram Gp,Alagapuram,Tamil Nadu|Villupuram|Tindivanam|Alagapuram,2025,48,111.0,2025-11-24,MGNREGA (historical),97.0,96.0,93.0,14.432989690721648,15.625,19.35483870967742,2,96.75,3.304037933599799,91.625,6.674846172652326,90.5,6.007570980930191,90.5,6.007570980930191,3.412360846850261,1.2265193370165746,88.0,,88.0,26.136363636363637,1.0,68.24721693700522,31.272823259017457,53.45745946581011,False,43.865979381443296,37.209944751381215,44.7,MODERATE,🟡,Increase monitoring frequency. Review recent employment demand trends for this village.,Demand increased 14% in the latest week · Current demand is 23% above its historical baseline · Current demand is 3.4 standard deviations above baseline
Tamil Nadu,Villupuram,Tindivanam,Alagapuram Gp,Alagapuram,Tamil Nadu|Villupuram|Tindivanam|Alagapuram,2025,49,100.0,2025-12-01,MGNREGA (historical),111.0,97.0,101.0,-9.90990990990991,3.0927835051546393,-0.9900990099009901,0,101.25,6.849574196011488,95.0,8.76682056718072,92.25,8.42210295483398,92.25,8.42210295483398,0.9201977275226472,1.084010840108401,97.0,,97.0,3.0927835051546393,1.0,18.403954550452944,7.3339212938682845,13.975941247819081,False,0.0,20.501355013550125,10.3,LOW,🟢,Continue routine monitoring. No administrative action required at this time.,No significant deviation from normal demand patterns detected
Tamil Nadu,Villupuram,Tindivanam,Alagapuram Gp,Alagapuram,Tamil Nadu|Villupuram|Tindivanam|Alagapuram,2025,50,100.0,2025-12-08,MGNREGA (historical),100.0,111.0,96.0,0.0,-9.90990990990991,4.166666666666666,0,101.0,6.879922480183414,95.875,8.88718981777383,92.83333333333333,8.716059715817801,92.83333333333333,8.716059715817801,0.8222369855567523,1.0771992818671454,86.0,,86.0,16.27906976744186,1.0,16.444739711135046,0.9734031975415817,10.25620510569766,False,0.0,19.64991023339318,9.0,LOW,🟢,Continue routine monitoring. No administrative action required at this time.,No significant deviation from normal demand patterns detected
Tamil Nadu,Villupuram,Tindivanam,Alagapuram Gp,Alagapuram,Tamil Nadu|Villupuram|Tindivanam|Alagapuram,2025,51,116.0,2025-12-15,MGNREGA (historical),100.0,100.0,97.0,16.0,16.0,19.587628865979383,1,102.0,6.1644140029689565,98.125,6.937218462755803,94.25,8.346202184772158,94.25,8.346202184772158,2.605975690318572,1.2307692307692308,89.0,,89.0,30.337078651685395,1.0,52.119513806371444,19.649424342710663,39.13147802090713,False,47.0,37.56410256410257,41.8,MODERATE,🟡,Increase monitoring frequency. Review recent employment demand trends for this village.,Demand increased 16% in the latest week · Current demand is 23% above its historical baseline · Current demand is 2.6 standard deviations above baseline
Tamil Nadu,Villupuram,Tindivanam,Alagapuram Gp,Alagapuram,Tamil Nadu|Villupuram|Tindivanam|Alagapuram,2025,52,115.0,2025-12-22,MGNREGA (historical),116.0,100.0,111.0,-0.8620689655172413,15.0,3.6036036036036037,0,106.75,8.057087976847862,101.75,7.814821083775915,96.66666666666667,10.075472768816141,96.66666666666667,10.075472768816141,1.8196003060100057,1.1896551724137931,100.0,,100.0,15.0,1.0,36.392006120200115,13.145707084151631,27.093486505780724,False,0.0,33.70689655172415,18.2,LOW,🟢,Continue routine monitoring. No administrative action required at this time.,Current demand is 19% above its historical baseline · Current demand is 1.8 standard deviations above baseline
Tamil Nadu,Villupuram,Tindivanam,Thenmalai Gp,Thenmalai,Tamil Nadu|Villupuram|Tindivanam|Thenmalai,2024,1,126.0,2024-01-01,MGNREGA (historical),,,,,,,0,,,,,,,,,0.0,1.0,,,,,1.0,0.0,0.0,0.0,False,0.0,10.0,3.0,LOW,🟢,Continue routine monitoring. No administrative action required at this time.,No significant deviation from normal demand patterns detected
Tamil Nadu,Villupuram,Tindivanam,Thenmalai Gp,Thenmalai,Tamil Nadu|Villupuram|Tindivanam|Thenmalai,2024,2,128.0,2024-01-08,MGNREGA (historical),126.0,,,1.5873015873015872,,,1,,,,,,,,,0.0,1.0,,,,,1.0,0.0,0.0,0.0,False,6.349206349206349,10.0,5.5,LOW,🟢,Continue routine monitoring. No administrative action required at this time.,No significant deviation from normal demand patterns detected
Tamil Nadu,Villupuram,Tindivanam,Thenmalai Gp,Thenmalai,Tamil Nadu|Villupuram|Tindivanam|Thenmalai,2024,3,139.0,2024-01-15,MGNREGA (historical),128.0,126.0,,8.59375,10.317460317460316,,2,,,,,,,,,0.0,1.0,,,,,1.0,0.0,0.0,0.0,False,30.78125,10.0,15.3,LOW,🟢,Continue routine monitoring. No administrative action required at this time.,Demand increased 9% in the latest week
Tamil Nadu,Villupuram,Tindivanam,Thenmalai Gp,Thenmalai,Tamil Nadu|Villupuram|Tindivanam|Thenmalai,2024,4,134.0,2024-01-22,MGNREGA (historical),139.0,128.0,,-3.597122302158273,4.6875,,0,131.0,7.0,,,,,131.0,7.0,0.42857142857142855,1.0229007633587786,,,,,1.0,8.571428571428571,0.0,5.142857142857142,False,0.0,12.86259541984732,5.4,LOW,🟢,Continue routine monitoring. No administrative action required at this time.,No significant deviation from normal demand patterns detected
Tamil Nadu,Villupuram,Tindivanam,Thenmalai Gp,Thenmalai,Tamil Nadu|Villupuram|Tindivanam|Thenmalai,2024,5,148.0,2024-01-29,MGNREGA (historical),134.0,139.0,126.0,10.44776119402985,6.474820143884892,17.46031746031746,1,131.75,5.909032633745278,131.75,5.909032633745278,,,131.75,5.909032633745278,2.750027120716777,1.1233396584440227,,,,,1.0,55.00054241433554,16.565550829867213,39.62654578054821,False,35.8955223880597,25.417457305502843,33.9,LOW,🟢,Continue routine monitoring. No administrative action required at this time.,Demand increased 10% in the latest week · Current demand is 12% above its historical baseline · Current demand is 2.8 standard deviations above baseline
Tamil Nadu,Villupuram,Tindivanam,Thenmalai Gp,Thenmalai,Tamil Nadu|Villupuram|Tindivanam|Thenmalai,2024,6,135.0,2024-02-05,MGNREGA (historical),148.0,134.0,128.0,-8.783783783783784,0.7462686567164178,5.46875,0,137.25,8.46069343099804,135.0,8.888194417315589,,,135.0,8.888194417315589,0.0,1.0,,,,,1.0,0.0,2.3144329917724007,0.9257731967089603,False,0.0,10.0,3.3,LOW,🟢,Continue routine monitoring. No administrative action required at this time.,No significant deviation from normal demand patterns detected
Tamil Nadu,Villupuram,Tindivanam,Thenmalai Gp,Thenmalai,Tamil Nadu|Villupuram|Tindivanam|Thenmalai,2024,7,160.0,2024-02-12,MGNREGA (historical),135.0,148.0,139.0,18.51851851851852,8.108108108108109,15.107913669064748,1,139.0,6.377042156569666,135.0,7.9498427657407165,135.0,7.9498427657407165,135.0,7.9498427657407165,3.1447162839164227,1.1851851851851851,,,,,1.0,62.89432567832846,24.955544980900417,47.718813399357245,False,52.03703703703704,33.148148148148145,45.1,MODERATE,🟡,Increase monitoring frequency. Review recent employment demand trends for this village.,Demand increased 19% in the latest week · Current demand is 19% above its historical baseline · Current demand is 3.1 standard deviations above baseline
Tamil Nadu,Villupuram,Tindivanam,Thenmalai Gp,Thenmalai,Tamil Nadu|Villupuram|Tindivanam|Thenmalai,2024,8,158.0,2024-02-19,MGNREGA (historical),160.0,135.0,134.0,-1.25,17.037037037037038,17.91044776119403,0,144.25,12.284814474246923,138.57142857142858,11.91437706942251,138.57142857142858,11.91437706942251,138.57142857142858,11.91437706942251,1.6306829400618523,1.1402061855670103,,,,,1.0,32.613658801237044,11.826581731185168,24.298827973216294,False,0.0,27.525773195876287,15.5,LOW,🟢,Continue routine monitoring. No administrative action required at this time.,Current demand is 14% above its historical baseline · Current demand is 1.6 standard deviations above baseline
Tamil Nadu,Villupuram,Tindivanam,Thenmalai Gp,Thenmalai,Tamil Nadu|Villupuram|Tindivanam|Thenmalai,2024,9,159.0,2024-02-26,MGNREGA (historical),158.0,160.0,148.0,0.6329113924050633,-0.625,7.4324324324324325,1,150.25,11.441882129556603,141.0,12.994504332876373,141.0,12.994504332876373,141.0,12.994504332876373,1.3852009694944358,1.127659574468085,,,,,1.0,27.704019389888717,4.048605511127853,18.24185383838437,False,2.5316455696202533,25.95744680851064,14.3,LOW,🟢,Continue routine monitoring. No administrative action required at this time.,Current demand is 13% above its historical baseline
Tamil Nadu,Villupuram,Tindivanam,Thenmalai Gp,Thenmalai,Tamil Nadu|Villupuram|Tindivanam|Thenmalai,2024,10,166.0,2024-03-04,MGNREGA (historical),159.0,158.0,135.0,4.40251572327044,5.063291139240507,22.962962962962962,2,153.0,12.027745701779146,145.125,12.788806489605328,143.0,13.555441711725956,143.0,13.555441711725956,1.6967355611956305,1.1608391608391608,,,,,1.0,33.934711223912615,14.782540787457993,26.273843049330765,False,17.61006289308176,30.10489510489511,24.0,LOW,🟢,Continue routine monitoring. No administrative action required at this time.,Current demand is 16% above its historical baseline · Current demand is 1.7 standard deviations above baseline
Tamil Nadu,Villupuram,Tindivanam,Thenmalai Gp,Thenmalai,Tamil Nadu|Villupuram|Tindivanam|Thenmalai,2024,11,173.0,2024-03-11,MGNREGA (historical),166.0,159.0,160.0,4.216867469879518,8.80503144654088,8.125,3,160.75,3.5939764421413147,149.875,12.574776339959286,145.3,14.704874475266127,145.3,14.704874475266127,1.8837291026585712,1.1906400550584995,,,,,1.0,37.67458205317142,17.422720585399173,29.57383746606252,False,16.867469879518072,33.83000688231244,25.8,LOW,🟢,Continue routine monitoring. No administrative action required at this time.,Current demand is 19% above its historical baseline · Current demand is 1.9 standard deviations above baseline · Momentum has increased for 3 consecutive weeks
Tamil Nadu,Villupuram,Tindivanam,Thenmalai Gp,Thenmalai,Tamil Nadu|Villupuram|Tindivanam|Thenmalai,2024,12,169.0,2024-03-18,MGNREGA (historical),173.0,166.0,158.0,-2.312138728323699,1.8072289156626504,6.962025316455696,0,164.0,6.976149845485455,154.125,14.035032698826987,147.8181818181818,16.259263094114573,147.8181818181818,16.259263094114573,1.302753886151547,1.1432964329643296,,,,,1.0,26.05507772303094,6.002262490773777,18.033951630128076,False,0.0,27.912054120541203,13.8,LOW,🟢,Continue routine monitoring. No administrative action required at this time.,Current demand is 14% above its historical baseline
Tamil Nadu,Villupuram,Tindivanam,Thenmalai Gp,Thenmalai,Tamil Nadu|Villupuram|Tindivanam|Thenmalai,2024,13,148.0,2024-03-25,MGNREGA (historical),169.0,173.0,159.0,-12.42603550295858,-14.450867052023122,-6.918238993710692,0,166.75,5.909032633745285,158.5,12.200702555883524,149.58333333333334,16.664924151333445,149.58333333333334,16.664924151333445,-0.09500993337594353,0.9894150417827298,,,,,1.0,0.0,5.51448492265861,2.205793969063444,False,0.0,9.894150417827298,3.6,LOW,🟢,Continue routine monitoring. No administrative action required at this time.,No significant deviation from normal demand patterns detected
Tamil Nadu,Villupuram,Tindivanam,Thenmalai Gp,Thenmalai,Tamil Nadu|Villupuram|Tindivanam|Thenmalai,2024,14,153.0,2024-04-01,MGNREGA (historical),148.0,169.0,166.0,3.3783783783783785,-9.467455621301776,-7.83132530120482,1,164.0,11.045361017187266,158.5,12.200702555883524,151.41666666666666,14.957262348762113,151.41666666666666,14.957262348762113,0.10585716131831986,1.0104567969179967,,,,,1.0,2.117143226366397,1.8700793879313629,2.0183176909923835,False,13.513513513513514,11.30709961474959,9.4,LOW,🟢,Continue routine monitoring. No administrative action required at this time.,No significant deviation from normal demand patterns detected
Tamil Nadu,Villupuram,Tindivanam,Thenmalai Gp,Thenmalai,Tamil Nadu|Villupuram|Tindivanam|Thenmalai,2024,15,157.0,2024-04-08,MGNREGA (historical),153.0,148.0,173.0,2.6143790849673203,6.081081081081082,-9.248554913294797,2,160.75,12.120918557051146,160.75,8.276472678623419,153.5,13.013978498661968,153.5,13.013978498661968,0.2689415846476043,1.022801302931596,,,,,1.0,5.378831692952087,11.097351488054054,7.666239610992873,False,10.457516339869281,12.850162866449512,10.3,LOW,🟢,Continue routine monitoring. No administrative action required at this time.,No significant deviation from normal demand patterns detected
Tamil Nadu,Villupuram,Tindivanam,Thenmalai Gp,Thenmalai,Tamil Nadu|Villupuram|Tindivanam|Thenmalai,2024,16,162.0,2024-04-15,MGNREGA (historical),157.0,153.0,169.0,3.1847133757961785,5.88235294117647,-4.142011834319527,3,156.75,8.958236433584466,160.375,8.382592507265102,155.0,12.202831266107491,155.0,12.202831266107491,0.5736373672101825,1.0451612903225806,,,,,1.0,11.472747344203652,21.629906381052223,15.53561095894308,False,12.738853503184714,15.645161290322584,14.4,LOW,🟢,Continue routine monitoring. No administrative action required at this time.,Momentum has increased for 3 consecutive weeks
Tamil Nadu,Villupuram,Tindivanam,Thenmalai Gp,Thenmalai,Tamil Nadu|Villupuram|Tindivanam|Thenmalai,2024,17,164.0,2024-04-22,MGNREGA (historical),162.0,157.0,148.0,1.2345679012345678,4.45859872611465,10.81081081081081,4,155.0,5.944184833375677,160.875,8.339878382121128,157.33333333333334,10.360180178613353,157.33333333333334,10.360180178613353,0.643489452087787,1.042372881355932,,,,,1.0,12.86978904175574,33.0688608712663,20.949417773559965,False,4.938271604938271,15.296610169491512,12.8,LOW,🟢,Continue routine monitoring. No administrative action required at this time.,Momentum has increased for 4 consecutive weeks
Tamil Nadu,Villupuram,Tindivanam,Thenmalai Gp,Thenmalai,Tamil Nadu|Villupuram|Tindivanam|Thenmalai,2024,18,153.0,2024-04-29,MGNREGA (historical),164.0,162.0,153.0,-6.707317073170732,-5.555555555555555,0.0,0,159.0,4.966554808583786,161.5,8.36660026534075,158.66666666666666,10.075472768815922,158.66666666666666,10.075472768815922,-0.5624219127667404,0.9642857142857143,,,,,1.0,0.0,0.9679158223044487,0.3871663289217795,False,0.0,9.642857142857142,3.0,LOW,🟢,Continue routine monitoring. No administrative action required at this time.,No significant deviation from normal demand patterns detected
Tamil Nadu,Villupuram,Tindivanam,Thenmalai Gp,Thenmalai,Tamil Nadu|Villupuram|Tindivanam|Thenmalai,2024,19,158.0,2024-05-06,MGNREGA (historical),153.0,164.0,157.0,3.2679738562091507,-3.6585365853658534,0.6369426751592357,1,159.0,4.966554808583786,159.875,8.626164517658713,160.16666666666666,7.145670441645462,160.16666666666666,7.145670441645462,-0.30321390894816164,0.9864724245577524,,,,,1.0,0.0,0.888976103565828,0.3555904414263312,False,13.071895424836603,9.864724245577523,8.3,LOW,🟢,Continue routine monitoring. No administrative action required at this time.,No significant deviation from normal demand patterns detected
Tamil Nadu,Villupuram,Tindivanam,Thenmalai Gp,Thenmalai,Tamil Nadu|Villupuram|Tindivanam|Thenmalai,2024,20,148.0,2024-05-13,MGNREGA (historical),158.0,153.0,162.0,-6.329113924050633,-3.2679738562091507,-8.641975308641975,0,159.25,4.856267428111161,158.0,6.803360514166083,160.0,7.173182379846832,160.0,7.173182379846832,-1.6728976574907934,0.925,,,,,1.0,0.0,2.715167728775523,1.0860670915102093,False,0.0,9.25,3.1,LOW,🟢,Continue routine monitoring. No administrative action required at this time.,No significant deviation from normal demand patterns detected
Tamil Nadu,Villupuram,Tindivanam,Thenmalai Gp,Thenmalai,Tamil Nadu|Villupuram|Tindivanam|Thenmalai,2024,21,147.0,2024-05-20,MGNREGA (historical),148.0,158.0,164.0,-0.6756756756756757,-6.962025316455696,-10.365853658536585,0,155.75,6.8495741960115115,155.375,5.9506902360746485,159.16666666666666,7.963933853582794,159.16666666666666,7.963933853582794,-1.5277207081765438,0.9235602094240838,,,,,1.0,0.0,2.6882152522383373,1.075286100895335,False,0.0,9.235602094240837,3.1,LOW,🟢,Continue routine monitoring. No administrative action required at this time.,No significant deviation from normal demand patterns detected
Tamil Nadu,Villupuram,Tindivanam,Thenmalai Gp,Thenmalai,Tamil Nadu|Villupuram|Tindivanam|Thenmalai,2024,22,137.0,2024-05-27,MGNREGA (historical),147.0,148.0,153.0,-6.802721088435375,-7.4324324324324325,-10.457516339869281,0,151.5,5.06622805119023,155.25,6.135377506140679,158.16666666666666,8.705623400301583,158.16666666666666,8.705623400301583,-2.431378626593633,0.8661749209694416,,,,,1.0,0.0,5.9244994225478,2.3697997690191204,False,0.0,8.661749209694417,3.3,LOW,🟢,Continue routine monitoring. No administrative action required at this time.,No significant deviation from normal demand patterns detected
Tamil Nadu,Villupuram,Tindivanam,Thenmalai Gp,Thenmalai,Tamil Nadu|Villupuram|Tindivanam|Thenmalai,2024,23,138.0,2024-06-03,MGNREGA (historical),137.0,147.0,158.0,0.7299270072992701,-6.122448979591836,-12.658227848101266,1,147.5,8.582928793055826,153.25,8.940278039779933,155.75,10.225858488077252,155.75,10.225858488077252,-1.7357955833923824,0.8860353130016051,,,,,1.0,0.0,10.160257110166276,4.06410284406651,False,2.9197080291970803,8.860353130016051,5.0,LOW,🟢,Continue routine monitoring. No administrative action required at this time.,No significant deviation from normal demand patterns detected
Tamil Nadu,Villupuram,Tindivanam,Thenmalai Gp,Thenmalai,Tamil Nadu|Villupuram|Tindivanam|Thenmalai,2024,24,131.0,2024-06-10,MGNREGA (historical),138.0,137.0,148.0,-5.072463768115942,-4.37956204379562,-11.486486486486488,0,142.5,5.80229839517641,150.875,10.232127274981899,152.83333333333334,9.842702265068658,152.83333333333334,9.842702265068658,-2.21822551829277,0.8571428571428571,,,,,1.0,0.0,3.969041837168334,1.5876167348673338,False,0.0,8.571428571428571,3.0,LOW,🟢,Continue routine monitoring. No administrative action required at this time.,No significant deviation from normal demand patterns detected
Tamil Nadu,Villupuram,Tindivanam,Thenmalai Gp,Thenmalai,Tamil Nadu|Villupuram|Tindivanam|Thenmalai,2024,25,130.0,2024-06-17,MGNREGA (historical),131.0,138.0,147.0,-0.7633587786259541,-5.797101449275362,-11.564625850340136,0,138.25,6.6017674401127895,147.0,11.237691679598358,149.66666666666666,10.272056829824853,149.66666666666666,10.272056829824853,-1.9145792310615546,0.8685968819599109,,,,,1.0,0.0,3.692297635385374,1.4769190541541497,False,0.0,8.68596881959911,3.0,LOW,🟢,Continue routine monitoring. No administrative action required at this time.,No significant deviation from normal demand patterns detected
Tamil Nadu,Villupuram,Tindivanam,Thenmalai Gp,Thenmalai,Tamil Nadu|Villupuram|Tindivanam|Thenmalai,2024,26,142.0,2024-06-24,MGNREGA (historical),130.0,131.0,137.0,9.230769230769232,8.396946564885496,3.64963503649635,1,134.0,4.082482904638639,142.75,10.27827111643087,148.16666666666666,11.746050271035662,148.16666666666666,11.746050271035662,-0.5249991720087314,0.9583802024746907,,,,,1.0,0.0,1.6656547678428082,0.6662619071371233,False,32.69230769230769,9.583802024746907,16.2,LOW,🟢,Continue routine monitoring. No administrative action required at this time.,Demand increased 9% in the latest week
Tamil Nadu,Villupuram,Tindivanam,Thenmalai Gp,Thenmalai,Tamil Nadu|Villupuram|Tindivanam|Thenmalai,2024,27,123.0,2024-07-01,MGNREGA (historical),142.0,130.0,138.0,-13.380281690140844,-5.384615384615385,-10.869565217391305,0,135.25,5.737304826019509,141.375,9.410290719662775,147.25,11.763773358763915,147.25,11.763773358763915,-2.0614133969126454,0.8353140916808149,,,,,1.0,0.0,6.367850471139293,2.5471401884557174,False,0.0,8.35314091680815,3.3,LOW,🟢,Continue routine monitoring. No administrative action required at this time.,No significant deviation from normal demand patterns detected
Tamil Nadu,Villupuram,Tindivanam,Thenmalai Gp,Thenmalai,Tamil Nadu|Villupuram|Tindivanam|Thenmalai,2024,28,147.0,2024-07-08,MGNREGA (historical),123.0,142.0,131.0,19.51219512195122,3.5211267605633805,12.213740458015266,1,131.5,7.852812659593171,137.0,8.684962373468945,144.41666666666666,13.207837434529921,144.41666666666666,13.207837434529921,0.19559093955681217,1.0178880553952685,,,,,1.0,3.9118187911362434,10.483529777946488,6.5405031858603415,False,54.02439024390244,12.236006924408564,27.2,LOW,🟢,Continue routine monitoring. No administrative action required at this time.,Demand increased 20% in the latest week
Tamil Nadu,Villupuram,Tindivanam,Thenmalai Gp,Thenmalai,Tamil Nadu|Villupuram|Tindivanam|Thenmalai,2024,29,126.0,2024-07-15,MGNREGA (historical),147.0,123.0,130.0,-14.285714285714285,2.4390243902439024,-3.076923076923077,0,135.5,10.969655114602896,136.875,8.509448530058465,143.16666666666666,12.05165649371175,143.16666666666666,12.05165649371175,-1.4244238271829097,0.880093131548312,,,,,1.0,0.0,6.9408972104213245,2.77635888416853,False,0.0,8.80093131548312,3.5,LOW,🟢,Continue routine monitoring. No administrative action required at this time.,No significant deviation from normal demand patterns detected
Tamil Nadu,Villupuram,Tindivanam,Thenmalai Gp,Thenmalai,Tamil Nadu|Villupuram|Tindivanam|Thenmalai,2024,30,120.0,2024-07-22,MGNREGA (historical),126.0,147.0,142.0,-4.761904761904762,-18.367346938775512,-15.492957746478872,0,134.5,11.789826122551602,134.25,8.172252705693467,140.0,11.028887688083707,140.0,11.028887688083707,-1.8134195002828108,0.8571428571428571,,,,,1.0,0.0,2.392554309223439,0.9570217236893757,False,0.0,8.571428571428571,2.9,LOW,🟢,Continue routine monitoring. No administrative action required at this time.,No significant deviation from normal demand patterns detected
Tamil Nadu,Villupuram,Tindivanam,Thenmalai Gp,Thenmalai,Tamil Nadu|Villupuram|Tindivanam|Thenmalai,2024,31,108.0,2024-07-29,MGNREGA (historical),120.0,126.0,123.0,-10.0,-14.285714285714285,-12.195121951219512,0,129.0,12.247448713915897,132.125,9.463274878633259,137.25,11.592513257976663,137.25,11.592513257976663,-2.5231802068350833,0.7868852459016393,,,,,1.0,0.0,9.765774199401317,3.9063096797605272,False,0.0,7.868852459016393,3.5,LOW,🟢,Continue routine monitoring. No administrative action required at this time.,No significant deviation from normal demand patterns detected
Tamil Nadu,Villupuram,Tindivanam,Thenmalai Gp,Thenmalai,Tamil Nadu|Villupuram|Tindivanam|Thenmalai,2024,32,117.0,2024-08-05,MGNREGA (historical),108.0,120.0,147.0,8.333333333333332,-2.5,-20.408163265306122,1,125.25,16.317168872080725,128.375,12.316510405607119,133.08333333333334,12.41303078757702,133.08333333333334,12.41303078757702,-1.2956814180650842,0.8791484032561051,,,,,1.0,0.0,12.949559884036649,5.17982395361466,False,29.999999999999996,8.791484032561051,16.2,LOW,🟢,Continue routine monitoring. No administrative action required at this time.,Demand increased 8% in the latest week
Tamil Nadu,Villupuram,Tindivanam,Thenmalai Gp,Thenmalai,Tamil Nadu|Villupuram|Tindivanam|Thenmalai,2024,33,104.0,2024-08-12,MGNREGA (historical),117.0,108.0,126.0,-11.11111111111111,-3.7037037037037033,-17.46031746031746,0,117.75,7.50000000000001,126.625,12.872312479559701,130.5,12.251159499855966,130.5,12.251159499855966,-2.1630605658437108,0.7969348659003831,,,,,1.0,0.0,8.951870552968398,3.5807482211873594,False,0.0,7.969348659003831,3.5,LOW,🟢,Continue routine monitoring. No administrative action required at this time.,No significant deviation from normal demand patterns detected
Tamil Nadu,Villupuram,Tindivanam,Thenmalai Gp,Thenmalai,Tamil Nadu|Villupuram|Tindivanam|Thenmalai,2024,34,107.0,2024-08-19,MGNREGA (historical),104.0,117.0,120.0,2.8846153846153846,-8.547008547008547,-10.833333333333334,1,112.25,7.50000000000001,123.375,15.004166088123654,126.91666666666667,13.235340661435382,126.91666666666667,13.235340661435382,-1.5048095229387692,0.8430728824688115,,,,,1.0,0.0,9.93715627205782,3.974862508823128,False,11.538461538461538,8.430728824688115,8.3,LOW,🟢,Continue routine monitoring. No administrative action required at this time.,No significant deviation from normal demand patterns detected
Tamil Nadu,Villupuram,Tindivanam,Thenmalai Gp,Thenmalai,Tamil Nadu|Villupuram|Tindivanam|Thenmalai,2024,35,123.0,2024-08-26,MGNREGA (historical),107.0,104.0,108.0,14.953271028037381,18.269230769230766,13.88888888888889,2,109.0,5.597618541248903,119.0,13.856406460551012,124.41666666666667,13.970477530286683,124.41666666666667,13.970477530286683,-0.10140431231469871,0.9886135298057602,,,,,1.0,0.0,14.942183701620785,5.976873480648314,False,44.90654205607476,9.886135298057603,22.7,LOW,🟢,Continue routine monitoring. No administrative action required at this time.,Demand increased 15% in the latest week
Tamil Nadu,Villupuram,Tindivanam,Thenmalai Gp,Thenmalai,Tamil Nadu|Villupuram|Tindivanam|Thenmalai,2024,36,100.0,2024-09-02,MGNREGA (historical),123.0,107.0,117.0,-18.69918699186992,-6.5420560747663545,-14.529914529914532,0,112.75,8.808140174482551,119.0,13.856406460551012,123.16666666666667,13.299578485004353,123.16666666666667,13.299578485004353,-1.741909842690709,0.8119079837618403,,,,,1.0,0.0,11.960931669913537,4.784372667965415,False,0.0,8.119079837618402,3.9,LOW,🟢,Continue routine monitoring. No administrative action required at this time.,No significant deviation from normal demand patterns detected
Tamil Nadu,Villupuram,Tindivanam,Thenmalai Gp,Thenmalai,Tamil Nadu|Villupuram|Tindivanam|Thenmalai,2024,37,109.0,2024-09-09,MGNREGA (historical),100.0,123.0,104.0,9.0,-11.38211382113821,4.807692307692308,1,108.5,10.082988974836123,113.125,9.598176910226226,120.58333333333333,14.58802954687881,120.58333333333333,14.58802954687881,-0.7940300159188838,0.9039391845196959,,,,,1.0,0.0,4.154369130760075,1.66174765230403,False,32.0,9.03939184519696,16.0,LOW,🟢,Continue routine monitoring. No administrative action required at this time.,Demand increased 9% in the latest week
Tamil Nadu,Villupuram,Tindivanam,Thenmalai Gp,Thenmalai,Tamil Nadu|Villupuram|Tindivanam|Thenmalai,2024,38,93.0,2024-09-16,MGNREGA (historical),109.0,100.0,107.0,-14.678899082568808,-7.000000000000001,-13.084112149532709,0,109.75,9.639329160614176,111.0,8.106434833777767,118.83333333333333,14.615268064803463,118.83333333333333,14.615268064803463,-1.767557955063804,0.782608695652174,,,,,1.0,0.0,8.666900685136772,3.466760274054709,False,0.0,7.826086956521739,3.4,LOW,🟢,Continue routine monitoring. No administrative action required at this time.,No significant deviation from normal demand patterns detected
Tamil Nadu,Villupuram,Tindivanam,Thenmalai Gp,Thenmalai,Tamil Nadu|Villupuram|Tindivanam|Thenmalai,2024,39,97.0,2024-09-23,MGNREGA (historical),93.0,109.0,123.0,4.301075268817205,-11.009174311926607,-21.138211382113823,1,106.25,12.945398152754263,107.625,9.34936972665613,114.75,14.397758663953859,114.75,14.397758663953859,-1.2328307769485534,0.8453159041394336,,,,,1.0,0.0,13.84925794693218,5.539703178772872,False,17.20430107526882,8.453159041394336,11.1,LOW,🟢,Continue routine monitoring. No administrative action required at this time.,No significant deviation from normal demand patterns detected
Tamil Nadu,Villupuram,Tindivanam,Thenmalai Gp,Thenmalai,Tamil Nadu|Villupuram|Tindivanam|Thenmalai,2024,40,111.0,2024-09-30,MGNREGA (historical),97.0,93.0,100.0,14.432989690721648,19.35483870967742,11.0,2,99.75,6.800735254367734,106.25,10.067628462410731,112.58333333333333,14.987621154766089,112.58333333333333,14.987621154766089,-0.10564273789572176,0.9859363434492968,,,,,1.0,0.0,14.298816495498118,5.719526598199248,False,43.865979381443296,9.859363434492968,22.2,LOW,🟢,Continue routine monitoring. No administrative action required at this time.,Demand increased 14% in the latest week
Tamil Nadu,Villupuram,Tindivanam,Thenmalai Gp,Thenmalai,Tamil Nadu|Villupuram|Tindivanam|Thenmalai,2024,41,93.0,2024-10-07,MGNREGA (historical),111.0,97.0,109.0,-16.216216216216218,-4.123711340206185,-14.678899082568808,0,102.5,8.850612031567845,105.5,9.350324669687744,109.58333333333333,10.361276977576896,109.58333333333333,10.361276977576896,-1.6005105711604606,0.8486692015209126,,,,,1.0,0.0,6.506801063526953,2.6027204254107814,False,0.0,8.486692015209126,3.3,LOW,🟢,Continue routine monitoring. No administrative action required at this time.,No significant deviation from normal demand patterns detected
Tamil Nadu,Villupuram,Tindivanam,Thenmalai Gp,Thenmalai,Tamil Nadu|Villupuram|Tindivanam|Thenmalai,2024,42,113.0,2024-10-14,MGNREGA (historical),93.0,111.0,93.0,21.50537634408602,1.8018018018018018,21.50537634408602,1,98.5,8.54400374531754,104.125,10.3570197037013,106.83333333333333,9.980283593468942,106.83333333333333,9.980283593468942,0.6178849136814222,1.0577223088923557,,,,,1.0,12.357698273628444,17.058481780868323,14.238011676524396,False,57.25806451612903,17.21528861154447,32.3,LOW,🟢,Continue routine monitoring. No administrative action required at this time.,Demand increased 22% in the latest week
Tamil Nadu,Villupuram,Tindivanam,Thenmalai Gp,Thenmalai,Tamil Nadu|Villupuram|Tindivanam|Thenmalai,2024,43,105.0,2024-10-21,MGNREGA (historical),113.0,93.0,97.0,-7.079646017699115,12.903225806451612,8.24742268041237,0,103.5,9.983319421247966,104.875,10.802612117975373,106.25,9.323723407621172,106.25,9.323723407621172,-0.13406661108997028,0.9882352941176471,,,,,1.0,0.0,1.989287084661245,0.795714833864498,False,0.0,9.882352941176471,3.2,LOW,🟢,Continue routine monitoring. No administrative action required at this time.,No significant deviation from normal demand patterns detected
Tamil Nadu,Villupuram,Tindivanam,Thenmalai Gp,Thenmalai,Tamil Nadu|Villupuram|Tindivanam|Thenmalai,2024,44,97.0,2024-10-28,MGNREGA (historical),105.0,113.0,111.0,-7.6190476190476195,-14.15929203539823,-12.612612612612612,0,105.5,9.000000000000007,102.625,7.998883850709591,106.0,9.31274786125328,106.0,9.31274786125328,-0.9664172308847206,0.9150943396226415,,,,,1.0,0.0,2.444839670273441,0.9779358681093765,False,0.0,9.150943396226415,3.0,LOW,🟢,Continue routine monitoring. No administrative action required at this time.,No significant deviation from normal demand patterns detected
Tamil Nadu,Villupuram,Tindivanam,Thenmalai Gp,Thenmalai,Tamil Nadu|Villupuram|Tindivanam|Thenmalai,2024,45,108.0,2024-11-04,MGNREGA (historical),97.0,105.0,93.0,11.34020618556701,2.857142857142857,16.129032258064516,1,102.0,8.869423130433388,102.25,8.207139748849333,104.33333333333333,8.947659250363252,104.33333333333333,8.947659250363252,0.40979060154954094,1.0351437699680512,,,,,1.0,8.195812030990819,3.7338490709356407,6.411026846968747,False,37.680412371134025,14.392971246006407,21.3,LOW,🟢,Continue routine monitoring. No administrative action required at this time.,Demand increased 11% in the latest week
Tamil Nadu,Villupuram,Tindivanam,Thenmalai Gp,Thenmalai,Tamil Nadu|Villupuram|Tindivanam|Thenmalai,2024,46,113.0,2024-11-11,MGNREGA (historical),108.0,97.0,113.0,4.62962962962963,16.49484536082474,0.0,2,105.75,6.701989754294378,102.125,8.096516005577415,104.66666666666667,9.00841357573686,104.66666666666667,9.00841357573686,0.9250611401521591,1.0796178343949043,,,,,1.0,18.501222803043184,8.900685926083005,14.661008052259112,False,18.51851851851852,19.952229299363044,17.8,LOW,🟢,Continue routine monitoring. No administrative action required at this time.,No significant deviation from normal demand patterns detected
Tamil Nadu,Villupuram,Tindivanam,Thenmalai Gp,Thenmalai,Tamil Nadu|Villupuram|Tindivanam|Thenmalai,2024,47,113.0,2024-11-18,MGNREGA (historical),113.0,108.0,105.0,0.0,4.62962962962963,7.6190476190476195,0,105.75,6.701989754294378,104.625,7.963084470587645,105.16666666666667,9.311120754075453,105.16666666666667,9.311120754075453,0.8412879115443432,1.074484944532488,,,,,1.0,16.825758230886866,1.4278056298937918,10.666577190489637,False,0.0,19.310618066561002,9.0,LOW,🟢,Continue routine monitoring. No administrative action required at this time.,No significant deviation from normal demand patterns detected
Tamil Nadu,Villupuram,Tindivanam,Thenmalai Gp,Thenmalai,Tamil Nadu|Villupuram|Tindivanam|Thenmalai,2024,48,99.0,2024-11-25,MGNREGA (historical),113.0,113.0,97.0,-12.389380530973451,-12.389380530973451,2.0618556701030926,0,107.75,7.544313531837527,106.625,7.781617532915074,104.33333333333333,7.912399168777168,104.33333333333333,7.912399168777168,-0.6740475574562773,0.9488817891373802,,,,,1.0,0.0,5.210611156137155,2.084244462454862,False,0.0,9.488817891373802,3.5,LOW,🟢,Continue routine monitoring. No administrative action required at this time.,No significant deviation from normal demand patterns detected
Tamil Nadu,Villupuram,Tindivanam,Thenmalai Gp,Thenmalai,Tamil Nadu|Villupuram|Tindivanam|Thenmalai,2024,49,109.0,2024-12-02,MGNREGA (historical),99.0,113.0,108.0,10.1010101010101,-3.5398230088495577,0.9259259259259258,1,108.25,6.6017674401127975,105.125,7.972049386987719,104.25,7.9672625617132615,104.25,7.9672625617132615,0.5961897155023056,1.0455635491606714,,,,,1.0,11.923794310046112,1.4512629971300077,7.7347817848796705,False,35.2020202020202,15.695443645083927,21.1,LOW,🟢,Continue routine monitoring. No administrative action required at this time.,Demand increased 10% in the latest week
Tamil Nadu,Villupuram,Tindivanam,Thenmalai Gp,Thenmalai,Tamil Nadu|Villupuram|Tindivanam|Thenmalai,2024,50,117.0,2024-12-09,MGNREGA (historical),109.0,99.0,113.0,7.339449541284404,18.181818181818183,3.5398230088495577,2,108.5,6.608075867199681,107.125,6.33442972965995,104.25,7.9672625617132615,104.25,7.9672625617132615,1.6002987100325046,1.1223021582733812,,,,,1.0,32.00597420065009,9.383961803650989,22.957169241850448,False,27.018348623853214,25.287769784172653,25.3,LOW,🟢,Continue routine monitoring. No administrative action required at this time.,Demand increased 7% in the latest week · Current demand is 12% above its historical baseline · Current demand is 1.6 standard deviations above baseline
Tamil Nadu,Villupuram,Tindivanam,Thenmalai Gp,Thenmalai,Tamil Nadu|Villupuram|Tindivanam|Thenmalai,2024,51,122.0,2024-12-16,MGNREGA (historical),117.0,109.0,113.0,4.273504273504273,11.926605504587156,7.964601769911504,3,109.5,7.724420150837655,107.625,6.988510979764255,106.25,7.898503885950074,106.25,7.898503885950074,1.9940485220265871,1.148235294117647,,,,,1.0,39.88097044053174,16.89239544139089,30.6855404408754,False,17.094017094017094,28.52941176470588,24.6,LOW,🟢,Continue routine monitoring. No administrative action required at this time.,Current demand is 15% above its historical baseline · Current demand is 2.0 standard deviations above baseline · Momentum has increased for 3 consecutive weeks
Tamil Nadu,Villupuram,Tindivanam,Thenmalai Gp,Thenmalai,Tamil Nadu|Villupuram|Tindivanam|Thenmalai,2024,52,131.0,2024-12-23,MGNREGA (historical),122.0,117.0,99.0,7.377049180327869,11.965811965811966,32.323232323232325,4,111.75,10.045728777279766,109.75,8.497898899980251,108.33333333333333,8.510243382198123,108.33333333333333,8.510243382198123,2.663456924637573,1.2092307692307693,,,,,1.0,53.269138492751466,40.62039167987657,48.2096397676015,False,27.131147540983605,35.76923076923078,36.0,LOW,🟢,Continue routine monitoring. No administrative action required at this time.,Demand increased 7% in the latest week · Current demand is 21% above its historical baseline · Current demand is 2.7 standard deviations above baseline · Momentum has increased for 4 consecutive weeks
Tamil Nadu,Villupuram,Tindivanam,Thenmalai Gp,Thenmalai,Tamil Nadu|Villupuram|Tindivanam|Thenmalai,2025,1,131.0,2024-12-30,MGNREGA (historical),131.0,122.0,109.0,0.0,7.377049180327869,20.18348623853211,0,119.75,9.215023964519398,114.0,9.636241116594308,110.0,10.744977685158299,110.0,10.744977685158299,1.9544014529696645,1.190909090909091,126.0,,126.0,3.968253968253968,1.0,39.08802905939329,16.41164908576269,30.01747706994105,False,0.0,33.863636363636374,19.2,LOW,🟢,Continue routine monitoring. No administrative action required at this time.,Current demand is 19% above its historical baseline · Current demand is 2.0 standard deviations above baseline
Tamil Nadu,Villupuram,Tindivanam,Thenmalai Gp,Thenmalai,Tamil Nadu|Villupuram|Tindivanam|Thenmalai,2025,2,124.0,2025-01-06,MGNREGA (historical),131.0,131.0,117.0,-5.343511450381679,-5.343511450381679,5.982905982905983,0,125.25,6.946221994724914,116.875,10.934055580093384,113.16666666666667,10.87811258138733,113.16666666666667,10.87811258138733,0.9958835461833132,1.0957290132547863,128.0,,128.0,-3.125,1.0,19.917670923666265,2.6475186782259676,13.009610025490145,False,0.0,21.966126656848296,10.5,LOW,🟢,Continue routine monitoring. No administrative action required at this time.,No significant deviation from normal demand patterns detected
Tamil Nadu,Villupuram,Tindivanam,Thenmalai Gp,Thenmalai,Tamil Nadu|Villupuram|Tindivanam|Thenmalai,2025,3,141.0,2025-01-13,MGNREGA (historical),124.0,131.0,122.0,13.709677419354838,7.633587786259542,15.573770491803279,1,127.0,4.6904157598234475,118.25,11.06797181058932,114.08333333333333,11.317390747576813,114.08333333333333,11.317390747576813,2.378345615788679,1.2359386413440467,139.0,,139.0,1.4388489208633095,1.0,47.56691231577358,14.030801786773328,34.15246810417348,False,42.41935483870968,37.99488677867056,38.6,LOW,🟢,Continue routine monitoring. No administrative action required at this time.,Demand increased 14% in the latest week · Current demand is 24% above its historical baseline · Current demand is 2.4 standard deviations above baseline
Tamil Nadu,Villupuram,Tindivanam,Thenmalai Gp,Thenmalai,Tamil Nadu|Villupuram|Tindivanam|Thenmalai,2025,4,146.0,2025-01-20,MGNREGA (historical),141.0,124.0,131.0,3.546099290780142,17.741935483870968,11.450381679389313,2,131.75,6.994045086119111,121.75,13.36038921588738,117.08333333333333,13.290176367482545,117.08333333333333,13.290176367482545,2.175792545343334,1.2469750889679716,134.0,,134.0,8.955223880597014,1.0,43.51585090686668,14.842734942778973,32.0466045212316,False,14.184397163120568,38.91459074733097,27.0,LOW,🟢,Continue routine monitoring. No administrative action required at this time.,Current demand is 25% above its historical baseline · Current demand is 2.2 standard deviations above baseline
Tamil Nadu,Villupuram,Tindivanam,Thenmalai Gp,Thenmalai,Tamil Nadu|Villupuram|Tindivanam|Thenmalai,2025,5,149.0,2025-01-27,MGNREGA (historical),146.0,141.0,131.0,2.054794520547945,5.673758865248227,13.740458015267176,3,135.5,9.882644720249074,127.625,12.211674741819806,121.16666666666667,14.063707860585065,121.16666666666667,14.063707860585065,1.9790892707135224,1.2297111416781292,148.0,,148.0,0.6756756756756757,1.0,39.58178541427045,20.693424266424234,32.02644095513196,False,8.21917808219178,37.47592847317744,24.1,LOW,🟢,Continue routine monitoring. No administrative action required at this time.,Current demand is 23% above its historical baseline · Current demand is 2.0 standard deviations above baseline · Momentum has increased for 3 consecutive weeks
Tamil Nadu,Villupuram,Tindivanam,Thenmalai Gp,Thenmalai,Tamil Nadu|Villupuram|Tindivanam|Thenmalai,2025,6,157.0,2025-02-03,MGNREGA (historical),149.0,146.0,124.0,5.369127516778524,7.534246575342466,26.61290322580645,4,140.0,11.16542281629616,132.625,11.673382420826323,124.58333333333333,15.482884000395407,124.58333333333333,15.482884000395407,2.0937098453904843,1.2602006688963212,135.0,,135.0,16.296296296296298,1.0,41.87419690780968,36.75791746350562,39.82768513008806,False,21.107382550335572,40.01672240802677,32.4,LOW,🟢,Continue routine monitoring. No administrative action required at this time.,Demand increased 5% in the latest week · Current demand is 26% above its historical baseline · Current demand is 2.1 standard deviations above baseline · Momentum has increased for 4 consecutive weeks
Tamil Nadu,Villupuram,Tindivanam,Thenmalai Gp,Thenmalai,Tamil Nadu|Villupuram|Tindivanam|Thenmalai,2025,7,158.0,2025-02-10,MGNREGA (historical),157.0,149.0,141.0,0.6369426751592357,6.0402684563758395,12.056737588652481,5,148.25,6.701989754294378,137.625,12.557723861091564,128.25,17.560932880583717,128.25,17.560932880583717,1.694101344290949,1.2319688109161793,160.0,,160.0,-1.25,1.0,33.88202688581898,44.47518640647158,38.11929069408002,False,2.547770700636943,37.66406757634827,23.8,LOW,🟢,Continue routine monitoring. No administrative action required at this time.,Current demand is 23% above its historical baseline · Current demand is 1.7 standard deviations above baseline · Momentum has increased for 5 consecutive weeks
Tamil Nadu,Villupuram,Tindivanam,Thenmalai Gp,Thenmalai,Tamil Nadu|Villupuram|Tindivanam|Thenmalai,2025,8,158.0,2025-02-17,MGNREGA (historical),158.0,157.0,146.0,0.0,0.6369426751592357,8.21917808219178,0,152.5,5.916079783099632,142.125,12.608812111263402,132.0,18.771351479412413,132.0,18.771351479412413,1.3850894022476563,1.196969696969697,158.0,,158.0,0.0,1.0,27.701788044953123,9.56851160732779,20.44847746990299,False,0.0,34.62121212121213,16.5,LOW,🟢,Continue routine monitoring. No administrative action required at this time.,Current demand is 20% above its historical baseline
Tamil Nadu,Villupuram,Tindivanam,Thenmalai Gp,Thenmalai,Tamil Nadu|Villupuram|Tindivanam|Thenmalai,2025,9,156.0,2025-02-24,MGNREGA (historical),158.0,158.0,149.0,-1.2658227848101267,-1.2658227848101267,4.697986577181208,0,155.5,4.358898943540699,145.5,12.817398889233106,136.91666666666666,16.98372661393757,136.91666666666666,16.98372661393757,1.1236246182668028,1.1393791844187462,159.0,,159.0,-1.8867924528301887,1.0,22.472492365336056,4.904244351102983,15.445193159642827,False,0.0,27.42239805234328,12.9,LOW,🟢,Continue routine monitoring. No administrative action required at this time.,Current demand is 14% above its historical baseline
Tamil Nadu,Villupuram,Tindivanam,Thenmalai Gp,Thenmalai,Tamil Nadu|Villupuram|Tindivanam|Thenmalai,2025,10,146.0,2025-03-03,MGNREGA (historical),156.0,158.0,157.0,-6.41025641025641,-7.59493670886076,-7.006369426751593,0,157.25,0.957427107756463,148.625,11.783008347374004,140.83333333333334,15.296068023178316,140.83333333333334,15.296068023178316,0.33777743789041376,1.0366863905325443,166.0,,166.0,-12.048192771084338,1.0,6.755548757808275,2.4541067897755577,5.034971970595188,False,0.0,14.585798816568039,5.9,LOW,🟢,Continue routine monitoring. No administrative action required at this time.,No significant deviation from normal demand patterns detected
Tamil Nadu,Villupuram,Tindivanam,Thenmalai Gp,Thenmalai,Tamil Nadu|Villupuram|Tindivanam|Thenmalai,2025,11,164.0,2025-03-10,MGNREGA (historical),146.0,156.0,158.0,12.32876712328767,5.128205128205128,3.79746835443038,1,154.5,5.744562646538052,151.375,6.674846172652309,143.25,13.356135804803898,143.25,13.356135804803898,1.553593067879461,1.1448516579406631,173.0,,173.0,-5.202312138728324,1.0,31.07186135758922,7.5335417081131215,21.656533497798783,False,39.65753424657534,28.106457242582895,30.8,LOW,🟢,Continue routine monitoring. No administrative action required at this time.,Demand increased 12% in the latest week · Current demand is 14% above its historical baseline · Current demand is 1.6 standard deviations above baseline
Tamil Nadu,Villupuram,Tindivanam,Thenmalai Gp,Thenmalai,Tamil Nadu|Villupuram|Tindivanam|Thenmalai,2025,12,163.0,2025-03-17,MGNREGA (historical),164.0,146.0,158.0,-0.6097560975609756,11.643835616438356,3.1645569620253164,0,156.0,7.4833147735478995,154.25,6.51920240520263,146.75,12.77159490289436,146.75,12.77159490289436,1.272354793865044,1.110732538330494,169.0,,169.0,-3.5502958579881656,1.0,25.447095877300878,4.1526479801834775,16.92931671845392,False,0.0,23.841567291311755,12.2,LOW,🟢,Continue routine monitoring. No administrative action required at this time.,Current demand is 11% above its historical baseline
Tamil Nadu,Villupuram,Tindivanam,Thenmalai Gp,Thenmalai,Tamil Nadu|Villupuram|Tindivanam|Thenmalai,2025,13,164.0,2025-03-24,MGNREGA (historical),163.0,164.0,156.0,0.6134969325153374,0.0,5.128205128205128,1,157.25,8.301606270274862,156.375,6.209152231067556,149.41666666666666,12.522404164560681,149.41666666666666,12.522404164560681,1.1645793524701304,1.0976017847183492,148.0,,148.0,10.81081081081081,1.0,23.291587049402608,2.1875731685477615,14.84998149706067,False,2.4539877300613497,22.20022308979366,12.1,LOW,🟢,Continue routine monitoring. No administrative action required at this time.,No significant deviation from normal demand patterns detected
Tamil Nadu,Villupuram,Tindivanam,Thenmalai Gp,Thenmalai,Tamil Nadu|Villupuram|Tindivanam|Thenmalai,2025,14,153.0,2025-03-31,MGNREGA (historical),164.0,163.0,146.0,-6.707317073170732,-6.134969325153374,4.794520547945205,0,159.25,8.84590300647708,158.25,5.922113522335448,152.16666666666666,11.707288587055782,152.16666666666666,11.707288587055782,0.07118072875172153,1.005476451259584,153.0,,153.0,0.0,1.0,1.4236145750344307,1.5552231817523812,1.476258017721611,False,0.0,10.684556407447994,3.6,LOW,🟢,Continue routine monitoring. No administrative action required at this time.,No significant deviation from normal demand patterns detected
Tamil Nadu,Villupuram,Tindivanam,Thenmalai Gp,Thenmalai,Tamil Nadu|Villupuram|Tindivanam|Thenmalai,2025,15,154.0,2025-04-07,MGNREGA (historical),153.0,164.0,164.0,0.6535947712418301,-6.097560975609756,-6.097560975609756,1,161.0,5.3541261347363625,157.75,6.204836822995411,154.58333333333334,7.656943768814572,154.58333333333334,7.656943768814572,-0.07618357283870363,0.9962264150943395,157.0,,157.0,-1.910828025477707,1.0,0.0,2.692590061350496,1.0770360245401984,False,2.6143790849673203,9.962264150943396,4.4,LOW,🟢,Continue routine monitoring. No administrative action required at this time.,No significant deviation from normal demand patterns detected
Tamil Nadu,Villupuram,Tindivanam,Thenmalai Gp,Thenmalai,Tamil Nadu|Villupuram|Tindivanam|Thenmalai,2025,16,170.0,2025-04-14,MGNREGA (historical),154.0,153.0,163.0,10.38961038961039,11.11111111111111,4.294478527607362,2,158.5,5.802298395176427,157.25,6.34147346555085,155.66666666666666,6.372288490492328,155.66666666666666,6.372288490492328,2.249322728360332,1.0920770877944326,162.0,,162.0,4.938271604938271,1.0,44.986454567206636,14.183461413399561,32.66525730568381,False,35.77922077922078,21.509635974304075,30.6,LOW,🟢,Continue routine monitoring. No administrative action required at this time.,Demand increased 10% in the latest week · Current demand is 2.2 standard deviations above baseline
Tamil Nadu,Villupuram,Tindivanam,Thenmalai Gp,Thenmalai,Tamil Nadu|Villupuram|Tindivanam|Thenmalai,2025,17,160.0,2025-04-21,MGNREGA (historical),170.0,154.0,164.0,-5.88235294117647,3.896103896103896,-2.4390243902439024,0,160.25,8.1802607945387,158.75,7.796519369931309,157.66666666666666,6.813533769215703,157.66666666666666,6.813533769215703,0.34245567900104934,1.0147991543340382,164.0,,164.0,-2.4390243902439024,1.0,6.849113580020987,1.5505207452877579,4.729676446127695,False,0.0,11.849894291754778,5.0,LOW,🟢,Continue routine monitoring. No administrative action required at this time.,No significant deviation from normal demand patterns detected
Tamil Nadu,Villupuram,Tindivanam,Thenmalai Gp,Thenmalai,Tamil Nadu|Villupuram|Tindivanam|Thenmalai,2025,18,164.0,2025-04-28,MGNREGA (historical),160.0,170.0,153.0,2.5,-3.5294117647058822,7.18954248366013,1,159.25,7.804912982645415,159.25,7.722878811871707,158.58333333333334,6.258933010045939,158.58333333333334,6.258933010045939,0.8654297238798695,1.0341565948502365,153.0,,153.0,7.18954248366013,1.0,17.30859447759739,1.0694628413897331,10.812941823114327,False,10.0,14.269574356279561,11.5,LOW,🟢,Continue routine monitoring. No administrative action required at this time.,No significant deviation from normal demand patterns detected
Tamil Nadu,Villupuram,Tindivanam,Thenmalai Gp,Thenmalai,Tamil Nadu|Villupuram|Tindivanam|Thenmalai,2025,19,157.0,2025-05-05,MGNREGA (historical),164.0,160.0,154.0,-4.2682926829268295,-1.875,1.948051948051948,0,162.0,6.733003292241404,161.5,5.656854249492365,159.16666666666666,6.422026490324102,159.16666666666666,6.422026490324102,-0.33738052465699364,0.9863874345549739,158.0,,158.0,-0.6329113924050633,1.0,0.0,0.854774256173,0.3419097024692,False,0.0,9.863874345549739,3.1,LOW,🟢,Continue routine monitoring. No administrative action required at this time.,No significant deviation from normal demand patterns detected
Tamil Nadu,Villupuram,Tindivanam,Thenmalai Gp,Thenmalai,Tamil Nadu|Villupuram|Tindivanam|Thenmalai,2025,20,155.0,2025-05-12,MGNREGA (historical),157.0,164.0,170.0,-1.2738853503184715,-5.487804878048781,-8.823529411764707,0,162.75,5.619905100029144,160.625,5.755432216610653,159.08333333333334,6.444988656924002,159.08333333333334,6.444988656924002,-0.633567186956415,0.9743321110529072,148.0,,148.0,4.72972972972973,1.0,0.0,1.6129834518302792,0.6451933807321117,False,0.0,9.743321110529072,3.1,LOW,🟢,Continue routine monitoring. No administrative action required at this time.,No significant deviation from normal demand patterns detected
Tamil Nadu,Villupuram,Tindivanam,Thenmalai Gp,Thenmalai,Tamil Nadu|Villupuram|Tindivanam|Thenmalai,2025,21,159.0,2025-05-19,MGNREGA (historical),155.0,157.0,160.0,2.5806451612903225,1.2738853503184715,-0.625,1,159.0,3.9157800414902812,159.625,5.974648824109111,158.83333333333334,6.548189664234546,158.83333333333334,6.548189664234546,0.025452327316811123,1.0010493179433368,147.0,,147.0,8.16326530612245,1.0,0.5090465463362224,1.0760579786761768,0.7358511192722041,False,10.32258064516129,10.131164742917106,7.4,LOW,🟢,Continue routine monitoring. No administrative action required at this time.,No significant deviation from normal demand patterns detected
Tamil Nadu,Villupuram,Tindivanam,Thenmalai Gp,Thenmalai,Tamil Nadu|Villupuram|Tindivanam|Thenmalai,2025,22,144.0,2025-05-26,MGNREGA (historical),159.0,155.0,164.0,-9.433962264150944,-7.096774193548387,-12.195121951219512,0,158.75,3.86221007541886,159.0,5.707138387268034,159.08333333333334,6.487166818676208,159.08333333333334,6.487166818676208,-2.3251033548126476,0.9051859612362493,137.0,,137.0,5.109489051094891,1.0,0.0,7.872148584675383,3.1488594338701534,False,0.0,9.051859612362493,3.7,LOW,🟢,Continue routine monitoring. No administrative action required at this time.,No significant deviation from normal demand patterns detected
Tamil Nadu,Villupuram,Tindivanam,Thenmalai Gp,Thenmalai,Tamil Nadu|Villupuram|Tindivanam|Thenmalai,2025,23,146.0,2025-06-02,MGNREGA (historical),144.0,159.0,157.0,1.3888888888888888,-8.176100628930817,-7.006369426751593,1,153.75,6.701989754294389,157.875,7.623975340988441,158.91666666666666,6.868350779062081,158.91666666666666,6.868350779062081,-1.8806067252771435,0.9187205034084951,138.0,,138.0,5.797101449275362,1.0,0.0,9.988981951999662,3.995592780799865,False,5.555555555555555,9.18720503408495,6.2,LOW,🟢,Continue routine monitoring. No administrative action required at this time.,No significant deviation from normal demand patterns detected
Tamil Nadu,Villupuram,Tindivanam,Thenmalai Gp,Thenmalai,Tamil Nadu|Villupuram|Tindivanam|Thenmalai,2025,24,138.0,2025-06-09,MGNREGA (historical),146.0,144.0,155.0,-5.47945205479452,-4.166666666666666,-10.967741935483872,0,151.0,7.164728420068244,156.875,8.659222993845502,157.41666666666666,7.585372686155844,157.41666666666666,7.585372686155844,-2.559751177698131,0.8766543144520911,131.0,,131.0,5.343511450381679,1.0,0.0,7.789443118964836,3.1157772475859344,False,0.0,8.766543144520911,3.6,LOW,🟢,Continue routine monitoring. No administrative action required at this time.,No significant deviation from normal demand patterns detected
Tamil Nadu,Villupuram,Tindivanam,Thenmalai Gp,Thenmalai,Tamil Nadu|Villupuram|Tindivanam|Thenmalai,2025,25,134.0,2025-06-16,MGNREGA (historical),138.0,146.0,159.0,-2.898550724637681,-8.21917808219178,-15.723270440251572,0,146.75,8.845903006477078,152.875,9.109453488390105,155.33333333333334,9.178367188254384,155.33333333333334,9.178367188254384,-2.3243059354428257,0.8626609442060086,130.0,,130.0,3.076923076923077,1.0,0.0,7.221220388822227,2.888488155528891,False,0.0,8.626609442060087,3.5,LOW,🟢,Continue routine monitoring. No administrative action required at this time.,No significant deviation from normal demand patterns detected
Tamil Nadu,Villupuram,Tindivanam,Thenmalai Gp,Thenmalai,Tamil Nadu|Villupuram|Tindivanam|Thenmalai,2025,26,132.0,2025-06-23,MGNREGA (historical),134.0,138.0,144.0,-1.4925373134328357,-4.3478260869565215,-8.333333333333332,0,140.5,5.507570547286117,149.625,10.702970215251991,152.83333333333334,10.581573463795337,152.83333333333334,10.581573463795337,-1.9688313278374163,0.8636859323882224,142.0,,142.0,-7.042253521126761,1.0,0.0,3.0130218512285003,1.2052087404914003,False,0.0,8.636859323882224,3.0,LOW,🟢,Continue routine monitoring. No administrative action required at this time.,No significant deviation from normal demand patterns detected
Tamil Nadu,Villupuram,Tindivanam,Thenmalai Gp,Thenmalai,Tamil Nadu|Villupuram|Tindivanam|Thenmalai,2025,27,132.0,2025-06-30,MGNREGA (historical),132.0,134.0,146.0,0.0,-1.4925373134328357,-9.58904109589041,0,137.5,6.191391873668919,145.625,10.541584321154001,151.08333333333334,12.168949557514575,151.08333333333334,12.168949557514575,-1.568198901896918,0.8736900165471594,123.0,,123.0,7.317073170731707,1.0,0.0,1.6310034001097176,0.652401360043887,False,0.0,8.736900165471594,2.8,LOW,🟢,Continue routine monitoring. No administrative action required at this time.,No significant deviation from normal demand patterns detected
Tamil Nadu,Villupuram,Tindivanam,Thenmalai Gp,Thenmalai,Tamil Nadu|Villupuram|Tindivanam|Thenmalai,2025,28,122.0,2025-07-07,MGNREGA (historical),132.0,132.0,138.0,-7.575757575757576,-7.575757575757576,-11.594202898550725,0,134.0,2.8284271247462187,142.5,10.392304845413257,149.25,13.29473580030837,149.25,13.29473580030837,-2.049683454361533,0.8174204355108877,147.0,,147.0,-17.006802721088434,1.0,0.0,4.770013405854278,1.9080053623417113,False,0.0,8.174204355108877,3.0,LOW,🟢,Continue routine monitoring. No administrative action required at this time.,No significant deviation from normal demand patterns detected
Tamil Nadu,Villupuram,Tindivanam,Thenmalai Gp,Thenmalai,Tamil Nadu|Villupuram|Tindivanam|Thenmalai,2025,29,132.0,2025-07-14,MGNREGA (historical),122.0,132.0,134.0,8.19672131147541,0.0,-1.4925373134328357,1,130.0,5.4160256030906515,138.375,11.236897131453016,145.25,13.698871884541898,145.25,13.698871884541898,-0.9672329306876419,0.9087779690189329,126.0,,126.0,4.761904761904762,1.0,0.0,3.404385079698813,1.3617540318795252,False,29.59016393442623,9.087779690189329,15.0,LOW,🟢,Continue routine monitoring. No administrative action required at this time.,Demand increased 8% in the latest week
Tamil Nadu,Villupuram,Tindivanam,Thenmalai Gp,Thenmalai,Tamil Nadu|Villupuram|Tindivanam|Thenmalai,2025,30,111.0,2025-07-21,MGNREGA (historical),132.0,122.0,132.0,-15.909090909090908,-9.01639344262295,-15.909090909090908,0,129.5,5.0000000000000115,135.0,7.6345081233642125,142.91666666666666,13.337972677716692,142.91666666666666,13.337972677716692,-2.3929173824136534,0.7766763848396502,120.0,,120.0,-7.5,1.0,0.0,12.872599542381577,5.149039816952631,False,0.0,7.766763848396502,3.9,LOW,🟢,Continue routine monitoring. No administrative action required at this time.,No significant deviation from normal demand patterns detected
Tamil Nadu,Villupuram,Tindivanam,Thenmalai Gp,Thenmalai,Tamil Nadu|Villupuram|Tindivanam|Thenmalai,2025,31,113.0,2025-07-28,MGNREGA (historical),111.0,132.0,132.0,1.8018018018018018,-14.393939393939394,-14.393939393939394,1,124.25,10.012492197250397,130.875,10.466784197095654,138.5,14.450542613278719,138.5,14.450542613278719,-1.7646396182083741,0.8158844765342961,108.0,,108.0,4.62962962962963,1.0,0.0,14.495458081919093,5.798183232767638,False,7.207207207207207,8.15884476534296,7.1,LOW,🟢,Continue routine monitoring. No administrative action required at this time.,No significant deviation from normal demand patterns detected
Tamil Nadu,Villupuram,Tindivanam,Thenmalai Gp,Thenmalai,Tamil Nadu|Villupuram|Tindivanam|Thenmalai,2025,32,108.0,2025-08-04,MGNREGA (historical),113.0,111.0,122.0,-4.424778761061947,-2.7027027027027026,-11.475409836065573,0,119.5,9.609023536933055,126.75,10.152409988344072,134.83333333333334,14.90474807407082,134.83333333333334,14.90474807407082,-1.8003211594038409,0.8009888751545117,117.0,,117.0,-7.6923076923076925,1.0,0.0,4.004013323221678,1.6016053292886714,False,0.0,8.009888751545116,2.9,LOW,🟢,Continue routine monitoring. No administrative action required at this time.,No significant deviation from normal demand patterns detected
Tamil Nadu,Villupuram,Tindivanam,Thenmalai Gp,Thenmalai,Tamil Nadu|Villupuram|Tindivanam|Thenmalai,2025,33,120.0,2025-08-11,MGNREGA (historical),108.0,113.0,132.0,11.11111111111111,6.1946902654867255,-9.090909090909092,1,116.0,10.86278049120022,123.0,10.915257997081747,130.91666666666666,15.293839124023702,130.91666666666666,15.293839124023702,-0.713795050290457,0.916613621896881,104.0,,104.0,15.384615384615385,1.0,0.0,4.070195019935115,1.628078007974046,False,37.22222222222222,9.16613621896881,18.1,LOW,🟢,Continue routine monitoring. No administrative action required at this time.,Demand increased 11% in the latest week
Tamil Nadu,Villupuram,Tindivanam,Thenmalai Gp,Thenmalai,Tamil Nadu|Villupuram|Tindivanam|Thenmalai,2025,34,107.0,2025-08-18,MGNREGA (historical),120.0,108.0,111.0,-10.833333333333334,-0.9259259259259258,-3.6036036036036037,0,113.0,5.099019513592798,121.25,9.98212688473038,127.66666666666667,12.708861141548228,127.66666666666667,12.708861141548228,-1.6261619697065164,0.8381201044386423,107.0,,107.0,0.0,1.0,0.0,5.736110680633115,2.294444272253246,False,0.0,8.381201044386422,3.2,LOW,🟢,Continue routine monitoring. No administrative action required at this time.,No significant deviation from normal demand patterns detected
Tamil Nadu,Villupuram,Tindivanam,Thenmalai Gp,Thenmalai,Tamil Nadu|Villupuram|Tindivanam|Thenmalai,2025,35,111.0,2025-08-25,MGNREGA (historical),107.0,120.0,113.0,3.7383177570093453,-7.5,-1.7699115044247788,1,112.0,5.94418483337568,118.125,10.04898715578554,124.58333333333333,12.87321626361105,124.58333333333333,12.87321626361105,-1.0551623662013336,0.8909698996655518,123.0,,123.0,-9.75609756097561,1.0,0.0,3.271496524508439,1.3085986098033757,False,14.953271028037381,8.909698996655518,9.0,LOW,🟢,Continue routine monitoring. No administrative action required at this time.,No significant deviation from normal demand patterns detected
Tamil Nadu,Villupuram,Tindivanam,Thenmalai Gp,Thenmalai,Tamil Nadu|Villupuram|Tindivanam|Thenmalai,2025,36,90.0,2025-09-01,MGNREGA (historical),111.0,107.0,108.0,-18.91891891891892,-15.887850467289718,-16.666666666666664,0,111.5,5.916079783099628,115.5,8.535639569308369,121.66666666666667,11.468005559606022,121.66666666666667,11.468005559606022,-2.76130548612627,0.7397260273972602,100.0,,100.0,-10.0,1.0,0.0,22.964471149011022,9.185788459604408,False,0.0,7.397260273972602,5.0,LOW,🟢,Continue routine monitoring. No administrative action required at this time.,No significant deviation from normal demand patterns detected
Tamil Nadu,Villupuram,Tindivanam,Thenmalai Gp,Thenmalai,Tamil Nadu|Villupuram|Tindivanam|Thenmalai,2025,37,102.0,2025-09-08,MGNREGA (historical),90.0,111.0,120.0,13.333333333333334,-8.108108108108109,-15.0,1,107.0,12.56980508997654,111.5,11.892374507581373,117.66666666666667,13.45249779668074,117.66666666666667,13.45249779668074,-1.1645916545351342,0.8668555240793201,109.0,,109.0,-6.422018348623854,1.0,0.0,11.108401065068467,4.443360426027387,False,41.66666666666667,8.6685552407932,20.6,LOW,🟢,Continue routine monitoring. No administrative action required at this time.,Demand increased 13% in the latest week
Tamil Nadu,Villupuram,Tindivanam,Thenmalai Gp,Thenmalai,Tamil Nadu|Villupuram|Tindivanam|Thenmalai,2025,38,105.0,2025-09-15,MGNREGA (historical),102.0,90.0,107.0,2.941176470588235,16.666666666666664,-1.8691588785046727,2,102.5,9.11043357914431,107.75,8.843884085303559,115.0,13.087120663947836,115.0,13.087120663947836,-0.7641100175340951,0.9130434782608695,93.0,,93.0,12.903225806451612,1.0,0.0,13.484663608113207,5.393865443245283,False,11.76470588235294,9.130434782608695,9.1,LOW,🟢,Continue routine monitoring. No administrative action required at this time.,No significant deviation from normal demand patterns detected
Tamil Nadu,Villupuram,Tindivanam,Thenmalai Gp,Thenmalai,Tamil Nadu|Villupuram|Tindivanam|Thenmalai,2025,39,98.0,2025-09-22,MGNREGA (historical),105.0,102.0,111.0,-6.666666666666667,-3.9215686274509802,-11.711711711711711,0,102.0,8.831760866327857,107.0,8.78310065653679,112.75,12.188854819800955,112.75,12.188854819800955,-1.2101218874178754,0.8691796008869179,97.0,,97.0,1.0309278350515463,1.0,0.0,1.2179182783700024,0.487167311348001,False,0.0,8.69179600886918,2.8,LOW,🟢,Continue routine monitoring. No administrative action required at this time.,No significant deviation from normal demand patterns detected
Tamil Nadu,Villupuram,Tindivanam,Thenmalai Gp,Thenmalai,Tamil Nadu|Villupuram|Tindivanam|Thenmalai,2025,40,106.0,2025-09-29,MGNREGA (historical),98.0,105.0,90.0,8.16326530612245,0.9523809523809524,17.77777777777778,1,98.75,6.500000000000013,105.125,8.919280880686026,109.91666666666667,11.220584438946053,109.91666666666667,11.220584438946053,-0.349060843307959,0.9643669446550417,111.0,,111.0,-4.504504504504505,1.0,0.0,6.389248151287282,2.555699260514913,False,29.48979591836735,9.643669446550417,15.5,LOW,🟢,Continue routine monitoring. No administrative action required at this time.,Demand increased 8% in the latest week
Tamil Nadu,Villupuram,Tindivanam,Thenmalai Gp,Thenmalai,Tamil Nadu|Villupuram|Tindivanam|Thenmalai,2025,41,94.0,2025-10-06,MGNREGA (historical),106.0,98.0,102.0,-11.320754716981133,-4.081632653061225,-7.8431372549019605,0,102.75,3.5939764421413267,104.875,8.854982455415378,108.58333333333333,10.586941642104982,108.58333333333333,10.586941642104982,-1.377483113284995,0.8656945510360706,93.0,,93.0,1.0752688172043012,1.0,0.0,2.74697297183393,1.0987891887335721,False,0.0,8.656945510360707,2.9,LOW,🟢,Continue routine monitoring. No administrative action required at this time.,No significant deviation from normal demand patterns detected
Tamil Nadu,Villupuram,Tindivanam,Thenmalai Gp,Thenmalai,Tamil Nadu|Villupuram|Tindivanam|Thenmalai,2025,42,109.0,2025-10-13,MGNREGA (historical),94.0,106.0,105.0,15.957446808510639,2.8301886792452833,3.8095238095238098,1,100.75,5.737304826019516,101.625,7.1101034752365795,105.41666666666667,8.404093519160241,105.41666666666667,8.404093519160241,0.4263795167395263,1.03399209486166,113.0,,113.0,-3.5398230088495577,1.0,8.527590334790526,6.235356567903196,7.610696828035594,False,46.91489361702128,14.249011857707515,25.3,LOW,🟢,Continue routine monitoring. No administrative action required at this time.,Demand increased 16% in the latest week
Tamil Nadu,Villupuram,Tindivanam,Thenmalai Gp,Thenmalai,Tamil Nadu|Villupuram|Tindivanam|Thenmalai,2025,43,118.0,2025-10-20,MGNREGA (historical),109.0,94.0,98.0,8.256880733944955,25.53191489361702,20.408163265306122,2,101.75,6.946221994724914,101.875,7.356969484781071,105.25,8.302518785394074,105.25,8.302518785394074,1.535678548831471,1.1211401425178147,105.0,,105.0,12.380952380952381,1.0,30.713570976629423,13.429000926772439,23.79974295668663,False,29.770642201834868,25.142517814726837,26.6,LOW,🟢,Continue routine monitoring. No administrative action required at this time.,Demand increased 8% in the latest week · Current demand is 12% above its historical baseline · Current demand is 1.5 standard deviations above baseline
Tamil Nadu,Villupuram,Tindivanam,Thenmalai Gp,Thenmalai,Tamil Nadu|Villupuram|Tindivanam|Thenmalai,2025,44,98.0,2025-10-27,MGNREGA (historical),118.0,109.0,106.0,-16.94915254237288,-10.091743119266056,-7.547169811320755,0,106.75,9.912113800799514,102.75,8.860022573334668,105.66666666666667,8.835191342614449,105.66666666666667,8.835191342614449,-0.8677420068638836,0.9274447949526814,97.0,,97.0,1.0309278350515463,1.0,0.0,8.314567872142396,3.3258271488569586,False,0.0,9.274447949526813,3.8,LOW,🟢,Continue routine monitoring. No administrative action required at this time.,No significant deviation from normal demand patterns detected
Tamil Nadu,Villupuram,Tindivanam,Thenmalai Gp,Thenmalai,Tamil Nadu|Villupuram|Tindivanam|Thenmalai,2025,45,100.0,2025-11-03,MGNREGA (historical),98.0,118.0,94.0,2.0408163265306123,-15.254237288135593,6.382978723404255,1,104.75,10.87428158546578,103.75,7.573449864965287,104.83333333333333,9.063747301834848,104.83333333333333,9.063747301834848,-0.5332599390050159,0.9538950715421304,108.0,,108.0,-7.4074074074074066,1.0,0.0,1.9550342060959416,0.7820136824383767,False,8.16326530612245,9.538950715421304,6.4,LOW,🟢,Continue routine monitoring. No administrative action required at this time.,No significant deviation from normal demand patterns detected
Tamil Nadu,Villupuram,Tindivanam,Thenmalai Gp,Thenmalai,Tamil Nadu|Villupuram|Tindivanam|Thenmalai,2025,46,117.0,2025-11-10,MGNREGA (historical),100.0,98.0,109.0,17.0,19.387755102040817,7.339449541284404,2,106.25,9.178779875342919,103.5,7.671840904055735,103.16666666666667,7.767453465154253,103.16666666666667,7.767453465154253,1.7809354630048775,1.134087237479806,113.0,,113.0,3.5398230088495577,1.0,35.618709260097546,15.102572969473925,27.412254743848095,False,49.0,26.760904684975767,35.9,LOW,🟢,Continue routine monitoring. No administrative action required at this time.,Demand increased 17% in the latest week · Current demand is 13% above its historical baseline · Current demand is 1.8 standard deviations above baseline
Tamil Nadu,Villupuram,Tindivanam,Thenmalai Gp,Thenmalai,Tamil Nadu|Villupuram|Tindivanam|Thenmalai,2025,47,207.0,2025-11-17,MGNREGA (historical),117.0,100.0,118.0,76.92307692307693,107.0,75.42372881355932,3,108.25,10.71991915392401,105.0,9.055385138137408,104.0,8.696916904073941,104.0,8.696916904073941,11.843277466725155,1.9903846153846154,113.0,,113.0,83.1858407079646,1.0,100.0,94.07308827666238,97.62923531066495,True,100.0,84.07967032967034,94.5,EXTREME,🔴,Recommend immediate administrative review. Prioritize this village for on-ground assessment of employment demand and investigate local socioeconomic indicators before concluding on cause.,Demand increased 77% in the latest week · Current demand is 99% above its historical baseline · Current demand is 11.8 standard deviations above baseline · Statistical/ML anomaly detection flagged this week as abnormal · Momentum has increased for 3 consecutive weeks
Tamil Nadu,Villupuram,Tindivanam,Thenmalai Gp,Thenmalai,Tamil Nadu|Villupuram|Tindivanam|Thenmalai,2025,48,236.0,2025-11-24,MGNREGA (historical),207.0,117.0,98.0,14.009661835748794,101.7094017094017,140.81632653061226,4,130.5,51.707510737480554,118.625,36.73043696990276,112.0,31.077615446140406,112.0,31.077615446140406,3.990010115637743,2.107142857142857,99.0,,99.0,138.3838383838384,1.0,79.80020231275486,85.95182802373974,82.26085259714881,True,43.01932367149759,86.58163265306122,67.9,HIGH,🟠,Review pending employment demand and wage payment status. Assess availability of VB-G RAM G work and consider additional employment allocation.,Demand increased 14% in the latest week · Current demand is 111% above its historical baseline · Current demand is 4.0 standard deviations above baseline · Statistical/ML anomaly detection flagged this week as abnormal · Momentum has increased for 4 consecutive weeks
Tamil Nadu,Villupuram,Tindivanam,Thenmalai Gp,Thenmalai,Tamil Nadu|Villupuram|Tindivanam|Thenmalai,2025,49,283.0,2025-12-01,MGNREGA (historical),236.0,207.0,100.0,19.915254237288135,36.71497584541063,183.0,5,165.0,66.66833331250052,134.875,54.705542941930744,124.16666666666667,46.455909367393915,124.16666666666667,46.455909367393915,3.4190124678694573,2.279194630872483,109.0,,109.0,159.63302752293578,1.0,68.38024935738915,90.14762011500832,77.08719766043683,True,54.83050847457627,90.26845637583892,72.1,HIGH,🟠,Review pending employment demand and wage payment status. Assess availability of VB-G RAM G work and consider additional employment allocation.,Demand increased 20% in the latest week · Current demand is 128% above its historical baseline · Current demand is 3.4 standard deviations above baseline · Statistical/ML anomaly detection flagged this week as abnormal · Momentum has increased for 5 consecutive weeks
Tamil Nadu,Villupuram,Tindivanam,Thenmalai Gp,Thenmalai,Tamil Nadu|Villupuram|Tindivanam|Thenmalai,2025,50,329.0,2025-12-08,MGNREGA (historical),283.0,236.0,117.0,16.25441696113074,39.40677966101695,181.1965811965812,6,210.75,69.90648515457394,158.5,72.46082685542187,139.25,64.48837104470853,139.25,64.48837104470853,2.9423909602004064,2.362657091561939,117.0,,117.0,181.1965811965812,1.0,58.847819204008125,92.23534867046953,72.20283099059269,True,47.50883392226148,92.05693767632727,68.3,HIGH,🟠,Review pending employment demand and wage payment status. Assess availability of VB-G RAM G work and consider additional employment allocation.,Demand increased 16% in the latest week · Current demand is 136% above its historical baseline · Current demand is 2.9 standard deviations above baseline · Statistical/ML anomaly detection flagged this week as abnormal · Momentum has increased for 6 consecutive weeks
Tamil Nadu,Villupuram,Tindivanam,Thenmalai Gp,Thenmalai,Tamil Nadu|Villupuram|Tindivanam|Thenmalai,2025,51,367.0,2025-12-15,MGNREGA (historical),329.0,283.0,207.0,11.55015197568389,29.681978798586574,77.29468599033817,7,263.75,53.59959576962,186.0,90.49388298190578,157.91666666666666,83.33771200617547,157.91666666666666,83.33771200617547,2.5088681738447525,2.32401055408971,122.0,,122.0,200.81967213114754,1.0,50.17736347689505,88.12291801698801,65.35558529293223,True,38.10030395136778,91.22879758763665,62.2,HIGH,🟠,Review pending employment demand and wage payment status. Assess availability of VB-G RAM G work and consider additional employment allocation.,Demand increased 12% in the latest week · Current demand is 132% above its historical baseline · Current demand is 2.5 standard deviations above baseline · Statistical/ML anomaly detection flagged this week as abnormal · Momentum has increased for 7 consecutive weeks
Tamil Nadu,Villupuram,Tindivanam,Thenmalai Gp,Thenmalai,Tamil Nadu|Villupuram|Tindivanam|Thenmalai,2025,52,415.0,2025-12-22,MGNREGA (historical),367.0,329.0,236.0,13.079019073569482,26.13981762917933,75.84745762711864,8,303.75,56.7413723250798,217.125,105.36391019428127,180.33333333333334,100.22368920962687,180.33333333333334,100.22368920962687,2.341429142324228,2.301293900184843,131.0,,131.0,216.793893129771,1.0,46.828582846484565,90.34221092309865,64.2340340771302,True,41.15803814713897,90.74201214681807,63.0,HIGH,🟠,Review pending employment demand and wage payment status. Assess availability of VB-G RAM G work and consider additional employment allocation.,Demand increased 13% in the latest week · Current demand is 130% above its historical baseline · Current demand is 2.3 standard deviations above baseline · Statistical/ML anomaly detection flagged this week as abnormal · Momentum has increased for 8 consecutive weeks
