state,district,block,panchayat,village,village_id,year,week,demand,date
Tamil Nadu,Salem,Attur,Chinnakoundampalayam Gp,Chinnakoundampalayam,Tamil Nadu|Salem|Attur|Chinnakoundampalayam,2024,1,103.0,2024-01-01
Tamil Nadu,Salem,Attur,Chinnakoundampalayam Gp,Chinnakoundampalayam,Tamil Nadu|Salem|Attur|Chinnakoundampalayam,2024,2,118.0,2024-01-08
Tamil Nadu,Salem,Attur,Chinnakoundampalayam Gp,Chinnakoundampalayam,Tamil Nadu|Salem|Attur|Chinnakoundampalayam,2024,3,118.0,2024-01-15
Tamil Nadu,Salem,Attur,Chinnakoundampalayam Gp,Chinnakoundampalayam,Tamil Nadu|Salem|Attur|Chinnakoundampalayam,2024,4,116.0,2024-01-22
Tamil Nadu,Salem,Attur,Chinnakoundampalayam Gp,Chinnakoundampalayam,Tamil Nadu|Salem|Attur|Chinnakoundampalayam,2024,5,114.0,2024-01-29
Tamil Nadu,Salem,Attur,Chinnakoundampalayam Gp,Chinnakoundampalayam,Tamil Nadu|Salem|Attur|Chinnakoundampalayam,2024,6,131.0,2024-02-05
Tamil Nadu,Salem,Attur,Chinnakoundampalayam Gp,Chinnakoundampalayam,Tamil Nadu|Salem|Attur|Chinnakoundampalayam,2024,7,133.0,2024-02-12
Tamil Nadu,Salem,Attur,Chinnakoundampalayam Gp,Chinnakoundampalayam,Tamil Nadu|Salem|Attur|Chinnakoundampalayam,2024,8,130.0,2024-02-19
Tamil Nadu,Salem,Attur,Chinnakoundampalayam Gp,Chinnakoundampalayam,Tamil Nadu|Salem|Attur|Chinnakoundampalayam,2024,9,145.0,2024-02-26
Tamil Nadu,Salem,Attur,Chinnakoundampalayam Gp,Chinnakoundampalayam,Tamil Nadu|Salem|Attur|Chinnakoundampalayam,2024,10,127.0,2024-03-04
Tamil Nadu,Salem,Attur,Chinnakoundampalayam Gp,Chinnakoundampalayam,Tamil Nadu|Salem|Attur|Chinnakoundampalayam,2024,11,126.0,2024-03-11
Tamil Nadu,Salem,Attur,Chinnakoundampalayam Gp,Chinnakoundampalayam,Tamil Nadu|Salem|Attur|Chinnakoundampalayam,2024,12,132.0,2024-03-18
Tamil Nadu,Salem,Attur,Chinnakoundampalayam Gp,Chinnakoundampalayam,Tamil Nadu|Salem|Attur|Chinnakoundampalayam,2024,13,137.0,2024-03-25
Tamil Nadu,Salem,Attur,Chinnakoundampalayam Gp,Chinnakoundampalayam,Tamil Nadu|Salem|Attur|Chinnakoundampalayam,2024,14,139.0,2024-04-01
Tamil Nadu,Salem,Attur,Chinnakoundampalayam Gp,Chinnakoundampalayam,Tamil Nadu|Salem|Attur|Chinnakoundampalayam,2024,15,136.0,2024-04-08
Tamil Nadu,Salem,Attur,Chinnakoundampalayam Gp,Chinnakoundampalayam,Tamil Nadu|Salem|Attur|Chinnakoundampalayam,2024,16,139.0,2024-04-15
Tamil Nadu,Salem,Attur,Chinnakoundampalayam Gp,Chinnakoundampalayam,Tamil Nadu|Salem|Attur|Chinnakoundampalayam,2024,17,127.0,2024-04-22
Tamil Nadu,Salem,Attur,Chinnakoundampalayam Gp,Chinnakoundampalayam,Tamil Nadu|Salem|Attur|Chinnakoundampalayam,2024,18,144.0,2024-04-29
Tamil Nadu,Salem,Attur,Chinnakoundampalayam Gp,Chinnakoundampalayam,Tamil Nadu|Salem|Attur|Chinnakoundampalayam,2024,19,141.0,2024-05-06
Tamil Nadu,Salem,Attur,Chinnakoundampalayam Gp,Chinnakoundampalayam,Tamil Nadu|Salem|Attur|Chinnakoundampalayam,2024,20,138.0,2024-05-13
Tamil Nadu,Salem,Attur,Chinnakoundampalayam Gp,Chinnakoundampalayam,Tamil Nadu|Salem|Attur|Chinnakoundampalayam,2024,21,130.0,2024-05-20
Tamil Nadu,Salem,Attur,Chinnakoundampalayam Gp,Chinnakoundampalayam,Tamil Nadu|Salem|Attur|Chinnakoundampalayam,2024,22,129.0,2024-05-27
Tamil Nadu,Salem,Attur,Chinnakoundampalayam Gp,Chinnakoundampalayam,Tamil Nadu|Salem|Attur|Chinnakoundampalayam,2024,23,127.0,2024-06-03
Tamil Nadu,Salem,Attur,Chinnakoundampalayam Gp,Chinnakoundampalayam,Tamil Nadu|Salem|Attur|Chinnakoundampalayam,2024,24,123.0,2024-06-10
Tamil Nadu,Salem,Attur,Chinnakoundampalayam Gp,Chinnakoundampalayam,Tamil Nadu|Salem|Attur|Chinnakoundampalayam,2024,25,121.0,2024-06-17
Tamil Nadu,Salem,Attur,Chinnakoundampalayam Gp,Chinnakoundampalayam,Tamil Nadu|Salem|Attur|Chinnakoundampalayam,2024,26,122.0,2024-06-24
Tamil Nadu,Salem,Attur,Chinnakoundampalayam Gp,Chinnakoundampalayam,Tamil Nadu|Salem|Attur|Chinnakoundampalayam,2024,27,111.0,2024-07-01
Tamil Nadu,Salem,Attur,Chinnakoundampalayam Gp,Chinnakoundampalayam,Tamil Nadu|Salem|Attur|Chinnakoundampalayam,2024,28,111.0,2024-07-08
Tamil Nadu,Salem,Attur,Chinnakoundampalayam Gp,Chinnakoundampalayam,Tamil Nadu|Salem|Attur|Chinnakoundampalayam,2024,29,103.0,2024-07-15
Tamil Nadu,Salem,Attur,Chinnakoundampalayam Gp,Chinnakoundampalayam,Tamil Nadu|Salem|Attur|Chinnakoundampalayam,2024,30,110.0,2024-07-22
Tamil Nadu,Salem,Attur,Chinnakoundampalayam Gp,Chinnakoundampalayam,Tamil Nadu|Salem|Attur|Chinnakoundampalayam,2024,31,93.0,2024-07-29
Tamil Nadu,Salem,Attur,Chinnakoundampalayam Gp,Chinnakoundampalayam,Tamil Nadu|Salem|Attur|Chinnakoundampalayam,2024,32,106.0,2024-08-05
Tamil Nadu,Salem,Attur,Chinnakoundampalayam Gp,Chinnakoundampalayam,Tamil Nadu|Salem|Attur|Chinnakoundampalayam,2024,33,91.0,2024-08-12
Tamil Nadu,Salem,Attur,Chinnakoundampalayam Gp,Chinnakoundampalayam,Tamil Nadu|Salem|Attur|Chinnakoundampalayam,2024,34,80.0,2024-08-19
Tamil Nadu,Salem,Attur,Chinnakoundampalayam Gp,Chinnakoundampalayam,Tamil Nadu|Salem|Attur|Chinnakoundampalayam,2024,35,88.0,2024-08-26
Tamil Nadu,Salem,Attur,Chinnakoundampalayam Gp,Chinnakoundampalayam,Tamil Nadu|Salem|Attur|Chinnakoundampalayam,2024,36,81.0,2024-09-02
Tamil Nadu,Salem,Attur,Chinnakoundampalayam Gp,Chinnakoundampalayam,Tamil Nadu|Salem|Attur|Chinnakoundampalayam,2024,37,90.0,2024-09-09
Tamil Nadu,Salem,Attur,Chinnakoundampalayam Gp,Chinnakoundampalayam,Tamil Nadu|Salem|Attur|Chinnakoundampalayam,2024,38,79.0,2024-09-16
Tamil Nadu,Salem,Attur,Chinnakoundampalayam Gp,Chinnakoundampalayam,Tamil Nadu|Salem|Attur|Chinnakoundampalayam,2024,39,80.0,2024-09-23
Tamil Nadu,Salem,Attur,Chinnakoundampalayam Gp,Chinnakoundampalayam,Tamil Nadu|Salem|Attur|Chinnakoundampalayam,2024,40,70.0,2024-09-30
Tamil Nadu,Salem,Attur,Chinnakoundampalayam Gp,Chinnakoundampalayam,Tamil Nadu|Salem|Attur|Chinnakoundampalayam,2024,41,80.0,2024-10-07
Tamil Nadu,Salem,Attur,Chinnakoundampalayam Gp,Chinnakoundampalayam,Tamil Nadu|Salem|Attur|Chinnakoundampalayam,2024,42,67.0,2024-10-14
Tamil Nadu,Salem,Attur,Chinnakoundampalayam Gp,Chinnakoundampalayam,Tamil Nadu|Salem|Attur|Chinnakoundampalayam,2024,43,74.0,2024-10-21
Tamil Nadu,Salem,Attur,Chinnakoundampalayam Gp,Chinnakoundampalayam,Tamil Nadu|Salem|Attur|Chinnakoundampalayam,2024,44,91.0,2024-10-28
Tamil Nadu,Salem,Attur,Chinnakoundampalayam Gp,Chinnakoundampalayam,Tamil Nadu|Salem|Attur|Chinnakoundampalayam,2024,45,93.0,2024-11-04
Tamil Nadu,Salem,Attur,Chinnakoundampalayam Gp,Chinnakoundampalayam,Tamil Nadu|Salem|Attur|Chinnakoundampalayam,2024,46,89.0,2024-11-11
Tamil Nadu,Salem,Attur,Chinnakoundampalayam Gp,Chinnakoundampalayam,Tamil Nadu|Salem|Attur|Chinnakoundampalayam,2024,47,85.0,2024-11-18
Tamil Nadu,Salem,Attur,Chinnakoundampalayam Gp,Chinnakoundampalayam,Tamil Nadu|Salem|Attur|Chinnakoundampalayam,2024,48,94.0,2024-11-25
Tamil Nadu,Salem,Attur,Chinnakoundampalayam Gp,Chinnakoundampalayam,Tamil Nadu|Salem|Attur|Chinnakoundampalayam,2024,49,97.0,2024-12-02
Tamil Nadu,Salem,Attur,Chinnakoundampalayam Gp,Chinnakoundampalayam,Tamil Nadu|Salem|Attur|Chinnakoundampalayam,2024,50,93.0,2024-12-09
Tamil Nadu,Salem,Attur,Chinnakoundampalayam Gp,Chinnakoundampalayam,Tamil Nadu|Salem|Attur|Chinnakoundampalayam,2024,51,113.0,2024-12-16
Tamil Nadu,Salem,Attur,Chinnakoundampalayam Gp,Chinnakoundampalayam,Tamil Nadu|Salem|Attur|Chinnakoundampalayam,2024,52,112.0,2024-12-23
Tamil Nadu,Salem,Attur,Chinnakoundampalayam Gp,Chinnakoundampalayam,Tamil Nadu|Salem|Attur|Chinnakoundampalayam,2025,1,109.0,2024-12-30
Tamil Nadu,Salem,Attur,Chinnakoundampalayam Gp,Chinnakoundampalayam,Tamil Nadu|Salem|Attur|Chinnakoundampalayam,2025,2,113.0,2025-01-06
Tamil Nadu,Salem,Attur,Chinnakoundampalayam Gp,Chinnakoundampalayam,Tamil Nadu|Salem|Attur|Chinnakoundampalayam,2025,3,118.0,2025-01-13
Tamil Nadu,Salem,Attur,Chinnakoundampalayam Gp,Chinnakoundampalayam,Tamil Nadu|Salem|Attur|Chinnakoundampalayam,2025,4,106.0,2025-01-20
Tamil Nadu,Salem,Attur,Chinnakoundampalayam Gp,Chinnakoundampalayam,Tamil Nadu|Salem|Attur|Chinnakoundampalayam,2025,5,121.0,2025-01-27
Tamil Nadu,Salem,Attur,Chinnakoundampalayam Gp,Chinnakoundampalayam,Tamil Nadu|Salem|Attur|Chinnakoundampalayam,2025,6,121.0,2025-02-03
Tamil Nadu,Salem,Attur,Chinnakoundampalayam Gp,Chinnakoundampalayam,Tamil Nadu|Salem|Attur|Chinnakoundampalayam,2025,7,122.0,2025-02-10
Tamil Nadu,Salem,Attur,Chinnakoundampalayam Gp,Chinnakoundampalayam,Tamil Nadu|Salem|Attur|Chinnakoundampalayam,2025,8,129.0,2025-02-17
Tamil Nadu,Salem,Attur,Chinnakoundampalayam Gp,Chinnakoundampalayam,Tamil Nadu|Salem|Attur|Chinnakoundampalayam,2025,9,144.0,2025-02-24
Tamil Nadu,Salem,Attur,Chinnakoundampalayam Gp,Chinnakoundampalayam,Tamil Nadu|Salem|Attur|Chinnakoundampalayam,2025,10,139.0,2025-03-03
Tamil Nadu,Salem,Attur,Chinnakoundampalayam Gp,Chinnakoundampalayam,Tamil Nadu|Salem|Attur|Chinnakoundampalayam,2025,11,132.0,2025-03-10
Tamil Nadu,Salem,Attur,Chinnakoundampalayam Gp,Chinnakoundampalayam,Tamil Nadu|Salem|Attur|Chinnakoundampalayam,2025,12,140.0,2025-03-17
Tamil Nadu,Salem,Attur,Chinnakoundampalayam Gp,Chinnakoundampalayam,Tamil Nadu|Salem|Attur|Chinnakoundampalayam,2025,13,147.0,2025-03-24
Tamil Nadu,Salem,Attur,Chinnakoundampalayam Gp,Chinnakoundampalayam,Tamil Nadu|Salem|Attur|Chinnakoundampalayam,2025,14,144.0,2025-03-31
Tamil Nadu,Salem,Attur,Chinnakoundampalayam Gp,Chinnakoundampalayam,Tamil Nadu|Salem|Attur|Chinnakoundampalayam,2025,15,138.0,2025-04-07
Tamil Nadu,Salem,Attur,Chinnakoundampalayam Gp,Chinnakoundampalayam,Tamil Nadu|Salem|Attur|Chinnakoundampalayam,2025,16,132.0,2025-04-14
Tamil Nadu,Salem,Attur,Chinnakoundampalayam Gp,Chinnakoundampalayam,Tamil Nadu|Salem|Attur|Chinnakoundampalayam,2025,17,140.0,2025-04-21
Tamil Nadu,Salem,Attur,Chinnakoundampalayam Gp,Chinnakoundampalayam,Tamil Nadu|Salem|Attur|Chinnakoundampalayam,2025,18,137.0,2025-04-28
Tamil Nadu,Salem,Attur,Chinnakoundampalayam Gp,Chinnakoundampalayam,Tamil Nadu|Salem|Attur|Chinnakoundampalayam,2025,19,139.0,2025-05-05
Tamil Nadu,Salem,Attur,Chinnakoundampalayam Gp,Chinnakoundampalayam,Tamil Nadu|Salem|Attur|Chinnakoundampalayam,2025,20,135.0,2025-05-12
Tamil Nadu,Salem,Attur,Chinnakoundampalayam Gp,Chinnakoundampalayam,Tamil Nadu|Salem|Attur|Chinnakoundampalayam,2025,21,135.0,2025-05-19
Tamil Nadu,Salem,Attur,Chinnakoundampalayam Gp,Chinnakoundampalayam,Tamil Nadu|Salem|Attur|Chinnakoundampalayam,2025,22,122.0,2025-05-26
Tamil Nadu,Salem,Attur,Chinnakoundampalayam Gp,Chinnakoundampalayam,Tamil Nadu|Salem|Attur|Chinnakoundampalayam,2025,23,131.0,2025-06-02
Tamil Nadu,Salem,Attur,Chinnakoundampalayam Gp,Chinnakoundampalayam,Tamil Nadu|Salem|Attur|Chinnakoundampalayam,2025,24,121.0,2025-06-09
Tamil Nadu,Salem,Attur,Chinnakoundampalayam Gp,Chinnakoundampalayam,Tamil Nadu|Salem|Attur|Chinnakoundampalayam,2025,25,130.0,2025-06-16
Tamil Nadu,Salem,Attur,Chinnakoundampalayam Gp,Chinnakoundampalayam,Tamil Nadu|Salem|Attur|Chinnakoundampalayam,2025,26,109.0,2025-06-23
Tamil Nadu,Salem,Attur,Chinnakoundampalayam Gp,Chinnakoundampalayam,Tamil Nadu|Salem|Attur|Chinnakoundampalayam,2025,27,121.0,2025-06-30
Tamil Nadu,Salem,Attur,Chinnakoundampalayam Gp,Chinnakoundampalayam,Tamil Nadu|Salem|Attur|Chinnakoundampalayam,2025,28,108.0,2025-07-07
Tamil Nadu,Salem,Attur,Chinnakoundampalayam Gp,Chinnakoundampalayam,Tamil Nadu|Salem|Attur|Chinnakoundampalayam,2025,29,99.0,2025-07-14
Tamil Nadu,Salem,Attur,Chinnakoundampalayam Gp,Chinnakoundampalayam,Tamil Nadu|Salem|Attur|Chinnakoundampalayam,2025,30,97.0,2025-07-21
Tamil Nadu,Salem,Attur,Chinnakoundampalayam Gp,Chinnakoundampalayam,Tamil Nadu|Salem|Attur|Chinnakoundampalayam,2025,31,95.0,2025-07-28
Tamil Nadu,Salem,Attur,Chinnakoundampalayam Gp,Chinnakoundampalayam,Tamil Nadu|Salem|Attur|Chinnakoundampalayam,2025,32,97.0,2025-08-04
Tamil Nadu,Salem,Attur,Chinnakoundampalayam Gp,Chinnakoundampalayam,Tamil Nadu|Salem|Attur|Chinnakoundampalayam,2025,33,95.0,2025-08-11
Tamil Nadu,Salem,Attur,Chinnakoundampalayam Gp,Chinnakoundampalayam,Tamil Nadu|Salem|Attur|Chinnakoundampalayam,2025,34,86.0,2025-08-18
Tamil Nadu,Salem,Attur,Chinnakoundampalayam Gp,Chinnakoundampalayam,Tamil Nadu|Salem|Attur|Chinnakoundampalayam,2025,35,87.0,2025-08-25
Tamil Nadu,Salem,Attur,Chinnakoundampalayam Gp,Chinnakoundampalayam,Tamil Nadu|Salem|Attur|Chinnakoundampalayam,2025,36,100.0,2025-09-01
Tamil Nadu,Salem,Attur,Chinnakoundampalayam Gp,Chinnakoundampalayam,Tamil Nadu|Salem|Attur|Chinnakoundampalayam,2025,37,96.0,2025-09-08
Tamil Nadu,Salem,Attur,Chinnakoundampalayam Gp,Chinnakoundampalayam,Tamil Nadu|Salem|Attur|Chinnakoundampalayam,2025,38,86.0,2025-09-15
Tamil Nadu,Salem,Attur,Chinnakoundampalayam Gp,Chinnakoundampalayam,Tamil Nadu|Salem|Attur|Chinnakoundampalayam,2025,39,83.0,2025-09-22
Tamil Nadu,Salem,Attur,Chinnakoundampalayam Gp,Chinnakoundampalayam,Tamil Nadu|Salem|Attur|Chinnakoundampalayam,2025,40,83.0,2025-09-29
Tamil Nadu,Salem,Attur,Chinnakoundampalayam Gp,Chinnakoundampalayam,Tamil Nadu|Salem|Attur|Chinnakoundampalayam,2025,41,87.0,2025-10-06
Tamil Nadu,Salem,Attur,Chinnakoundampalayam Gp,Chinnakoundampalayam,Tamil Nadu|Salem|Attur|Chinnakoundampalayam,2025,42,77.0,2025-10-13
Tamil Nadu,Salem,Attur,Chinnakoundampalayam Gp,Chinnakoundampalayam,Tamil Nadu|Salem|Attur|Chinnakoundampalayam,2025,43,83.0,2025-10-20
Tamil Nadu,Salem,Attur,Chinnakoundampalayam Gp,Chinnakoundampalayam,Tamil Nadu|Salem|Attur|Chinnakoundampalayam,2025,44,75.0,2025-10-27
Tamil Nadu,Salem,Attur,Chinnakoundampalayam Gp,Chinnakoundampalayam,Tamil Nadu|Salem|Attur|Chinnakoundampalayam,2025,45,90.0,2025-11-03
Tamil Nadu,Salem,Attur,Chinnakoundampalayam Gp,Chinnakoundampalayam,Tamil Nadu|Salem|Attur|Chinnakoundampalayam,2025,46,94.0,2025-11-10
Tamil Nadu,Salem,Attur,Chinnakoundampalayam Gp,Chinnakoundampalayam,Tamil Nadu|Salem|Attur|Chinnakoundampalayam,2025,47,89.0,2025-11-17
Tamil Nadu,Salem,Attur,Chinnakoundampalayam Gp,Chinnakoundampalayam,Tamil Nadu|Salem|Attur|Chinnakoundampalayam,2025,48,105.0,2025-11-24
Tamil Nadu,Salem,Attur,Chinnakoundampalayam Gp,Chinnakoundampalayam,Tamil Nadu|Salem|Attur|Chinnakoundampalayam,2025,49,98.0,2025-12-01
Tamil Nadu,Salem,Attur,Chinnakoundampalayam Gp,Chinnakoundampalayam,Tamil Nadu|Salem|Attur|Chinnakoundampalayam,2025,50,91.0,2025-12-08
Tamil Nadu,Salem,Attur,Chinnakoundampalayam Gp,Chinnakoundampalayam,Tamil Nadu|Salem|Attur|Chinnakoundampalayam,2025,51,105.0,2025-12-15
Tamil Nadu,Salem,Attur,Chinnakoundampalayam Gp,Chinnakoundampalayam,Tamil Nadu|Salem|Attur|Chinnakoundampalayam,2025,52,114.0,2025-12-22
Tamil Nadu,Salem,Attur,Periyakottai Gp,Periyakottai,Tamil Nadu|Salem|Attur|Periyakottai,2024,1,157.0,2024-01-01
Tamil Nadu,Salem,Attur,Periyakottai Gp,Periyakottai,Tamil Nadu|Salem|Attur|Periyakottai,2024,2,162.0,2024-01-08
Tamil Nadu,Salem,Attur,Periyakottai Gp,Periyakottai,Tamil Nadu|Salem|Attur|Periyakottai,2024,3,171.0,2024-01-15
Tamil Nadu,Salem,Attur,Periyakottai Gp,Periyakottai,Tamil Nadu|Salem|Attur|Periyakottai,2024,4,163.0,2024-01-22
Tamil Nadu,Salem,Attur,Periyakottai Gp,Periyakottai,Tamil Nadu|Salem|Attur|Periyakottai,2024,5,174.0,2024-01-29
Tamil Nadu,Salem,Attur,Periyakottai Gp,Periyakottai,Tamil Nadu|Salem|Attur|Periyakottai,2024,6,169.0,2024-02-05
Tamil Nadu,Salem,Attur,Periyakottai Gp,Periyakottai,Tamil Nadu|Salem|Attur|Periyakottai,2024,7,178.0,2024-02-12
Tamil Nadu,Salem,Attur,Periyakottai Gp,Periyakottai,Tamil Nadu|Salem|Attur|Periyakottai,2024,8,177.0,2024-02-19
Tamil Nadu,Salem,Attur,Periyakottai Gp,Periyakottai,Tamil Nadu|Salem|Attur|Periyakottai,2024,9,182.0,2024-02-26
Tamil Nadu,Salem,Attur,Periyakottai Gp,Periyakottai,Tamil Nadu|Salem|Attur|Periyakottai,2024,10,189.0,2024-03-04
Tamil Nadu,Salem,Attur,Periyakottai Gp,Periyakottai,Tamil Nadu|Salem|Attur|Periyakottai,2024,11,178.0,2024-03-11
Tamil Nadu,Salem,Attur,Periyakottai Gp,Periyakottai,Tamil Nadu|Salem|Attur|Periyakottai,2024,12,205.0,2024-03-18
Tamil Nadu,Salem,Attur,Periyakottai Gp,Periyakottai,Tamil Nadu|Salem|Attur|Periyakottai,2024,13,178.0,2024-03-25
Tamil Nadu,Salem,Attur,Periyakottai Gp,Periyakottai,Tamil Nadu|Salem|Attur|Periyakottai,2024,14,177.0,2024-04-01
Tamil Nadu,Salem,Attur,Periyakottai Gp,Periyakottai,Tamil Nadu|Salem|Attur|Periyakottai,2024,15,198.0,2024-04-08
Tamil Nadu,Salem,Attur,Periyakottai Gp,Periyakottai,Tamil Nadu|Salem|Attur|Periyakottai,2024,16,194.0,2024-04-15
Tamil Nadu,Salem,Attur,Periyakottai Gp,Periyakottai,Tamil Nadu|Salem|Attur|Periyakottai,2024,17,191.0,2024-04-22
Tamil Nadu,Salem,Attur,Periyakottai Gp,Periyakottai,Tamil Nadu|Salem|Attur|Periyakottai,2024,18,189.0,2024-04-29
Tamil Nadu,Salem,Attur,Periyakottai Gp,Periyakottai,Tamil Nadu|Salem|Attur|Periyakottai,2024,19,181.0,2024-05-06
Tamil Nadu,Salem,Attur,Periyakottai Gp,Periyakottai,Tamil Nadu|Salem|Attur|Periyakottai,2024,20,170.0,2024-05-13
Tamil Nadu,Salem,Attur,Periyakottai Gp,Periyakottai,Tamil Nadu|Salem|Attur|Periyakottai,2024,21,176.0,2024-05-20
Tamil Nadu,Salem,Attur,Periyakottai Gp,Periyakottai,Tamil Nadu|Salem|Attur|Periyakottai,2024,22,165.0,2024-05-27
Tamil Nadu,Salem,Attur,Periyakottai Gp,Periyakottai,Tamil Nadu|Salem|Attur|Periyakottai,2024,23,176.0,2024-06-03
Tamil Nadu,Salem,Attur,Periyakottai Gp,Periyakottai,Tamil Nadu|Salem|Attur|Periyakottai,2024,24,162.0,2024-06-10
Tamil Nadu,Salem,Attur,Periyakottai Gp,Periyakottai,Tamil Nadu|Salem|Attur|Periyakottai,2024,25,152.0,2024-06-17
Tamil Nadu,Salem,Attur,Periyakottai Gp,Periyakottai,Tamil Nadu|Salem|Attur|Periyakottai,2024,26,152.0,2024-06-24
Tamil Nadu,Salem,Attur,Periyakottai Gp,Periyakottai,Tamil Nadu|Salem|Attur|Periyakottai,2024,27,154.0,2024-07-01
Tamil Nadu,Salem,Attur,Periyakottai Gp,Periyakottai,Tamil Nadu|Salem|Attur|Periyakottai,2024,28,140.0,2024-07-08
Tamil Nadu,Salem,Attur,Periyakottai Gp,Periyakottai,Tamil Nadu|Salem|Attur|Periyakottai,2024,29,134.0,2024-07-15
Tamil Nadu,Salem,Attur,Periyakottai Gp,Periyakottai,Tamil Nadu|Salem|Attur|Periyakottai,2024,30,139.0,2024-07-22
Tamil Nadu,Salem,Attur,Periyakottai Gp,Periyakottai,Tamil Nadu|Salem|Attur|Periyakottai,2024,31,135.0,2024-07-29
Tamil Nadu,Salem,Attur,Periyakottai Gp,Periyakottai,Tamil Nadu|Salem|Attur|Periyakottai,2024,32,124.0,2024-08-05
Tamil Nadu,Salem,Attur,Periyakottai Gp,Periyakottai,Tamil Nadu|Salem|Attur|Periyakottai,2024,33,121.0,2024-08-12
Tamil Nadu,Salem,Attur,Periyakottai Gp,Periyakottai,Tamil Nadu|Salem|Attur|Periyakottai,2024,34,124.0,2024-08-19
Tamil Nadu,Salem,Attur,Periyakottai Gp,Periyakottai,Tamil Nadu|Salem|Attur|Periyakottai,2024,35,106.0,2024-08-26
Tamil Nadu,Salem,Attur,Periyakottai Gp,Periyakottai,Tamil Nadu|Salem|Attur|Periyakottai,2024,36,104.0,2024-09-02
Tamil Nadu,Salem,Attur,Periyakottai Gp,Periyakottai,Tamil Nadu|Salem|Attur|Periyakottai,2024,37,108.0,2024-09-09
Tamil Nadu,Salem,Attur,Periyakottai Gp,Periyakottai,Tamil Nadu|Salem|Attur|Periyakottai,2024,38,112.0,2024-09-16
Tamil Nadu,Salem,Attur,Periyakottai Gp,Periyakottai,Tamil Nadu|Salem|Attur|Periyakottai,2024,39,116.0,2024-09-23
Tamil Nadu,Salem,Attur,Periyakottai Gp,Periyakottai,Tamil Nadu|Salem|Attur|Periyakottai,2024,40,126.0,2024-09-30
Tamil Nadu,Salem,Attur,Periyakottai Gp,Periyakottai,Tamil Nadu|Salem|Attur|Periyakottai,2024,41,120.0,2024-10-07
Tamil Nadu,Salem,Attur,Periyakottai Gp,Periyakottai,Tamil Nadu|Salem|Attur|Periyakottai,2024,42,112.0,2024-10-14
Tamil Nadu,Salem,Attur,Periyakottai Gp,Periyakottai,Tamil Nadu|Salem|Attur|Periyakottai,2024,43,115.0,2024-10-21
Tamil Nadu,Salem,Attur,Periyakottai Gp,Periyakottai,Tamil Nadu|Salem|Attur|Periyakottai,2024,44,108.0,2024-10-28
Tamil Nadu,Salem,Attur,Periyakottai Gp,Periyakottai,Tamil Nadu|Salem|Attur|Periyakottai,2024,45,119.0,2024-11-04
Tamil Nadu,Salem,Attur,Periyakottai Gp,Periyakottai,Tamil Nadu|Salem|Attur|Periyakottai,2024,46,119.0,2024-11-11
Tamil Nadu,Salem,Attur,Periyakottai Gp,Periyakottai,Tamil Nadu|Salem|Attur|Periyakottai,2024,47,128.0,2024-11-18
Tamil Nadu,Salem,Attur,Periyakottai Gp,Periyakottai,Tamil Nadu|Salem|Attur|Periyakottai,2024,48,121.0,2024-11-25
Tamil Nadu,Salem,Attur,Periyakottai Gp,Periyakottai,Tamil Nadu|Salem|Attur|Periyakottai,2024,49,137.0,2024-12-02
Tamil Nadu,Salem,Attur,Periyakottai Gp,Periyakottai,Tamil Nadu|Salem|Attur|Periyakottai,2024,50,150.0,2024-12-09
Tamil Nadu,Salem,Attur,Periyakottai Gp,Periyakottai,Tamil Nadu|Salem|Attur|Periyakottai,2024,51,140.0,2024-12-16
Tamil Nadu,Salem,Attur,Periyakottai Gp,Periyakottai,Tamil Nadu|Salem|Attur|Periyakottai,2024,52,149.0,2024-12-23
Tamil Nadu,Salem,Attur,Periyakottai Gp,Periyakottai,Tamil Nadu|Salem|Attur|Periyakottai,2025,1,156.0,2024-12-30
Tamil Nadu,Salem,Attur,Periyakottai Gp,Periyakottai,Tamil Nadu|Salem|Attur|Periyakottai,2025,2,151.0,2025-01-06
Tamil Nadu,Salem,Attur,Periyakottai Gp,Periyakottai,Tamil Nadu|Salem|Attur|Periyakottai,2025,3,161.0,2025-01-13
Tamil Nadu,Salem,Attur,Periyakottai Gp,Periyakottai,Tamil Nadu|Salem|Attur|Periyakottai,2025,4,163.0,2025-01-20
Tamil Nadu,Salem,Attur,Periyakottai Gp,Periyakottai,Tamil Nadu|Salem|Attur|Periyakottai,2025,5,168.0,2025-01-27
Tamil Nadu,Salem,Attur,Periyakottai Gp,Periyakottai,Tamil Nadu|Salem|Attur|Periyakottai,2025,6,164.0,2025-02-03
Tamil Nadu,Salem,Attur,Periyakottai Gp,Periyakottai,Tamil Nadu|Salem|Attur|Periyakottai,2025,7,175.0,2025-02-10
Tamil Nadu,Salem,Attur,Periyakottai Gp,Periyakottai,Tamil Nadu|Salem|Attur|Periyakottai,2025,8,183.0,2025-02-17
Tamil Nadu,Salem,Attur,Periyakottai Gp,Periyakottai,Tamil Nadu|Salem|Attur|Periyakottai,2025,9,194.0,2025-02-24
Tamil Nadu,Salem,Attur,Periyakottai Gp,Periyakottai,Tamil Nadu|Salem|Attur|Periyakottai,2025,10,192.0,2025-03-03
Tamil Nadu,Salem,Attur,Periyakottai Gp,Periyakottai,Tamil Nadu|Salem|Attur|Periyakottai,2025,11,204.0,2025-03-10
Tamil Nadu,Salem,Attur,Periyakottai Gp,Periyakottai,Tamil Nadu|Salem|Attur|Periyakottai,2025,12,180.0,2025-03-17
Tamil Nadu,Salem,Attur,Periyakottai Gp,Periyakottai,Tamil Nadu|Salem|Attur|Periyakottai,2025,13,195.0,2025-03-24
Tamil Nadu,Salem,Attur,Periyakottai Gp,Periyakottai,Tamil Nadu|Salem|Attur|Periyakottai,2025,14,189.0,2025-03-31
Tamil Nadu,Salem,Attur,Periyakottai Gp,Periyakottai,Tamil Nadu|Salem|Attur|Periyakottai,2025,15,207.0,2025-04-07
Tamil Nadu,Salem,Attur,Periyakottai Gp,Periyakottai,Tamil Nadu|Salem|Attur|Periyakottai,2025,16,179.0,2025-04-14
Tamil Nadu,Salem,Attur,Periyakottai Gp,Periyakottai,Tamil Nadu|Salem|Attur|Periyakottai,2025,17,178.0,2025-04-21
Tamil Nadu,Salem,Attur,Periyakottai Gp,Periyakottai,Tamil Nadu|Salem|Attur|Periyakottai,2025,18,178.0,2025-04-28
Tamil Nadu,Salem,Attur,Periyakottai Gp,Periyakottai,Tamil Nadu|Salem|Attur|Periyakottai,2025,19,162.0,2025-05-05
Tamil Nadu,Salem,Attur,Periyakottai Gp,Periyakottai,Tamil Nadu|Salem|Attur|Periyakottai,2025,20,173.0,2025-05-12
Tamil Nadu,Salem,Attur,Periyakottai Gp,Periyakottai,Tamil Nadu|Salem|Attur|Periyakottai,2025,21,168.0,2025-05-19
Tamil Nadu,Salem,Attur,Periyakottai Gp,Periyakottai,Tamil Nadu|Salem|Attur|Periyakottai,2025,22,173.0,2025-05-26
Tamil Nadu,Salem,Attur,Periyakottai Gp,Periyakottai,Tamil Nadu|Salem|Attur|Periyakottai,2025,23,171.0,2025-06-02
Tamil Nadu,Salem,Attur,Periyakottai Gp,Periyakottai,Tamil Nadu|Salem|Attur|Periyakottai,2025,24,180.0,2025-06-09
Tamil Nadu,Salem,Attur,Periyakottai Gp,Periyakottai,Tamil Nadu|Salem|Attur|Periyakottai,2025,25,168.0,2025-06-16
Tamil Nadu,Salem,Attur,Periyakottai Gp,Periyakottai,Tamil Nadu|Salem|Attur|Periyakottai,2025,26,149.0,2025-06-23
Tamil Nadu,Salem,Attur,Periyakottai Gp,Periyakottai,Tamil Nadu|Salem|Attur|Periyakottai,2025,27,142.0,2025-06-30
Tamil Nadu,Salem,Attur,Periyakottai Gp,Periyakottai,Tamil Nadu|Salem|Attur|Periyakottai,2025,28,150.0,2025-07-07
Tamil Nadu,Salem,Attur,Periyakottai Gp,Periyakottai,Tamil Nadu|Salem|Attur|Periyakottai,2025,29,129.0,2025-07-14
Tamil Nadu,Salem,Attur,Periyakottai Gp,Periyakottai,Tamil Nadu|Salem|Attur|Periyakottai,2025,30,153.0,2025-07-21
Tamil Nadu,Salem,Attur,Periyakottai Gp,Periyakottai,Tamil Nadu|Salem|Attur|Periyakottai,2025,31,143.0,2025-07-28
Tamil Nadu,Salem,Attur,Periyakottai Gp,Periyakottai,Tamil Nadu|Salem|Attur|Periyakottai,2025,32,124.0,2025-08-04
Tamil Nadu,Salem,Attur,Periyakottai Gp,Periyakottai,Tamil Nadu|Salem|Attur|Periyakottai,2025,33,110.0,2025-08-11
Tamil Nadu,Salem,Attur,Periyakottai Gp,Periyakottai,Tamil Nadu|Salem|Attur|Periyakottai,2025,34,114.0,2025-08-18
Tamil Nadu,Salem,Attur,Periyakottai Gp,Periyakottai,Tamil Nadu|Salem|Attur|Periyakottai,2025,35,118.0,2025-08-25
Tamil Nadu,Salem,Attur,Periyakottai Gp,Periyakottai,Tamil Nadu|Salem|Attur|Periyakottai,2025,36,128.0,2025-09-01
Tamil Nadu,Salem,Attur,Periyakottai Gp,Periyakottai,Tamil Nadu|Salem|Attur|Periyakottai,2025,37,101.0,2025-09-08
Tamil Nadu,Salem,Attur,Periyakottai Gp,Periyakottai,Tamil Nadu|Salem|Attur|Periyakottai,2025,38,108.0,2025-09-15
Tamil Nadu,Salem,Attur,Periyakottai Gp,Periyakottai,Tamil Nadu|Salem|Attur|Periyakottai,2025,39,113.0,2025-09-22
Tamil Nadu,Salem,Attur,Periyakottai Gp,Periyakottai,Tamil Nadu|Salem|Attur|Periyakottai,2025,40,113.0,2025-09-29
Tamil Nadu,Salem,Attur,Periyakottai Gp,Periyakottai,Tamil Nadu|Salem|Attur|Periyakottai,2025,41,109.0,2025-10-06
Tamil Nadu,Salem,Attur,Periyakottai Gp,Periyakottai,Tamil Nadu|Salem|Attur|Periyakottai,2025,42,119.0,2025-10-13
Tamil Nadu,Salem,Attur,Periyakottai Gp,Periyakottai,Tamil Nadu|Salem|Attur|Periyakottai,2025,43,105.0,2025-10-20
Tamil Nadu,Salem,Attur,Periyakottai Gp,Periyakottai,Tamil Nadu|Salem|Attur|Periyakottai,2025,44,116.0,2025-10-27
Tamil Nadu,Salem,Attur,Periyakottai Gp,Periyakottai,Tamil Nadu|Salem|Attur|Periyakottai,2025,45,120.0,2025-11-03
Tamil Nadu,Salem,Attur,Periyakottai Gp,Periyakottai,Tamil Nadu|Salem|Attur|Periyakottai,2025,46,127.0,2025-11-10
Tamil Nadu,Salem,Attur,Periyakottai Gp,Periyakottai,Tamil Nadu|Salem|Attur|Periyakottai,2025,47,231.0,2025-11-17
Tamil Nadu,Salem,Attur,Periyakottai Gp,Periyakottai,Tamil Nadu|Salem|Attur|Periyakottai,2025,48,267.0,2025-11-24
Tamil Nadu,Salem,Attur,Periyakottai Gp,Periyakottai,Tamil Nadu|Salem|Attur|Periyakottai,2025,49,316.0,2025-12-01
Tamil Nadu,Salem,Attur,Periyakottai Gp,Periyakottai,Tamil Nadu|Salem|Attur|Periyakottai,2025,50,394.0,2025-12-08
Tamil Nadu,Salem,Attur,Periyakottai Gp,Periyakottai,Tamil Nadu|Salem|Attur|Periyakottai,2025,51,437.5,2025-12-15
Tamil Nadu,Salem,Attur,Periyakottai Gp,Periyakottai,Tamil Nadu|Salem|Attur|Periyakottai,2025,52,481.0,2025-12-22
Tamil Nadu,Salem,Attur,Servarayan Gp,Servarayan,Tamil Nadu|Salem|Attur|Servarayan,2024,1,103.0,2024-01-01
Tamil Nadu,Salem,Attur,Servarayan Gp,Servarayan,Tamil Nadu|Salem|Attur|Servarayan,2024,2,127.0,2024-01-08
Tamil Nadu,Salem,Attur,Servarayan Gp,Servarayan,Tamil Nadu|Salem|Attur|Servarayan,2024,3,111.0,2024-01-15
Tamil Nadu,Salem,Attur,Servarayan Gp,Servarayan,Tamil Nadu|Salem|Attur|Servarayan,2024,4,118.0,2024-01-22
Tamil Nadu,Salem,Attur,Servarayan Gp,Servarayan,Tamil Nadu|Salem|Attur|Servarayan,2024,5,120.0,2024-01-29
Tamil Nadu,Salem,Attur,Servarayan Gp,Servarayan,Tamil Nadu|Salem|Attur|Servarayan,2024,6,122.0,2024-02-05
Tamil Nadu,Salem,Attur,Servarayan Gp,Servarayan,Tamil Nadu|Salem|Attur|Servarayan,2024,7,119.0,2024-02-12
Tamil Nadu,Salem,Attur,Servarayan Gp,Servarayan,Tamil Nadu|Salem|Attur|Servarayan,2024,8,128.0,2024-02-19
Tamil Nadu,Salem,Attur,Servarayan Gp,Servarayan,Tamil Nadu|Salem|Attur|Servarayan,2024,9,122.0,2024-02-26
Tamil Nadu,Salem,Attur,Servarayan Gp,Servarayan,Tamil Nadu|Salem|Attur|Servarayan,2024,10,127.0,2024-03-04
Tamil Nadu,Salem,Attur,Servarayan Gp,Servarayan,Tamil Nadu|Salem|Attur|Servarayan,2024,11,128.0,2024-03-11
Tamil Nadu,Salem,Attur,Servarayan Gp,Servarayan,Tamil Nadu|Salem|Attur|Servarayan,2024,12,133.0,2024-03-18
Tamil Nadu,Salem,Attur,Servarayan Gp,Servarayan,Tamil Nadu|Salem|Attur|Servarayan,2024,13,148.0,2024-03-25
Tamil Nadu,Salem,Attur,Servarayan Gp,Servarayan,Tamil Nadu|Salem|Attur|Servarayan,2024,14,124.0,2024-04-01
Tamil Nadu,Salem,Attur,Servarayan Gp,Servarayan,Tamil Nadu|Salem|Attur|Servarayan,2024,15,139.0,2024-04-08
Tamil Nadu,Salem,Attur,Servarayan Gp,Servarayan,Tamil Nadu|Salem|Attur|Servarayan,2024,16,126.0,2024-04-15
Tamil Nadu,Salem,Attur,Servarayan Gp,Servarayan,Tamil Nadu|Salem|Attur|Servarayan,2024,17,132.0,2024-04-22
Tamil Nadu,Salem,Attur,Servarayan Gp,Servarayan,Tamil Nadu|Salem|Attur|Servarayan,2024,18,141.0,2024-04-29
Tamil Nadu,Salem,Attur,Servarayan Gp,Servarayan,Tamil Nadu|Salem|Attur|Servarayan,2024,19,134.0,2024-05-06
Tamil Nadu,Salem,Attur,Servarayan Gp,Servarayan,Tamil Nadu|Salem|Attur|Servarayan,2024,20,126.0,2024-05-13
Tamil Nadu,Salem,Attur,Servarayan Gp,Servarayan,Tamil Nadu|Salem|Attur|Servarayan,2024,21,126.0,2024-05-20
Tamil Nadu,Salem,Attur,Servarayan Gp,Servarayan,Tamil Nadu|Salem|Attur|Servarayan,2024,22,133.0,2024-05-27
Tamil Nadu,Salem,Attur,Servarayan Gp,Servarayan,Tamil Nadu|Salem|Attur|Servarayan,2024,23,122.0,2024-06-03
Tamil Nadu,Salem,Attur,Servarayan Gp,Servarayan,Tamil Nadu|Salem|Attur|Servarayan,2024,24,125.0,2024-06-10
Tamil Nadu,Salem,Attur,Servarayan Gp,Servarayan,Tamil Nadu|Salem|Attur|Servarayan,2024,25,122.0,2024-06-17
Tamil Nadu,Salem,Attur,Servarayan Gp,Servarayan,Tamil Nadu|Salem|Attur|Servarayan,2024,26,115.0,2024-06-24
Tamil Nadu,Salem,Attur,Servarayan Gp,Servarayan,Tamil Nadu|Salem|Attur|Servarayan,2024,27,128.0,2024-07-01
Tamil Nadu,Salem,Attur,Servarayan Gp,Servarayan,Tamil Nadu|Salem|Attur|Servarayan,2024,28,117.0,2024-07-08
Tamil Nadu,Salem,Attur,Servarayan Gp,Servarayan,Tamil Nadu|Salem|Attur|Servarayan,2024,29,98.0,2024-07-15
Tamil Nadu,Salem,Attur,Servarayan Gp,Servarayan,Tamil Nadu|Salem|Attur|Servarayan,2024,30,108.0,2024-07-22
Tamil Nadu,Salem,Attur,Servarayan Gp,Servarayan,Tamil Nadu|Salem|Attur|Servarayan,2024,31,100.0,2024-07-29
Tamil Nadu,Salem,Attur,Servarayan Gp,Servarayan,Tamil Nadu|Salem|Attur|Servarayan,2024,32,107.0,2024-08-05
Tamil Nadu,Salem,Attur,Servarayan Gp,Servarayan,Tamil Nadu|Salem|Attur|Servarayan,2024,33,95.0,2024-08-12
Tamil Nadu,Salem,Attur,Servarayan Gp,Servarayan,Tamil Nadu|Salem|Attur|Servarayan,2024,34,97.0,2024-08-19
Tamil Nadu,Salem,Attur,Servarayan Gp,Servarayan,Tamil Nadu|Salem|Attur|Servarayan,2024,35,99.0,2024-08-26
Tamil Nadu,Salem,Attur,Servarayan Gp,Servarayan,Tamil Nadu|Salem|Attur|Servarayan,2024,36,99.0,2024-09-02
Tamil Nadu,Salem,Attur,Servarayan Gp,Servarayan,Tamil Nadu|Salem|Attur|Servarayan,2024,37,86.0,2024-09-09
Tamil Nadu,Salem,Attur,Servarayan Gp,Servarayan,Tamil Nadu|Salem|Attur|Servarayan,2024,38,91.0,2024-09-16
Tamil Nadu,Salem,Attur,Servarayan Gp,Servarayan,Tamil Nadu|Salem|Attur|Servarayan,2024,39,89.0,2024-09-23
Tamil Nadu,Salem,Attur,Servarayan Gp,Servarayan,Tamil Nadu|Salem|Attur|Servarayan,2024,40,89.0,2024-09-30
Tamil Nadu,Salem,Attur,Servarayan Gp,Servarayan,Tamil Nadu|Salem|Attur|Servarayan,2024,41,104.0,2024-10-07
Tamil Nadu,Salem,Attur,Servarayan Gp,Servarayan,Tamil Nadu|Salem|Attur|Servarayan,2024,42,97.0,2024-10-14
Tamil Nadu,Salem,Attur,Servarayan Gp,Servarayan,Tamil Nadu|Salem|Attur|Servarayan,2024,43,88.0,2024-10-21
Tamil Nadu,Salem,Attur,Servarayan Gp,Servarayan,Tamil Nadu|Salem|Attur|Servarayan,2024,44,103.0,2024-10-28
Tamil Nadu,Salem,Attur,Servarayan Gp,Servarayan,Tamil Nadu|Salem|Attur|Servarayan,2024,45,113.0,2024-11-04
Tamil Nadu,Salem,Attur,Servarayan Gp,Servarayan,Tamil Nadu|Salem|Attur|Servarayan,2024,46,109.0,2024-11-11
Tamil Nadu,Salem,Attur,Servarayan Gp,Servarayan,Tamil Nadu|Salem|Attur|Servarayan,2024,47,97.0,2024-11-18
Tamil Nadu,Salem,Attur,Servarayan Gp,Servarayan,Tamil Nadu|Salem|Attur|Servarayan,2024,48,107.0,2024-11-25
Tamil Nadu,Salem,Attur,Servarayan Gp,Servarayan,Tamil Nadu|Salem|Attur|Servarayan,2024,49,121.0,2024-12-02
Tamil Nadu,Salem,Attur,Servarayan Gp,Servarayan,Tamil Nadu|Salem|Attur|Servarayan,2024,50,114.0,2024-12-09
Tamil Nadu,Salem,Attur,Servarayan Gp,Servarayan,Tamil Nadu|Salem|Attur|Servarayan,2024,51,125.0,2024-12-16
Tamil Nadu,Salem,Attur,Servarayan Gp,Servarayan,Tamil Nadu|Salem|Attur|Servarayan,2024,52,131.0,2024-12-23
Tamil Nadu,Salem,Attur,Servarayan Gp,Servarayan,Tamil Nadu|Salem|Attur|Servarayan,2025,1,126.0,2024-12-30
Tamil Nadu,Salem,Attur,Servarayan Gp,Servarayan,Tamil Nadu|Salem|Attur|Servarayan,2025,2,135.0,2025-01-06
Tamil Nadu,Salem,Attur,Servarayan Gp,Servarayan,Tamil Nadu|Salem|Attur|Servarayan,2025,3,121.0,2025-01-13
Tamil Nadu,Salem,Attur,Servarayan Gp,Servarayan,Tamil Nadu|Salem|Attur|Servarayan,2025,4,139.0,2025-01-20
Tamil Nadu,Salem,Attur,Servarayan Gp,Servarayan,Tamil Nadu|Salem|Attur|Servarayan,2025,5,148.0,2025-01-27
Tamil Nadu,Salem,Attur,Servarayan Gp,Servarayan,Tamil Nadu|Salem|Attur|Servarayan,2025,6,146.0,2025-02-03
Tamil Nadu,Salem,Attur,Servarayan Gp,Servarayan,Tamil Nadu|Salem|Attur|Servarayan,2025,7,149.0,2025-02-10
Tamil Nadu,Salem,Attur,Servarayan Gp,Servarayan,Tamil Nadu|Salem|Attur|Servarayan,2025,8,152.0,2025-02-17
Tamil Nadu,Salem,Attur,Servarayan Gp,Servarayan,Tamil Nadu|Salem|Attur|Servarayan,2025,9,161.0,2025-02-24
Tamil Nadu,Salem,Attur,Servarayan Gp,Servarayan,Tamil Nadu|Salem|Attur|Servarayan,2025,10,168.0,2025-03-03
Tamil Nadu,Salem,Attur,Servarayan Gp,Servarayan,Tamil Nadu|Salem|Attur|Servarayan,2025,11,178.0,2025-03-10
Tamil Nadu,Salem,Attur,Servarayan Gp,Servarayan,Tamil Nadu|Salem|Attur|Servarayan,2025,12,163.0,2025-03-17
Tamil Nadu,Salem,Attur,Servarayan Gp,Servarayan,Tamil Nadu|Salem|Attur|Servarayan,2025,13,180.0,2025-03-24
Tamil Nadu,Salem,Attur,Servarayan Gp,Servarayan,Tamil Nadu|Salem|Attur|Servarayan,2025,14,174.0,2025-03-31
Tamil Nadu,Salem,Attur,Servarayan Gp,Servarayan,Tamil Nadu|Salem|Attur|Servarayan,2025,15,168.0,2025-04-07
Tamil Nadu,Salem,Attur,Servarayan Gp,Servarayan,Tamil Nadu|Salem|Attur|Servarayan,2025,16,177.0,2025-04-14
Tamil Nadu,Salem,Attur,Servarayan Gp,Servarayan,Tamil Nadu|Salem|Attur|Servarayan,2025,17,175.0,2025-04-21
Tamil Nadu,Salem,Attur,Servarayan Gp,Servarayan,Tamil Nadu|Salem|Attur|Servarayan,2025,18,169.0,2025-04-28
Tamil Nadu,Salem,Attur,Servarayan Gp,Servarayan,Tamil Nadu|Salem|Attur|Servarayan,2025,19,172.0,2025-05-05
Tamil Nadu,Salem,Attur,Servarayan Gp,Servarayan,Tamil Nadu|Salem|Attur|Servarayan,2025,20,167.0,2025-05-12
Tamil Nadu,Salem,Attur,Servarayan Gp,Servarayan,Tamil Nadu|Salem|Attur|Servarayan,2025,21,168.0,2025-05-19
Tamil Nadu,Salem,Attur,Servarayan Gp,Servarayan,Tamil Nadu|Salem|Attur|Servarayan,2025,22,168.0,2025-05-26
Tamil Nadu,Salem,Attur,Servarayan Gp,Servarayan,Tamil Nadu|Salem|Attur|Servarayan,2025,23,171.0,2025-06-02
Tamil Nadu,Salem,Attur,Servarayan Gp,Servarayan,Tamil Nadu|Salem|Attur|Servarayan,2025,24,150.0,2025-06-09
Tamil Nadu,Salem,Attur,Servarayan Gp,Servarayan,Tamil Nadu|Salem|Attur|Servarayan,2025,25,167.0,2025-06-16
Tamil Nadu,Salem,Attur,Servarayan Gp,Servarayan,Tamil Nadu|Salem|Attur|Servarayan,2025,26,139.0,2025-06-23
Tamil Nadu,Salem,Attur,Servarayan Gp,Servarayan,Tamil Nadu|Salem|Attur|Servarayan,2025,27,146.0,2025-06-30
Tamil Nadu,Salem,Attur,Servarayan Gp,Servarayan,Tamil Nadu|Salem|Attur|Servarayan,2025,28,146.0,2025-07-07
Tamil Nadu,Salem,Attur,Servarayan Gp,Servarayan,Tamil Nadu|Salem|Attur|Servarayan,2025,29,141.0,2025-07-14
Tamil Nadu,Salem,Attur,Servarayan Gp,Servarayan,Tamil Nadu|Salem|Attur|Servarayan,2025,30,132.0,2025-07-21
Tamil Nadu,Salem,Attur,Servarayan Gp,Servarayan,Tamil Nadu|Salem|Attur|Servarayan,2025,31,131.0,2025-07-28
Tamil Nadu,Salem,Attur,Servarayan Gp,Servarayan,Tamil Nadu|Salem|Attur|Servarayan,2025,32,126.0,2025-08-04
Tamil Nadu,Salem,Attur,Servarayan Gp,Servarayan,Tamil Nadu|Salem|Attur|Servarayan,2025,33,122.0,2025-08-11
Tamil Nadu,Salem,Attur,Servarayan Gp,Servarayan,Tamil Nadu|Salem|Attur|Servarayan,2025,34,128.0,2025-08-18
Tamil Nadu,Salem,Attur,Servarayan Gp,Servarayan,Tamil Nadu|Salem|Attur|Servarayan,2025,35,123.0,2025-08-25
Tamil Nadu,Salem,Attur,Servarayan Gp,Servarayan,Tamil Nadu|Salem|Attur|Servarayan,2025,36,114.0,2025-09-01
Tamil Nadu,Salem,Attur,Servarayan Gp,Servarayan,Tamil Nadu|Salem|Attur|Servarayan,2025,37,122.0,2025-09-08
Tamil Nadu,Salem,Attur,Servarayan Gp,Servarayan,Tamil Nadu|Salem|Attur|Servarayan,2025,38,118.0,2025-09-15
Tamil Nadu,Salem,Attur,Servarayan Gp,Servarayan,Tamil Nadu|Salem|Attur|Servarayan,2025,39,121.0,2025-09-22
Tamil Nadu,Salem,Attur,Servarayan Gp,Servarayan,Tamil Nadu|Salem|Attur|Servarayan,2025,40,120.0,2025-09-29
Tamil Nadu,Salem,Attur,Servarayan Gp,Servarayan,Tamil Nadu|Salem|Attur|Servarayan,2025,41,112.0,2025-10-06
Tamil Nadu,Salem,Attur,Servarayan Gp,Servarayan,Tamil Nadu|Salem|Attur|Servarayan,2025,42,115.0,2025-10-13
Tamil Nadu,Salem,Attur,Servarayan Gp,Servarayan,Tamil Nadu|Salem|Attur|Servarayan,2025,43,124.0,2025-10-20
Tamil Nadu,Salem,Attur,Servarayan Gp,Servarayan,Tamil Nadu|Salem|Attur|Servarayan,2025,44,126.0,2025-10-27
Tamil Nadu,Salem,Attur,Servarayan Gp,Servarayan,Tamil Nadu|Salem|Attur|Servarayan,2025,45,125.0,2025-11-03
Tamil Nadu,Salem,Attur,Servarayan Gp,Servarayan,Tamil Nadu|Salem|Attur|Servarayan,2025,46,129.0,2025-11-10
Tamil Nadu,Salem,Attur,Servarayan Gp,Servarayan,Tamil Nadu|Salem|Attur|Servarayan,2025,47,140.0,2025-11-17
Tamil Nadu,Salem,Attur,Servarayan Gp,Servarayan,Tamil Nadu|Salem|Attur|Servarayan,2025,48,133.0,2025-11-24
Tamil Nadu,Salem,Attur,Servarayan Gp,Servarayan,Tamil Nadu|Salem|Attur|Servarayan,2025,49,145.0,2025-12-01
Tamil Nadu,Salem,Attur,Servarayan Gp,Servarayan,Tamil Nadu|Salem|Attur|Servarayan,2025,50,145.0,2025-12-08
Tamil Nadu,Salem,Attur,Servarayan Gp,Servarayan,Tamil Nadu|Salem|Attur|Servarayan,2025,51,150.0,2025-12-15
Tamil Nadu,Salem,Attur,Servarayan Gp,Servarayan,Tamil Nadu|Salem|Attur|Servarayan,2025,52,164.0,2025-12-22
Tamil Nadu,Salem,Yercaud,Kumarapuram Gp,Kumara Puram,Tamil Nadu|Salem|Yercaud|Kumara Puram,2024,40,91.0,2024-09-30
Tamil Nadu,Salem,Yercaud,Kumarapuram Gp,Kumarapuram,Tamil Nadu|Salem|Yercaud|Kumarapuram,2024,1,124.0,2024-01-01
Tamil Nadu,Salem,Yercaud,Kumarapuram Gp,Kumarapuram,Tamil Nadu|Salem|Yercaud|Kumarapuram,2024,2,123.0,2024-01-08
Tamil Nadu,Salem,Yercaud,Kumarapuram Gp,Kumarapuram,Tamil Nadu|Salem|Yercaud|Kumarapuram,2024,3,132.0,2024-01-15
Tamil Nadu,Salem,Yercaud,Kumarapuram Gp,Kumarapuram,Tamil Nadu|Salem|Yercaud|Kumarapuram,2024,4,142.0,2024-01-22
Tamil Nadu,Salem,Yercaud,Kumarapuram Gp,Kumarapuram,Tamil Nadu|Salem|Yercaud|Kumarapuram,2024,5,132.0,2024-01-29
Tamil Nadu,Salem,Yercaud,Kumarapuram Gp,Kumarapuram,Tamil Nadu|Salem|Yercaud|Kumarapuram,2024,6,135.0,2024-02-05
Tamil Nadu,Salem,Yercaud,Kumarapuram Gp,Kumarapuram,Tamil Nadu|Salem|Yercaud|Kumarapuram,2024,7,151.0,2024-02-12
Tamil Nadu,Salem,Yercaud,Kumarapuram Gp,Kumarapuram,Tamil Nadu|Salem|Yercaud|Kumarapuram,2024,8,148.0,2024-02-19
Tamil Nadu,Salem,Yercaud,Kumarapuram Gp,Kumarapuram,Tamil Nadu|Salem|Yercaud|Kumarapuram,2024,9,141.0,2024-02-26
Tamil Nadu,Salem,Yercaud,Kumarapuram Gp,Kumarapuram,Tamil Nadu|Salem|Yercaud|Kumarapuram,2024,10,150.0,2024-03-04
Tamil Nadu,Salem,Yercaud,Kumarapuram Gp,Kumarapuram,Tamil Nadu|Salem|Yercaud|Kumarapuram,2024,11,145.0,2024-03-11
Tamil Nadu,Salem,Yercaud,Kumarapuram Gp,Kumarapuram,Tamil Nadu|Salem|Yercaud|Kumarapuram,2024,12,146.0,2024-03-18
Tamil Nadu,Salem,Yercaud,Kumarapuram Gp,Kumarapuram,Tamil Nadu|Salem|Yercaud|Kumarapuram,2024,13,152.0,2024-03-25
Tamil Nadu,Salem,Yercaud,Kumarapuram Gp,Kumarapuram,Tamil Nadu|Salem|Yercaud|Kumarapuram,2024,14,136.0,2024-04-01
Tamil Nadu,Salem,Yercaud,Kumarapuram Gp,Kumarapuram,Tamil Nadu|Salem|Yercaud|Kumarapuram,2024,15,137.0,2024-04-08
Tamil Nadu,Salem,Yercaud,Kumarapuram Gp,Kumarapuram,Tamil Nadu|Salem|Yercaud|Kumarapuram,2024,16,145.0,2024-04-15
Tamil Nadu,Salem,Yercaud,Kumarapuram Gp,Kumarapuram,Tamil Nadu|Salem|Yercaud|Kumarapuram,2024,17,141.0,2024-04-22
Tamil Nadu,Salem,Yercaud,Kumarapuram Gp,Kumarapuram,Tamil Nadu|Salem|Yercaud|Kumarapuram,2024,18,149.0,2024-04-29
Tamil Nadu,Salem,Yercaud,Kumarapuram Gp,Kumarapuram,Tamil Nadu|Salem|Yercaud|Kumarapuram,2024,19,138.0,2024-05-06
Tamil Nadu,Salem,Yercaud,Kumarapuram Gp,Kumarapuram,Tamil Nadu|Salem|Yercaud|Kumarapuram,2024,20,132.0,2024-05-13
Tamil Nadu,Salem,Yercaud,Kumarapuram Gp,Kumarapuram,Tamil Nadu|Salem|Yercaud|Kumarapuram,2024,21,150.0,2024-05-20
Tamil Nadu,Salem,Yercaud,Kumarapuram Gp,Kumarapuram,Tamil Nadu|Salem|Yercaud|Kumarapuram,2024,22,135.0,2024-05-27
Tamil Nadu,Salem,Yercaud,Kumarapuram Gp,Kumarapuram,Tamil Nadu|Salem|Yercaud|Kumarapuram,2024,23,134.0,2024-06-03
Tamil Nadu,Salem,Yercaud,Kumarapuram Gp,Kumarapuram,Tamil Nadu|Salem|Yercaud|Kumarapuram,2024,24,120.0,2024-06-10
Tamil Nadu,Salem,Yercaud,Kumarapuram Gp,Kumarapuram,Tamil Nadu|Salem|Yercaud|Kumarapuram,2024,25,123.0,2024-06-17
Tamil Nadu,Salem,Yercaud,Kumarapuram Gp,Kumarapuram,Tamil Nadu|Salem|Yercaud|Kumarapuram,2024,26,124.0,2024-06-24
Tamil Nadu,Salem,Yercaud,Kumarapuram Gp,Kumarapuram,Tamil Nadu|Salem|Yercaud|Kumarapuram,2024,27,112.0,2024-07-01
Tamil Nadu,Salem,Yercaud,Kumarapuram Gp,Kumarapuram,Tamil Nadu|Salem|Yercaud|Kumarapuram,2024,28,119.0,2024-07-08
Tamil Nadu,Salem,Yercaud,Kumarapuram Gp,Kumarapuram,Tamil Nadu|Salem|Yercaud|Kumarapuram,2024,29,108.0,2024-07-15
Tamil Nadu,Salem,Yercaud,Kumarapuram Gp,Kumarapuram,Tamil Nadu|Salem|Yercaud|Kumarapuram,2024,30,107.0,2024-07-22
Tamil Nadu,Salem,Yercaud,Kumarapuram Gp,Kumarapuram,Tamil Nadu|Salem|Yercaud|Kumarapuram,2024,31,102.0,2024-07-29
Tamil Nadu,Salem,Yercaud,Kumarapuram Gp,Kumarapuram,Tamil Nadu|Salem|Yercaud|Kumarapuram,2024,32,116.0,2024-08-05
Tamil Nadu,Salem,Yercaud,Kumarapuram Gp,Kumarapuram,Tamil Nadu|Salem|Yercaud|Kumarapuram,2024,33,100.0,2024-08-12
Tamil Nadu,Salem,Yercaud,Kumarapuram Gp,Kumarapuram,Tamil Nadu|Salem|Yercaud|Kumarapuram,2024,34,90.0,2024-08-19
Tamil Nadu,Salem,Yercaud,Kumarapuram Gp,Kumarapuram,Tamil Nadu|Salem|Yercaud|Kumarapuram,2024,35,101.0,2024-08-26
Tamil Nadu,Salem,Yercaud,Kumarapuram Gp,Kumarapuram,Tamil Nadu|Salem|Yercaud|Kumarapuram,2024,36,85.0,2024-09-02
Tamil Nadu,Salem,Yercaud,Kumarapuram Gp,Kumarapuram,Tamil Nadu|Salem|Yercaud|Kumarapuram,2024,37,81.0,2024-09-09
Tamil Nadu,Salem,Yercaud,Kumarapuram Gp,Kumarapuram,Tamil Nadu|Salem|Yercaud|Kumarapuram,2024,38,77.0,2024-09-16
Tamil Nadu,Salem,Yercaud,Kumarapuram Gp,Kumarapuram,Tamil Nadu|Salem|Yercaud|Kumarapuram,2024,39,81.0,2024-09-23
Tamil Nadu,Salem,Yercaud,Kumarapuram Gp,Kumarapuram,Tamil Nadu|Salem|Yercaud|Kumarapuram,2024,40,91.0,2024-09-30
Tamil Nadu,Salem,Yercaud,Kumarapuram Gp,Kumarapuram,Tamil Nadu|Salem|Yercaud|Kumarapuram,2024,41,96.0,2024-10-07
Tamil Nadu,Salem,Yercaud,Kumarapuram Gp,Kumarapuram,Tamil Nadu|Salem|Yercaud|Kumarapuram,2024,42,92.0,2024-10-14
Tamil Nadu,Salem,Yercaud,Kumarapuram Gp,Kumarapuram,Tamil Nadu|Salem|Yercaud|Kumarapuram,2024,43,91.0,2024-10-21
Tamil Nadu,Salem,Yercaud,Kumarapuram Gp,Kumarapuram,Tamil Nadu|Salem|Yercaud|Kumarapuram,2024,44,91.0,2024-10-28
Tamil Nadu,Salem,Yercaud,Kumarapuram Gp,Kumarapuram,Tamil Nadu|Salem|Yercaud|Kumarapuram,2024,45,85.0,2024-11-04
Tamil Nadu,Salem,Yercaud,Kumarapuram Gp,Kumarapuram,Tamil Nadu|Salem|Yercaud|Kumarapuram,2024,46,92.0,2024-11-11
Tamil Nadu,Salem,Yercaud,Kumarapuram Gp,Kumarapuram,Tamil Nadu|Salem|Yercaud|Kumarapuram,2024,47,97.0,2024-11-18
Tamil Nadu,Salem,Yercaud,Kumarapuram Gp,Kumarapuram,Tamil Nadu|Salem|Yercaud|Kumarapuram,2024,48,111.0,2024-11-25
Tamil Nadu,Salem,Yercaud,Kumarapuram Gp,Kumarapuram,Tamil Nadu|Salem|Yercaud|Kumarapuram,2024,49,109.0,2024-12-02
Tamil Nadu,Salem,Yercaud,Kumarapuram Gp,Kumarapuram,Tamil Nadu|Salem|Yercaud|Kumarapuram,2024,50,97.0,2024-12-09
Tamil Nadu,Salem,Yercaud,Kumarapuram Gp,Kumarapuram,Tamil Nadu|Salem|Yercaud|Kumarapuram,2024,51,115.0,2024-12-16
Tamil Nadu,Salem,Yercaud,Kumarapuram Gp,Kumarapuram,Tamil Nadu|Salem|Yercaud|Kumarapuram,2024,52,115.0,2024-12-23
Tamil Nadu,Salem,Yercaud,Kumarapuram Gp,Kumarapuram,Tamil Nadu|Salem|Yercaud|Kumarapuram,2025,1,115.0,2024-12-30
Tamil Nadu,Salem,Yercaud,Kumarapuram Gp,Kumarapuram,Tamil Nadu|Salem|Yercaud|Kumarapuram,2025,2,128.0,2025-01-06
Tamil Nadu,Salem,Yercaud,Kumarapuram Gp,Kumarapuram,Tamil Nadu|Salem|Yercaud|Kumarapuram,2025,3,135.0,2025-01-13
Tamil Nadu,Salem,Yercaud,Kumarapuram Gp,Kumarapuram,Tamil Nadu|Salem|Yercaud|Kumarapuram,2025,4,137.0,2025-01-20
Tamil Nadu,Salem,Yercaud,Kumarapuram Gp,Kumarapuram,Tamil Nadu|Salem|Yercaud|Kumarapuram,2025,5,128.0,2025-01-27
Tamil Nadu,Salem,Yercaud,Kumarapuram Gp,Kumarapuram,Tamil Nadu|Salem|Yercaud|Kumarapuram,2025,6,135.0,2025-02-03
Tamil Nadu,Salem,Yercaud,Kumarapuram Gp,Kumarapuram,Tamil Nadu|Salem|Yercaud|Kumarapuram,2025,7,142.0,2025-02-10
Tamil Nadu,Salem,Yercaud,Kumarapuram Gp,Kumarapuram,Tamil Nadu|Salem|Yercaud|Kumarapuram,2025,8,149.0,2025-02-17
Tamil Nadu,Salem,Yercaud,Kumarapuram Gp,Kumarapuram,Tamil Nadu|Salem|Yercaud|Kumarapuram,2025,9,141.0,2025-02-24
Tamil Nadu,Salem,Yercaud,Kumarapuram Gp,Kumarapuram,Tamil Nadu|Salem|Yercaud|Kumarapuram,2025,10,145.0,2025-03-03
Tamil Nadu,Salem,Yercaud,Kumarapuram Gp,Kumarapuram,Tamil Nadu|Salem|Yercaud|Kumarapuram,2025,11,140.0,2025-03-10
Tamil Nadu,Salem,Yercaud,Kumarapuram Gp,Kumarapuram,Tamil Nadu|Salem|Yercaud|Kumarapuram,2025,12,141.0,2025-03-17
Tamil Nadu,Salem,Yercaud,Kumarapuram Gp,Kumarapuram,Tamil Nadu|Salem|Yercaud|Kumarapuram,2025,13,156.0,2025-03-24
Tamil Nadu,Salem,Yercaud,Kumarapuram Gp,Kumarapuram,Tamil Nadu|Salem|Yercaud|Kumarapuram,2025,14,160.0,2025-03-31
Tamil Nadu,Salem,Yercaud,Kumarapuram Gp,Kumarapuram,Tamil Nadu|Salem|Yercaud|Kumarapuram,2025,15,149.0,2025-04-07
Tamil Nadu,Salem,Yercaud,Kumarapuram Gp,Kumarapuram,Tamil Nadu|Salem|Yercaud|Kumarapuram,2025,16,156.0,2025-04-14
Tamil Nadu,Salem,Yercaud,Kumarapuram Gp,Kumarapuram,Tamil Nadu|Salem|Yercaud|Kumarapuram,2025,17,151.0,2025-04-21
Tamil Nadu,Salem,Yercaud,Kumarapuram Gp,Kumarapuram,Tamil Nadu|Salem|Yercaud|Kumarapuram,2025,18,142.0,2025-04-28
Tamil Nadu,Salem,Yercaud,Kumarapuram Gp,Kumarapuram,Tamil Nadu|Salem|Yercaud|Kumarapuram,2025,19,147.0,2025-05-05
Tamil Nadu,Salem,Yercaud,Kumarapuram Gp,Kumarapuram,Tamil Nadu|Salem|Yercaud|Kumarapuram,2025,20,154.0,2025-05-12
Tamil Nadu,Salem,Yercaud,Kumarapuram Gp,Kumarapuram,Tamil Nadu|Salem|Yercaud|Kumarapuram,2025,21,140.0,2025-05-19
Tamil Nadu,Salem,Yercaud,Kumarapuram Gp,Kumarapuram,Tamil Nadu|Salem|Yercaud|Kumarapuram,2025,22,148.0,2025-05-26
Tamil Nadu,Salem,Yercaud,Kumarapuram Gp,Kumarapuram,Tamil Nadu|Salem|Yercaud|Kumarapuram,2025,23,115.0,2025-06-02
Tamil Nadu,Salem,Yercaud,Kumarapuram Gp,Kumarapuram,Tamil Nadu|Salem|Yercaud|Kumarapuram,2025,24,137.0,2025-06-09
Tamil Nadu,Salem,Yercaud,Kumarapuram Gp,Kumarapuram,Tamil Nadu|Salem|Yercaud|Kumarapuram,2025,25,128.0,2025-06-16
Tamil Nadu,Salem,Yercaud,Kumarapuram Gp,Kumarapuram,Tamil Nadu|Salem|Yercaud|Kumarapuram,2025,26,121.0,2025-06-23
Tamil Nadu,Salem,Yercaud,Kumarapuram Gp,Kumarapuram,Tamil Nadu|Salem|Yercaud|Kumarapuram,2025,27,121.0,2025-06-30
Tamil Nadu,Salem,Yercaud,Kumarapuram Gp,Kumarapuram,Tamil Nadu|Salem|Yercaud|Kumarapuram,2025,28,102.0,2025-07-07
Tamil Nadu,Salem,Yercaud,Kumarapuram Gp,Kumarapuram,Tamil Nadu|Salem|Yercaud|Kumarapuram,2025,29,111.0,2025-07-14
Tamil Nadu,Salem,Yercaud,Kumarapuram Gp,Kumarapuram,Tamil Nadu|Salem|Yercaud|Kumarapuram,2025,30,112.0,2025-07-21
Tamil Nadu,Salem,Yercaud,Kumarapuram Gp,Kumarapuram,Tamil Nadu|Salem|Yercaud|Kumarapuram,2025,31,117.0,2025-07-28
Tamil Nadu,Salem,Yercaud,Kumarapuram Gp,Kumarapuram,Tamil Nadu|Salem|Yercaud|Kumarapuram,2025,32,99.0,2025-08-04
Tamil Nadu,Salem,Yercaud,Kumarapuram Gp,Kumarapuram,Tamil Nadu|Salem|Yercaud|Kumarapuram,2025,33,94.0,2025-08-11
Tamil Nadu,Salem,Yercaud,Kumarapuram Gp,Kumarapuram,Tamil Nadu|Salem|Yercaud|Kumarapuram,2025,34,94.0,2025-08-18
Tamil Nadu,Salem,Yercaud,Kumarapuram Gp,Kumarapuram,Tamil Nadu|Salem|Yercaud|Kumarapuram,2025,35,102.0,2025-08-25
Tamil Nadu,Salem,Yercaud,Kumarapuram Gp,Kumarapuram,Tamil Nadu|Salem|Yercaud|Kumarapuram,2025,36,96.0,2025-09-01
Tamil Nadu,Salem,Yercaud,Kumarapuram Gp,Kumarapuram,Tamil Nadu|Salem|Yercaud|Kumarapuram,2025,37,88.0,2025-09-08
Tamil Nadu,Salem,Yercaud,Kumarapuram Gp,Kumarapuram,Tamil Nadu|Salem|Yercaud|Kumarapuram,2025,38,95.0,2025-09-15
Tamil Nadu,Salem,Yercaud,Kumarapuram Gp,Kumarapuram,Tamil Nadu|Salem|Yercaud|Kumarapuram,2025,39,96.0,2025-09-22
Tamil Nadu,Salem,Yercaud,Kumarapuram Gp,Kumarapuram,Tamil Nadu|Salem|Yercaud|Kumarapuram,2025,40,97.0,2025-09-29
Tamil Nadu,Salem,Yercaud,Kumarapuram Gp,Kumarapuram,Tamil Nadu|Salem|Yercaud|Kumarapuram,2025,41,85.0,2025-10-06
Tamil Nadu,Salem,Yercaud,Kumarapuram Gp,Kumarapuram,Tamil Nadu|Salem|Yercaud|Kumarapuram,2025,42,89.0,2025-10-13
Tamil Nadu,Salem,Yercaud,Kumarapuram Gp,Kumarapuram,Tamil Nadu|Salem|Yercaud|Kumarapuram,2025,43,89.0,2025-10-20
Tamil Nadu,Salem,Yercaud,Kumarapuram Gp,Kumarapuram,Tamil Nadu|Salem|Yercaud|Kumarapuram,2025,44,93.0,2025-10-27
Tamil Nadu,Salem,Yercaud,Kumarapuram Gp,Kumarapuram,Tamil Nadu|Salem|Yercaud|Kumarapuram,2025,45,97.0,2025-11-03
Tamil Nadu,Salem,Yercaud,Kumarapuram Gp,Kumarapuram,Tamil Nadu|Salem|Yercaud|Kumarapuram,2025,46,99.0,2025-11-10
Tamil Nadu,Salem,Yercaud,Kumarapuram Gp,Kumarapuram,Tamil Nadu|Salem|Yercaud|Kumarapuram,2025,47,100.0,2025-11-17
Tamil Nadu,Salem,Yercaud,Kumarapuram Gp,Kumarapuram,Tamil Nadu|Salem|Yercaud|Kumarapuram,2025,48,101.0,2025-11-24
Tamil Nadu,Salem,Yercaud,Kumarapuram Gp,Kumarapuram,Tamil Nadu|Salem|Yercaud|Kumarapuram,2025,49,96.0,2025-12-01
Tamil Nadu,Salem,Yercaud,Kumarapuram Gp,Kumarapuram,Tamil Nadu|Salem|Yercaud|Kumarapuram,2025,50,106.0,2025-12-08
Tamil Nadu,Salem,Yercaud,Kumarapuram Gp,Kumarapuram,Tamil Nadu|Salem|Yercaud|Kumarapuram,2025,51,110.0,2025-12-15
Tamil Nadu,Salem,Yercaud,Kumarapuram Gp,Kumarapuram,Tamil Nadu|Salem|Yercaud|Kumarapuram,2025,52,111.0,2025-12-22
Tamil Nadu,Salem,Yercaud,Nallur Gp,Nallur,Tamil Nadu|Salem|Yercaud|Nallur,2024,1,89.0,2024-01-01
Tamil Nadu,Salem,Yercaud,Nallur Gp,Nallur,Tamil Nadu|Salem|Yercaud|Nallur,2024,2,95.0,2024-01-08
Tamil Nadu,Salem,Yercaud,Nallur Gp,Nallur,Tamil Nadu|Salem|Yercaud|Nallur,2024,3,106.0,2024-01-15
Tamil Nadu,Salem,Yercaud,Nallur Gp,Nallur,Tamil Nadu|Salem|Yercaud|Nallur,2024,4,99.0,2024-01-22
Tamil Nadu,Salem,Yercaud,Nallur Gp,Nallur,Tamil Nadu|Salem|Yercaud|Nallur,2024,5,102.0,2024-01-29
Tamil Nadu,Salem,Yercaud,Nallur Gp,Nallur,Tamil Nadu|Salem|Yercaud|Nallur,2024,6,102.0,2024-02-05
Tamil Nadu,Salem,Yercaud,Nallur Gp,Nallur,Tamil Nadu|Salem|Yercaud|Nallur,2024,7,95.0,2024-02-12
Tamil Nadu,Salem,Yercaud,Nallur Gp,Nallur,Tamil Nadu|Salem|Yercaud|Nallur,2024,8,107.0,2024-02-19
Tamil Nadu,Salem,Yercaud,Nallur Gp,Nallur,Tamil Nadu|Salem|Yercaud|Nallur,2024,9,109.0,2024-02-26
Tamil Nadu,Salem,Yercaud,Nallur Gp,Nallur,Tamil Nadu|Salem|Yercaud|Nallur,2024,10,123.0,2024-03-04
Tamil Nadu,Salem,Yercaud,Nallur Gp,Nallur,Tamil Nadu|Salem|Yercaud|Nallur,2024,11,110.0,2024-03-11
Tamil Nadu,Salem,Yercaud,Nallur Gp,Nallur,Tamil Nadu|Salem|Yercaud|Nallur,2024,12,113.0,2024-03-18
Tamil Nadu,Salem,Yercaud,Nallur Gp,Nallur,Tamil Nadu|Salem|Yercaud|Nallur,2024,13,112.0,2024-03-25
Tamil Nadu,Salem,Yercaud,Nallur Gp,Nallur,Tamil Nadu|Salem|Yercaud|Nallur,2024,14,106.0,2024-04-01
Tamil Nadu,Salem,Yercaud,Nallur Gp,Nallur,Tamil Nadu|Salem|Yercaud|Nallur,2024,15,119.0,2024-04-08
Tamil Nadu,Salem,Yercaud,Nallur Gp,Nallur,Tamil Nadu|Salem|Yercaud|Nallur,2024,16,116.0,2024-04-15
Tamil Nadu,Salem,Yercaud,Nallur Gp,Nallur,Tamil Nadu|Salem|Yercaud|Nallur,2024,17,115.0,2024-04-22
Tamil Nadu,Salem,Yercaud,Nallur Gp,Nallur,Tamil Nadu|Salem|Yercaud|Nallur,2024,18,105.0,2024-04-29
Tamil Nadu,Salem,Yercaud,Nallur Gp,Nallur,Tamil Nadu|Salem|Yercaud|Nallur,2024,19,116.0,2024-05-06
Tamil Nadu,Salem,Yercaud,Nallur Gp,Nallur,Tamil Nadu|Salem|Yercaud|Nallur,2024,20,99.0,2024-05-13
Tamil Nadu,Salem,Yercaud,Nallur Gp,Nallur,Tamil Nadu|Salem|Yercaud|Nallur,2024,21,108.0,2024-05-20
Tamil Nadu,Salem,Yercaud,Nallur Gp,Nallur,Tamil Nadu|Salem|Yercaud|Nallur,2024,22,115.0,2024-05-27
Tamil Nadu,Salem,Yercaud,Nallur Gp,Nallur,Tamil Nadu|Salem|Yercaud|Nallur,2024,23,95.0,2024-06-03
Tamil Nadu,Salem,Yercaud,Nallur Gp,Nallur,Tamil Nadu|Salem|Yercaud|Nallur,2024,24,95.0,2024-06-10
Tamil Nadu,Salem,Yercaud,Nallur Gp,Nallur,Tamil Nadu|Salem|Yercaud|Nallur,2024,25,96.0,2024-06-17
Tamil Nadu,Salem,Yercaud,Nallur Gp,Nallur,Tamil Nadu|Salem|Yercaud|Nallur,2024,26,90.0,2024-06-24
Tamil Nadu,Salem,Yercaud,Nallur Gp,Nallur,Tamil Nadu|Salem|Yercaud|Nallur,2024,27,82.0,2024-07-01
Tamil Nadu,Salem,Yercaud,Nallur Gp,Nallur,Tamil Nadu|Salem|Yercaud|Nallur,2024,28,88.0,2024-07-08
Tamil Nadu,Salem,Yercaud,Nallur Gp,Nallur,Tamil Nadu|Salem|Yercaud|Nallur,2024,29,79.0,2024-07-15
Tamil Nadu,Salem,Yercaud,Nallur Gp,Nallur,Tamil Nadu|Salem|Yercaud|Nallur,2024,30,85.0,2024-07-22
Tamil Nadu,Salem,Yercaud,Nallur Gp,Nallur,Tamil Nadu|Salem|Yercaud|Nallur,2024,31,75.0,2024-07-29
Tamil Nadu,Salem,Yercaud,Nallur Gp,Nallur,Tamil Nadu|Salem|Yercaud|Nallur,2024,32,86.0,2024-08-05
Tamil Nadu,Salem,Yercaud,Nallur Gp,Nallur,Tamil Nadu|Salem|Yercaud|Nallur,2024,33,71.0,2024-08-12
Tamil Nadu,Salem,Yercaud,Nallur Gp,Nallur,Tamil Nadu|Salem|Yercaud|Nallur,2024,34,71.0,2024-08-19
Tamil Nadu,Salem,Yercaud,Nallur Gp,Nallur,Tamil Nadu|Salem|Yercaud|Nallur,2024,35,76.0,2024-08-26
Tamil Nadu,Salem,Yercaud,Nallur Gp,Nallur,Tamil Nadu|Salem|Yercaud|Nallur,2024,36,63.0,2024-09-02
Tamil Nadu,Salem,Yercaud,Nallur Gp,Nallur,Tamil Nadu|Salem|Yercaud|Nallur,2024,37,70.0,2024-09-09
Tamil Nadu,Salem,Yercaud,Nallur Gp,Nallur,Tamil Nadu|Salem|Yercaud|Nallur,2024,38,75.0,2024-09-16
Tamil Nadu,Salem,Yercaud,Nallur Gp,Nallur,Tamil Nadu|Salem|Yercaud|Nallur,2024,39,59.0,2024-09-23
Tamil Nadu,Salem,Yercaud,Nallur Gp,Nallur,Tamil Nadu|Salem|Yercaud|Nallur,2024,40,68.0,2024-09-30
Tamil Nadu,Salem,Yercaud,Nallur Gp,Nallur,Tamil Nadu|Salem|Yercaud|Nallur,2024,41,70.0,2024-10-07
Tamil Nadu,Salem,Yercaud,Nallur Gp,Nallur,Tamil Nadu|Salem|Yercaud|Nallur,2024,42,72.0,2024-10-14
Tamil Nadu,Salem,Yercaud,Nallur Gp,Nallur,Tamil Nadu|Salem|Yercaud|Nallur,2024,43,62.0,2024-10-21
Tamil Nadu,Salem,Yercaud,Nallur Gp,Nallur,Tamil Nadu|Salem|Yercaud|Nallur,2024,44,63.0,2024-10-28
Tamil Nadu,Salem,Yercaud,Nallur Gp,Nallur,Tamil Nadu|Salem|Yercaud|Nallur,2024,45,74.0,2024-11-04
Tamil Nadu,Salem,Yercaud,Nallur Gp,Nallur,Tamil Nadu|Salem|Yercaud|Nallur,2024,46,75.0,2024-11-11
Tamil Nadu,Salem,Yercaud,Nallur Gp,Nallur,Tamil Nadu|Salem|Yercaud|Nallur,2024,47,76.0,2024-11-18
Tamil Nadu,Salem,Yercaud,Nallur Gp,Nallur,Tamil Nadu|Salem|Yercaud|Nallur,2024,48,79.0,2024-11-25
Tamil Nadu,Salem,Yercaud,Nallur Gp,Nallur,Tamil Nadu|Salem|Yercaud|Nallur,2024,49,76.0,2024-12-02
Tamil Nadu,Salem,Yercaud,Nallur Gp,Nallur,Tamil Nadu|Salem|Yercaud|Nallur,2024,50,83.0,2024-12-09
Tamil Nadu,Salem,Yercaud,Nallur Gp,Nallur,Tamil Nadu|Salem|Yercaud|Nallur,2024,51,86.0,2024-12-16
Tamil Nadu,Salem,Yercaud,Nallur Gp,Nallur,Tamil Nadu|Salem|Yercaud|Nallur,2024,52,83.0,2024-12-23
Tamil Nadu,Salem,Yercaud,Nallur Gp,Nallur,Tamil Nadu|Salem|Yercaud|Nallur,2025,1,100.0,2024-12-30
Tamil Nadu,Salem,Yercaud,Nallur Gp,Nallur,Tamil Nadu|Salem|Yercaud|Nallur,2025,2,95.0,2025-01-06
Tamil Nadu,Salem,Yercaud,Nallur Gp,Nallur,Tamil Nadu|Salem|Yercaud|Nallur,2025,3,89.0,2025-01-13
Tamil Nadu,Salem,Yercaud,Nallur Gp,Nallur,Tamil Nadu|Salem|Yercaud|Nallur,2025,4,102.0,2025-01-20
Tamil Nadu,Salem,Yercaud,Nallur Gp,Nallur,Tamil Nadu|Salem|Yercaud|Nallur,2025,5,95.0,2025-01-27
Tamil Nadu,Salem,Yercaud,Nallur Gp,Nallur,Tamil Nadu|Salem|Yercaud|Nallur,2025,6,107.0,2025-02-03
Tamil Nadu,Salem,Yercaud,Nallur Gp,Nallur,Tamil Nadu|Salem|Yercaud|Nallur,2025,7,111.0,2025-02-10
Tamil Nadu,Salem,Yercaud,Nallur Gp,Nallur,Tamil Nadu|Salem|Yercaud|Nallur,2025,8,102.0,2025-02-17
Tamil Nadu,Salem,Yercaud,Nallur Gp,Nallur,Tamil Nadu|Salem|Yercaud|Nallur,2025,9,114.0,2025-02-24
Tamil Nadu,Salem,Yercaud,Nallur Gp,Nallur,Tamil Nadu|Salem|Yercaud|Nallur,2025,10,112.0,2025-03-03
Tamil Nadu,Salem,Yercaud,Nallur Gp,Nallur,Tamil Nadu|Salem|Yercaud|Nallur,2025,11,115.0,2025-03-10
Tamil Nadu,Salem,Yercaud,Nallur Gp,Nallur,Tamil Nadu|Salem|Yercaud|Nallur,2025,12,122.0,2025-03-17
Tamil Nadu,Salem,Yercaud,Nallur Gp,Nallur,Tamil Nadu|Salem|Yercaud|Nallur,2025,13,111.0,2025-03-24
Tamil Nadu,Salem,Yercaud,Nallur Gp,Nallur,Tamil Nadu|Salem|Yercaud|Nallur,2025,14,108.0,2025-03-31
Tamil Nadu,Salem,Yercaud,Nallur Gp,Nallur,Tamil Nadu|Salem|Yercaud|Nallur,2025,15,108.0,2025-04-07
Tamil Nadu,Salem,Yercaud,Nallur Gp,Nallur,Tamil Nadu|Salem|Yercaud|Nallur,2025,16,107.0,2025-04-14
Tamil Nadu,Salem,Yercaud,Nallur Gp,Nallur,Tamil Nadu|Salem|Yercaud|Nallur,2025,17,111.0,2025-04-21
Tamil Nadu,Salem,Yercaud,Nallur Gp,Nallur,Tamil Nadu|Salem|Yercaud|Nallur,2025,18,112.0,2025-04-28
Tamil Nadu,Salem,Yercaud,Nallur Gp,Nallur,Tamil Nadu|Salem|Yercaud|Nallur,2025,19,110.0,2025-05-05
Tamil Nadu,Salem,Yercaud,Nallur Gp,Nallur,Tamil Nadu|Salem|Yercaud|Nallur,2025,20,111.0,2025-05-12
Tamil Nadu,Salem,Yercaud,Nallur Gp,Nallur,Tamil Nadu|Salem|Yercaud|Nallur,2025,21,105.0,2025-05-19
Tamil Nadu,Salem,Yercaud,Nallur Gp,Nallur,Tamil Nadu|Salem|Yercaud|Nallur,2025,22,111.0,2025-05-26
Tamil Nadu,Salem,Yercaud,Nallur Gp,Nallur,Tamil Nadu|Salem|Yercaud|Nallur,2025,23,99.0,2025-06-02
Tamil Nadu,Salem,Yercaud,Nallur Gp,Nallur,Tamil Nadu|Salem|Yercaud|Nallur,2025,24,113.0,2025-06-09
Tamil Nadu,Salem,Yercaud,Nallur Gp,Nallur,Tamil Nadu|Salem|Yercaud|Nallur,2025,25,99.0,2025-06-16
Tamil Nadu,Salem,Yercaud,Nallur Gp,Nallur,Tamil Nadu|Salem|Yercaud|Nallur,2025,26,88.0,2025-06-23
Tamil Nadu,Salem,Yercaud,Nallur Gp,Nallur,Tamil Nadu|Salem|Yercaud|Nallur,2025,27,84.0,2025-06-30
Tamil Nadu,Salem,Yercaud,Nallur Gp,Nallur,Tamil Nadu|Salem|Yercaud|Nallur,2025,28,90.0,2025-07-07
Tamil Nadu,Salem,Yercaud,Nallur Gp,Nallur,Tamil Nadu|Salem|Yercaud|Nallur,2025,29,83.0,2025-07-14
Tamil Nadu,Salem,Yercaud,Nallur Gp,Nallur,Tamil Nadu|Salem|Yercaud|Nallur,2025,30,86.0,2025-07-21
Tamil Nadu,Salem,Yercaud,Nallur Gp,Nallur,Tamil Nadu|Salem|Yercaud|Nallur,2025,31,82.0,2025-07-28
Tamil Nadu,Salem,Yercaud,Nallur Gp,Nallur,Tamil Nadu|Salem|Yercaud|Nallur,2025,32,77.0,2025-08-04
Tamil Nadu,Salem,Yercaud,Nallur Gp,Nallur,Tamil Nadu|Salem|Yercaud|Nallur,2025,33,71.0,2025-08-11
Tamil Nadu,Salem,Yercaud,Nallur Gp,Nallur,Tamil Nadu|Salem|Yercaud|Nallur,2025,34,65.0,2025-08-18
Tamil Nadu,Salem,Yercaud,Nallur Gp,Nallur,Tamil Nadu|Salem|Yercaud|Nallur,2025,35,69.0,2025-08-25
Tamil Nadu,Salem,Yercaud,Nallur Gp,Nallur,Tamil Nadu|Salem|Yercaud|Nallur,2025,36,75.0,2025-09-01
Tamil Nadu,Salem,Yercaud,Nallur Gp,Nallur,Tamil Nadu|Salem|Yercaud|Nallur,2025,37,70.0,2025-09-08
Tamil Nadu,Salem,Yercaud,Nallur Gp,Nallur,Tamil Nadu|Salem|Yercaud|Nallur,2025,38,61.0,2025-09-15
Tamil Nadu,Salem,Yercaud,Nallur Gp,Nallur,Tamil Nadu|Salem|Yercaud|Nallur,2025,39,69.0,2025-09-22
Tamil Nadu,Salem,Yercaud,Nallur Gp,Nallur,Tamil Nadu|Salem|Yercaud|Nallur,2025,40,70.0,2025-09-29
Tamil Nadu,Salem,Yercaud,Nallur Gp,Nallur,Tamil Nadu|Salem|Yercaud|Nallur,2025,41,63.0,2025-10-06
Tamil Nadu,Salem,Yercaud,Nallur Gp,Nallur,Tamil Nadu|Salem|Yercaud|Nallur,2025,42,69.0,2025-10-13
Tamil Nadu,Salem,Yercaud,Nallur Gp,Nallur,Tamil Nadu|Salem|Yercaud|Nallur,2025,43,69.0,2025-10-20
Tamil Nadu,Salem,Yercaud,Nallur Gp,Nallur,Tamil Nadu|Salem|Yercaud|Nallur,2025,44,64.0,2025-10-27
Tamil Nadu,Salem,Yercaud,Nallur Gp,Nallur,Tamil Nadu|Salem|Yercaud|Nallur,2025,45,73.0,2025-11-03
Tamil Nadu,Salem,Yercaud,Nallur Gp,Nallur,Tamil Nadu|Salem|Yercaud|Nallur,2025,46,76.0,2025-11-10
Tamil Nadu,Salem,Yercaud,Nallur Gp,Nallur,Tamil Nadu|Salem|Yercaud|Nallur,2025,47,81.0,2025-11-17
Tamil Nadu,Salem,Yercaud,Nallur Gp,Nallur,Tamil Nadu|Salem|Yercaud|Nallur,2025,48,83.0,2025-11-24
Tamil Nadu,Salem,Yercaud,Nallur Gp,Nallur,Tamil Nadu|Salem|Yercaud|Nallur,2025,49,72.0,2025-12-01
Tamil Nadu,Salem,Yercaud,Nallur Gp,Nallur,Tamil Nadu|Salem|Yercaud|Nallur,2025,50,77.0,2025-12-08
Tamil Nadu,Salem,Yercaud,Nallur Gp,Nallur,Tamil Nadu|Salem|Yercaud|Nallur,2025,51,87.0,2025-12-15
Tamil Nadu,Salem,Yercaud,Nallur Gp,Nallur,Tamil Nadu|Salem|Yercaud|Nallur,2025,52,90.0,2025-12-22
Tamil Nadu,Villupuram,Gingee,Melpakkam Gp,Melpakkam,Tamil Nadu|Villupuram|Gingee|Melpakkam,2024,1,9.0,2024-01-01
Tamil Nadu,Villupuram,Gingee,Melpakkam Gp,Melpakkam,Tamil Nadu|Villupuram|Gingee|Melpakkam,2024,2,9.0,2024-01-08
Tamil Nadu,Villupuram,Gingee,Melpakkam Gp,Melpakkam,Tamil Nadu|Villupuram|Gingee|Melpakkam,2024,3,4.0,2024-01-15
Tamil Nadu,Villupuram,Gingee,Melpakkam Gp,Melpakkam,Tamil Nadu|Villupuram|Gingee|Melpakkam,2024,4,8.0,2024-01-22
Tamil Nadu,Villupuram,Gingee,Melpakkam Gp,Melpakkam,Tamil Nadu|Villupuram|Gingee|Melpakkam,2024,5,6.0,2024-01-29
Tamil Nadu,Villupuram,Gingee,Melpakkam Gp,Melpakkam,Tamil Nadu|Villupuram|Gingee|Melpakkam,2024,6,5.0,2024-02-05
Tamil Nadu,Villupuram,Gingee,Melpakkam Gp,Melpakkam,Tamil Nadu|Villupuram|Gingee|Melpakkam,2024,7,6.0,2024-02-12
Tamil Nadu,Villupuram,Gingee,Melpakkam Gp,Melpakkam,Tamil Nadu|Villupuram|Gingee|Melpakkam,2024,8,8.0,2024-02-19
Tamil Nadu,Villupuram,Gingee,Melpakkam Gp,Melpakkam,Tamil Nadu|Villupuram|Gingee|Melpakkam,2024,9,7.0,2024-02-26
Tamil Nadu,Villupuram,Gingee,Melpakkam Gp,Melpakkam,Tamil Nadu|Villupuram|Gingee|Melpakkam,2024,10,7.0,2024-03-04
Tamil Nadu,Villupuram,Gingee,Melpakkam Gp,Melpakkam,Tamil Nadu|Villupuram|Gingee|Melpakkam,2024,11,6.0,2024-03-11
Tamil Nadu,Villupuram,Gingee,Melpakkam Gp,Melpakkam,Tamil Nadu|Villupuram|Gingee|Melpakkam,2024,12,11.0,2024-03-18
Tamil Nadu,Villupuram,Gingee,Melpakkam Gp,Melpakkam,Tamil Nadu|Villupuram|Gingee|Melpakkam,2024,13,6.0,2024-03-25
Tamil Nadu,Villupuram,Gingee,Melpakkam Gp,Melpakkam,Tamil Nadu|Villupuram|Gingee|Melpakkam,2024,14,8.0,2024-04-01
Tamil Nadu,Villupuram,Gingee,Melpakkam Gp,Melpakkam,Tamil Nadu|Villupuram|Gingee|Melpakkam,2024,15,7.0,2024-04-08
Tamil Nadu,Villupuram,Gingee,Melpakkam Gp,Melpakkam,Tamil Nadu|Villupuram|Gingee|Melpakkam,2024,16,8.0,2024-04-15
Tamil Nadu,Villupuram,Gingee,Melpakkam Gp,Melpakkam,Tamil Nadu|Villupuram|Gingee|Melpakkam,2024,17,9.0,2024-04-22
Tamil Nadu,Villupuram,Gingee,Melpakkam Gp,Melpakkam,Tamil Nadu|Villupuram|Gingee|Melpakkam,2024,18,7.0,2024-04-29
Tamil Nadu,Villupuram,Gingee,Melpakkam Gp,Melpakkam,Tamil Nadu|Villupuram|Gingee|Melpakkam,2024,19,7.0,2024-05-06
Tamil Nadu,Villupuram,Gingee,Melpakkam Gp,Melpakkam,Tamil Nadu|Villupuram|Gingee|Melpakkam,2024,20,7.0,2024-05-13
Tamil Nadu,Villupuram,Gingee,Melpakkam Gp,Melpakkam,Tamil Nadu|Villupuram|Gingee|Melpakkam,2024,21,12.0,2024-05-20
Tamil Nadu,Villupuram,Gingee,Melpakkam Gp,Melpakkam,Tamil Nadu|Villupuram|Gingee|Melpakkam,2024,22,7.0,2024-05-27
Tamil Nadu,Villupuram,Gingee,Melpakkam Gp,Melpakkam,Tamil Nadu|Villupuram|Gingee|Melpakkam,2024,23,7.0,2024-06-03
Tamil Nadu,Villupuram,Gingee,Melpakkam Gp,Melpakkam,Tamil Nadu|Villupuram|Gingee|Melpakkam,2024,24,6.0,2024-06-10
Tamil Nadu,Villupuram,Gingee,Melpakkam Gp,Melpakkam,Tamil Nadu|Villupuram|Gingee|Melpakkam,2024,25,7.0,2024-06-17
Tamil Nadu,Villupuram,Gingee,Melpakkam Gp,Melpakkam,Tamil Nadu|Villupuram|Gingee|Melpakkam,2024,26,11.0,2024-06-24
Tamil Nadu,Villupuram,Gingee,Melpakkam Gp,Melpakkam,Tamil Nadu|Villupuram|Gingee|Melpakkam,2024,27,8.0,2024-07-01
Tamil Nadu,Villupuram,Gingee,Melpakkam Gp,Melpakkam,Tamil Nadu|Villupuram|Gingee|Melpakkam,2024,28,4.0,2024-07-08
Tamil Nadu,Villupuram,Gingee,Melpakkam Gp,Melpakkam,Tamil Nadu|Villupuram|Gingee|Melpakkam,2024,29,10.0,2024-07-15
Tamil Nadu,Villupuram,Gingee,Melpakkam Gp,Melpakkam,Tamil Nadu|Villupuram|Gingee|Melpakkam,2024,30,10.0,2024-07-22
Tamil Nadu,Villupuram,Gingee,Melpakkam Gp,Melpakkam,Tamil Nadu|Villupuram|Gingee|Melpakkam,2024,31,7.0,2024-07-29
Tamil Nadu,Villupuram,Gingee,Melpakkam Gp,Melpakkam,Tamil Nadu|Villupuram|Gingee|Melpakkam,2024,32,13.0,2024-08-05
Tamil Nadu,Villupuram,Gingee,Melpakkam Gp,Melpakkam,Tamil Nadu|Villupuram|Gingee|Melpakkam,2024,33,8.0,2024-08-12
Tamil Nadu,Villupuram,Gingee,Melpakkam Gp,Melpakkam,Tamil Nadu|Villupuram|Gingee|Melpakkam,2024,34,6.0,2024-08-19
Tamil Nadu,Villupuram,Gingee,Melpakkam Gp,Melpakkam,Tamil Nadu|Villupuram|Gingee|Melpakkam,2024,35,6.0,2024-08-26
Tamil Nadu,Villupuram,Gingee,Melpakkam Gp,Melpakkam,Tamil Nadu|Villupuram|Gingee|Melpakkam,2024,36,7.0,2024-09-02
Tamil Nadu,Villupuram,Gingee,Melpakkam Gp,Melpakkam,Tamil Nadu|Villupuram|Gingee|Melpakkam,2024,37,9.0,2024-09-09
Tamil Nadu,Villupuram,Gingee,Melpakkam Gp,Melpakkam,Tamil Nadu|Villupuram|Gingee|Melpakkam,2024,38,7.0,2024-09-16
Tamil Nadu,Villupuram,Gingee,Melpakkam Gp,Melpakkam,Tamil Nadu|Villupuram|Gingee|Melpakkam,2024,39,6.0,2024-09-23
Tamil Nadu,Villupuram,Gingee,Melpakkam Gp,Melpakkam,Tamil Nadu|Villupuram|Gingee|Melpakkam,2024,40,9.0,2024-09-30
Tamil Nadu,Villupuram,Gingee,Melpakkam Gp,Melpakkam,Tamil Nadu|Villupuram|Gingee|Melpakkam,2024,41,6.0,2024-10-07
Tamil Nadu,Villupuram,Gingee,Melpakkam Gp,Melpakkam,Tamil Nadu|Villupuram|Gingee|Melpakkam,2024,42,11.0,2024-10-14
Tamil Nadu,Villupuram,Gingee,Melpakkam Gp,Melpakkam,Tamil Nadu|Villupuram|Gingee|Melpakkam,2024,43,12.0,2024-10-21
Tamil Nadu,Villupuram,Gingee,Melpakkam Gp,Melpakkam,Tamil Nadu|Villupuram|Gingee|Melpakkam,2024,44,6.0,2024-10-28
Tamil Nadu,Villupuram,Gingee,Melpakkam Gp,Melpakkam,Tamil Nadu|Villupuram|Gingee|Melpakkam,2024,45,11.0,2024-11-04
Tamil Nadu,Villupuram,Gingee,Melpakkam Gp,Melpakkam,Tamil Nadu|Villupuram|Gingee|Melpakkam,2024,46,8.0,2024-11-11
Tamil Nadu,Villupuram,Gingee,Melpakkam Gp,Melpakkam,Tamil Nadu|Villupuram|Gingee|Melpakkam,2024,47,6.0,2024-11-18
Tamil Nadu,Villupuram,Gingee,Melpakkam Gp,Melpakkam,Tamil Nadu|Villupuram|Gingee|Melpakkam,2024,48,8.0,2024-11-25
Tamil Nadu,Villupuram,Gingee,Melpakkam Gp,Melpakkam,Tamil Nadu|Villupuram|Gingee|Melpakkam,2024,49,9.0,2024-12-02
Tamil Nadu,Villupuram,Gingee,Melpakkam Gp,Melpakkam,Tamil Nadu|Villupuram|Gingee|Melpakkam,2024,50,8.0,2024-12-09
Tamil Nadu,Villupuram,Gingee,Melpakkam Gp,Melpakkam,Tamil Nadu|Villupuram|Gingee|Melpakkam,2024,51,9.0,2024-12-16
Tamil Nadu,Villupuram,Gingee,Melpakkam Gp,Melpakkam,Tamil Nadu|Villupuram|Gingee|Melpakkam,2024,52,11.0,2024-12-23
Tamil Nadu,Villupuram,Gingee,Melpakkam Gp,Melpakkam,Tamil Nadu|Villupuram|Gingee|Melpakkam,2025,1,7.0,2024-12-30
Tamil Nadu,Villupuram,Gingee,Melpakkam Gp,Melpakkam,Tamil Nadu|Villupuram|Gingee|Melpakkam,2025,2,8.0,2025-01-06
Tamil Nadu,Villupuram,Gingee,Melpakkam Gp,Melpakkam,Tamil Nadu|Villupuram|Gingee|Melpakkam,2025,3,10.0,2025-01-13
Tamil Nadu,Villupuram,Gingee,Melpakkam Gp,Melpakkam,Tamil Nadu|Villupuram|Gingee|Melpakkam,2025,4,11.0,2025-01-20
Tamil Nadu,Villupuram,Gingee,Melpakkam Gp,Melpakkam,Tamil Nadu|Villupuram|Gingee|Melpakkam,2025,5,7.0,2025-01-27
Tamil Nadu,Villupuram,Gingee,Melpakkam Gp,Melpakkam,Tamil Nadu|Villupuram|Gingee|Melpakkam,2025,6,5.0,2025-02-03
Tamil Nadu,Villupuram,Gingee,Melpakkam Gp,Melpakkam,Tamil Nadu|Villupuram|Gingee|Melpakkam,2025,7,8.0,2025-02-10
Tamil Nadu,Villupuram,Gingee,Melpakkam Gp,Melpakkam,Tamil Nadu|Villupuram|Gingee|Melpakkam,2025,8,5.0,2025-02-17
Tamil Nadu,Villupuram,Gingee,Melpakkam Gp,Melpakkam,Tamil Nadu|Villupuram|Gingee|Melpakkam,2025,9,11.0,2025-02-24
Tamil Nadu,Villupuram,Gingee,Melpakkam Gp,Melpakkam,Tamil Nadu|Villupuram|Gingee|Melpakkam,2025,10,5.0,2025-03-03
Tamil Nadu,Villupuram,Gingee,Melpakkam Gp,Melpakkam,Tamil Nadu|Villupuram|Gingee|Melpakkam,2025,11,7.0,2025-03-10
Tamil Nadu,Villupuram,Gingee,Melpakkam Gp,Melpakkam,Tamil Nadu|Villupuram|Gingee|Melpakkam,2025,12,8.0,2025-03-17
Tamil Nadu,Villupuram,Gingee,Melpakkam Gp,Melpakkam,Tamil Nadu|Villupuram|Gingee|Melpakkam,2025,13,9.0,2025-03-24
Tamil Nadu,Villupuram,Gingee,Melpakkam Gp,Melpakkam,Tamil Nadu|Villupuram|Gingee|Melpakkam,2025,14,10.0,2025-03-31
Tamil Nadu,Villupuram,Gingee,Melpakkam Gp,Melpakkam,Tamil Nadu|Villupuram|Gingee|Melpakkam,2025,15,6.0,2025-04-07
Tamil Nadu,Villupuram,Gingee,Melpakkam Gp,Melpakkam,Tamil Nadu|Villupuram|Gingee|Melpakkam,2025,16,8.0,2025-04-14
Tamil Nadu,Villupuram,Gingee,Melpakkam Gp,Melpakkam,Tamil Nadu|Villupuram|Gingee|Melpakkam,2025,17,8.0,2025-04-21
Tamil Nadu,Villupuram,Gingee,Melpakkam Gp,Melpakkam,Tamil Nadu|Villupuram|Gingee|Melpakkam,2025,18,8.0,2025-04-28
Tamil Nadu,Villupuram,Gingee,Melpakkam Gp,Melpakkam,Tamil Nadu|Villupuram|Gingee|Melpakkam,2025,19,7.0,2025-05-05
Tamil Nadu,Villupuram,Gingee,Melpakkam Gp,Melpakkam,Tamil Nadu|Villupuram|Gingee|Melpakkam,2025,20,7.0,2025-05-12
Tamil Nadu,Villupuram,Gingee,Melpakkam Gp,Melpakkam,Tamil Nadu|Villupuram|Gingee|Melpakkam,2025,21,8.0,2025-05-19
Tamil Nadu,Villupuram,Gingee,Melpakkam Gp,Melpakkam,Tamil Nadu|Villupuram|Gingee|Melpakkam,2025,22,11.0,2025-05-26
Tamil Nadu,Villupuram,Gingee,Melpakkam Gp,Melpakkam,Tamil Nadu|Villupuram|Gingee|Melpakkam,2025,23,10.0,2025-06-02
Tamil Nadu,Villupuram,Gingee,Melpakkam Gp,Melpakkam,Tamil Nadu|Villupuram|Gingee|Melpakkam,2025,24,4.0,2025-06-09
Tamil Nadu,Villupuram,Gingee,Melpakkam Gp,Melpakkam,Tamil Nadu|Villupuram|Gingee|Melpakkam,2025,25,7.0,2025-06-16
Tamil Nadu,Villupuram,Gingee,Melpakkam Gp,Melpakkam,Tamil Nadu|Villupuram|Gingee|Melpakkam,2025,26,6.0,2025-06-23
Tamil Nadu,Villupuram,Gingee,Melpakkam Gp,Melpakkam,Tamil Nadu|Villupuram|Gingee|Melpakkam,2025,27,12.0,2025-06-30
Tamil Nadu,Villupuram,Gingee,Melpakkam Gp,Melpakkam,Tamil Nadu|Villupuram|Gingee|Melpakkam,2025,28,11.0,2025-07-07
Tamil Nadu,Villupuram,Gingee,Melpakkam Gp,Melpakkam,Tamil Nadu|Villupuram|Gingee|Melpakkam,2025,29,6.0,2025-07-14
Tamil Nadu,Villupuram,Gingee,Melpakkam Gp,Melpakkam,Tamil Nadu|Villupuram|Gingee|Melpakkam,2025,30,9.0,2025-07-21
Tamil Nadu,Villupuram,Gingee,Melpakkam Gp,Melpakkam,Tamil Nadu|Villupuram|Gingee|Melpakkam,2025,31,9.0,2025-07-28
Tamil Nadu,Villupuram,Gingee,Melpakkam Gp,Melpakkam,Tamil Nadu|Villupuram|Gingee|Melpakkam,2025,32,7.0,2025-08-04
Tamil Nadu,Villupuram,Gingee,Melpakkam Gp,Melpakkam,Tamil Nadu|Villupuram|Gingee|Melpakkam,2025,33,9.0,2025-08-11
Tamil Nadu,Villupuram,Gingee,Melpakkam Gp,Melpakkam,Tamil Nadu|Villupuram|Gingee|Melpakkam,2025,34,10.0,2025-08-18
Tamil Nadu,Villupuram,Gingee,Melpakkam Gp,Melpakkam,Tamil Nadu|Villupuram|Gingee|Melpakkam,2025,35,9.0,2025-08-25
Tamil Nadu,Villupuram,Gingee,Melpakkam Gp,Melpakkam,Tamil Nadu|Villupuram|Gingee|Melpakkam,2025,36,7.0,2025-09-01
Tamil Nadu,Villupuram,Gingee,Melpakkam Gp,Melpakkam,Tamil Nadu|Villupuram|Gingee|Melpakkam,2025,37,5.0,2025-09-08
Tamil Nadu,Villupuram,Gingee,Melpakkam Gp,Melpakkam,Tamil Nadu|Villupuram|Gingee|Melpakkam,2025,38,8.0,2025-09-15
Tamil Nadu,Villupuram,Gingee,Melpakkam Gp,Melpakkam,Tamil Nadu|Villupuram|Gingee|Melpakkam,2025,39,10.0,2025-09-22
Tamil Nadu,Villupuram,Gingee,Melpakkam Gp,Melpakkam,Tamil Nadu|Villupuram|Gingee|Melpakkam,2025,40,5.0,2025-09-29
Tamil Nadu,Villupuram,Gingee,Melpakkam Gp,Melpakkam,Tamil Nadu|Villupuram|Gingee|Melpakkam,2025,41,9.0,2025-10-06
Tamil Nadu,Villupuram,Gingee,Melpakkam Gp,Melpakkam,Tamil Nadu|Villupuram|Gingee|Melpakkam,2025,42,12.0,2025-10-13
Tamil Nadu,Villupuram,Gingee,Melpakkam Gp,Melpakkam,Tamil Nadu|Villupuram|Gingee|Melpakkam,2025,43,11.0,2025-10-20
Tamil Nadu,Villupuram,Gingee,Melpakkam Gp,Melpakkam,Tamil Nadu|Villupuram|Gingee|Melpakkam,2025,44,8.0,2025-10-27
Tamil Nadu,Villupuram,Gingee,Melpakkam Gp,Melpakkam,Tamil Nadu|Villupuram|Gingee|Melpakkam,2025,45,9.0,2025-11-03
Tamil Nadu,Villupuram,Gingee,Melpakkam Gp,Melpakkam,Tamil Nadu|Villupuram|Gingee|Melpakkam,2025,46,10.0,2025-11-10
Tamil Nadu,Villupuram,Gingee,Melpakkam Gp,Melpakkam,Tamil Nadu|Villupuram|Gingee|Melpakkam,2025,47,8.0,2025-11-17
Tamil Nadu,Villupuram,Gingee,Melpakkam Gp,Melpakkam,Tamil Nadu|Villupuram|Gingee|Melpakkam,2025,48,8.0,2025-11-24
Tamil Nadu,Villupuram,Gingee,Melpakkam Gp,Melpakkam,Tamil Nadu|Villupuram|Gingee|Melpakkam,2025,49,5.0,2025-12-01
Tamil Nadu,Villupuram,Gingee,Melpakkam Gp,Melpakkam,Tamil Nadu|Villupuram|Gingee|Melpakkam,2025,50,9.0,2025-12-08
Tamil Nadu,Villupuram,Gingee,Melpakkam Gp,Melpakkam,Tamil Nadu|Villupuram|Gingee|Melpakkam,2025,51,15.0,2025-12-15
Tamil Nadu,Villupuram,Gingee,Melpakkam Gp,Melpakkam,Tamil Nadu|Villupuram|Gingee|Melpakkam,2025,52,17.0,2025-12-22
Tamil Nadu,Villupuram,Gingee,Rajapalayam Colony Gp,Rajapalayam Colony,Tamil Nadu|Villupuram|Gingee|Rajapalayam Colony,2024,1,105.0,2024-01-01
Tamil Nadu,Villupuram,Gingee,Rajapalayam Colony Gp,Rajapalayam Colony,Tamil Nadu|Villupuram|Gingee|Rajapalayam Colony,2024,2,95.0,2024-01-08
Tamil Nadu,Villupuram,Gingee,Rajapalayam Colony Gp,Rajapalayam Colony,Tamil Nadu|Villupuram|Gingee|Rajapalayam Colony,2024,3,107.0,2024-01-15
Tamil Nadu,Villupuram,Gingee,Rajapalayam Colony Gp,Rajapalayam Colony,Tamil Nadu|Villupuram|Gingee|Rajapalayam Colony,2024,4,103.0,2024-01-22
Tamil Nadu,Villupuram,Gingee,Rajapalayam Colony Gp,Rajapalayam Colony,Tamil Nadu|Villupuram|Gingee|Rajapalayam Colony,2024,5,105.0,2024-01-29
Tamil Nadu,Villupuram,Gingee,Rajapalayam Colony Gp,Rajapalayam Colony,Tamil Nadu|Villupuram|Gingee|Rajapalayam Colony,2024,6,114.0,2024-02-05
Tamil Nadu,Villupuram,Gingee,Rajapalayam Colony Gp,Rajapalayam Colony,Tamil Nadu|Villupuram|Gingee|Rajapalayam Colony,2024,7,114.0,2024-02-12
Tamil Nadu,Villupuram,Gingee,Rajapalayam Colony Gp,Rajapalayam Colony,Tamil Nadu|Villupuram|Gingee|Rajapalayam Colony,2024,8,104.0,2024-02-19
Tamil Nadu,Villupuram,Gingee,Rajapalayam Colony Gp,Rajapalayam Colony,Tamil Nadu|Villupuram|Gingee|Rajapalayam Colony,2024,9,123.0,2024-02-26
Tamil Nadu,Villupuram,Gingee,Rajapalayam Colony Gp,Rajapalayam Colony,Tamil Nadu|Villupuram|Gingee|Rajapalayam Colony,2024,10,124.0,2024-03-04
Tamil Nadu,Villupuram,Gingee,Rajapalayam Colony Gp,Rajapalayam Colony,Tamil Nadu|Villupuram|Gingee|Rajapalayam Colony,2024,11,114.0,2024-03-11
Tamil Nadu,Villupuram,Gingee,Rajapalayam Colony Gp,Rajapalayam Colony,Tamil Nadu|Villupuram|Gingee|Rajapalayam Colony,2024,12,120.0,2024-03-18
Tamil Nadu,Villupuram,Gingee,Rajapalayam Colony Gp,Rajapalayam Colony,Tamil Nadu|Villupuram|Gingee|Rajapalayam Colony,2024,13,121.0,2024-03-25
Tamil Nadu,Villupuram,Gingee,Rajapalayam Colony Gp,Rajapalayam Colony,Tamil Nadu|Villupuram|Gingee|Rajapalayam Colony,2024,14,120.0,2024-04-01
Tamil Nadu,Villupuram,Gingee,Rajapalayam Colony Gp,Rajapalayam Colony,Tamil Nadu|Villupuram|Gingee|Rajapalayam Colony,2024,15,115.0,2024-04-08
Tamil Nadu,Villupuram,Gingee,Rajapalayam Colony Gp,Rajapalayam Colony,Tamil Nadu|Villupuram|Gingee|Rajapalayam Colony,2024,16,114.0,2024-04-15
Tamil Nadu,Villupuram,Gingee,Rajapalayam Colony Gp,Rajapalayam Colony,Tamil Nadu|Villupuram|Gingee|Rajapalayam Colony,2024,17,117.0,2024-04-22
Tamil Nadu,Villupuram,Gingee,Rajapalayam Colony Gp,Rajapalayam Colony,Tamil Nadu|Villupuram|Gingee|Rajapalayam Colony,2024,18,123.0,2024-04-29
Tamil Nadu,Villupuram,Gingee,Rajapalayam Colony Gp,Rajapalayam Colony,Tamil Nadu|Villupuram|Gingee|Rajapalayam Colony,2024,19,118.0,2024-05-06
Tamil Nadu,Villupuram,Gingee,Rajapalayam Colony Gp,Rajapalayam Colony,Tamil Nadu|Villupuram|Gingee|Rajapalayam Colony,2024,20,111.0,2024-05-13
Tamil Nadu,Villupuram,Gingee,Rajapalayam Colony Gp,Rajapalayam Colony,Tamil Nadu|Villupuram|Gingee|Rajapalayam Colony,2024,21,115.0,2024-05-20
Tamil Nadu,Villupuram,Gingee,Rajapalayam Colony Gp,Rajapalayam Colony,Tamil Nadu|Villupuram|Gingee|Rajapalayam Colony,2024,22,92.0,2024-05-27
Tamil Nadu,Villupuram,Gingee,Rajapalayam Colony Gp,Rajapalayam Colony,Tamil Nadu|Villupuram|Gingee|Rajapalayam Colony,2024,23,113.0,2024-06-03
Tamil Nadu,Villupuram,Gingee,Rajapalayam Colony Gp,Rajapalayam Colony,Tamil Nadu|Villupuram|Gingee|Rajapalayam Colony,2024,24,94.0,2024-06-10
Tamil Nadu,Villupuram,Gingee,Rajapalayam Colony Gp,Rajapalayam Colony,Tamil Nadu|Villupuram|Gingee|Rajapalayam Colony,2024,25,99.0,2024-06-17
Tamil Nadu,Villupuram,Gingee,Rajapalayam Colony Gp,Rajapalayam Colony,Tamil Nadu|Villupuram|Gingee|Rajapalayam Colony,2024,26,91.0,2024-06-24
Tamil Nadu,Villupuram,Gingee,Rajapalayam Colony Gp,Rajapalayam Colony,Tamil Nadu|Villupuram|Gingee|Rajapalayam Colony,2024,27,88.0,2024-07-01
Tamil Nadu,Villupuram,Gingee,Rajapalayam Colony Gp,Rajapalayam Colony,Tamil Nadu|Villupuram|Gingee|Rajapalayam Colony,2024,28,99.0,2024-07-08
Tamil Nadu,Villupuram,Gingee,Rajapalayam Colony Gp,Rajapalayam Colony,Tamil Nadu|Villupuram|Gingee|Rajapalayam Colony,2024,29,87.0,2024-07-15
Tamil Nadu,Villupuram,Gingee,Rajapalayam Colony Gp,Rajapalayam Colony,Tamil Nadu|Villupuram|Gingee|Rajapalayam Colony,2024,30,89.0,2024-07-22
Tamil Nadu,Villupuram,Gingee,Rajapalayam Colony Gp,Rajapalayam Colony,Tamil Nadu|Villupuram|Gingee|Rajapalayam Colony,2024,31,84.0,2024-07-29
Tamil Nadu,Villupuram,Gingee,Rajapalayam Colony Gp,Rajapalayam Colony,Tamil Nadu|Villupuram|Gingee|Rajapalayam Colony,2024,32,84.0,2024-08-05
Tamil Nadu,Villupuram,Gingee,Rajapalayam Colony Gp,Rajapalayam Colony,Tamil Nadu|Villupuram|Gingee|Rajapalayam Colony,2024,33,80.0,2024-08-12
Tamil Nadu,Villupuram,Gingee,Rajapalayam Colony Gp,Rajapalayam Colony,Tamil Nadu|Villupuram|Gingee|Rajapalayam Colony,2024,34,70.0,2024-08-19
Tamil Nadu,Villupuram,Gingee,Rajapalayam Colony Gp,Rajapalayam Colony,Tamil Nadu|Villupuram|Gingee|Rajapalayam Colony,2024,35,81.0,2024-08-26
Tamil Nadu,Villupuram,Gingee,Rajapalayam Colony Gp,Rajapalayam Colony,Tamil Nadu|Villupuram|Gingee|Rajapalayam Colony,2024,36,71.0,2024-09-02
Tamil Nadu,Villupuram,Gingee,Rajapalayam Colony Gp,Rajapalayam Colony,Tamil Nadu|Villupuram|Gingee|Rajapalayam Colony,2024,37,64.0,2024-09-09
Tamil Nadu,Villupuram,Gingee,Rajapalayam Colony Gp,Rajapalayam Colony,Tamil Nadu|Villupuram|Gingee|Rajapalayam Colony,2024,38,69.0,2024-09-16
Tamil Nadu,Villupuram,Gingee,Rajapalayam Colony Gp,Rajapalayam Colony,Tamil Nadu|Villupuram|Gingee|Rajapalayam Colony,2024,39,80.0,2024-09-23
Tamil Nadu,Villupuram,Gingee,Rajapalayam Colony Gp,Rajapalayam Colony,Tamil Nadu|Villupuram|Gingee|Rajapalayam Colony,2024,40,76.0,2024-09-30
Tamil Nadu,Villupuram,Gingee,Rajapalayam Colony Gp,Rajapalayam Colony,Tamil Nadu|Villupuram|Gingee|Rajapalayam Colony,2024,41,69.0,2024-10-07
Tamil Nadu,Villupuram,Gingee,Rajapalayam Colony Gp,Rajapalayam Colony,Tamil Nadu|Villupuram|Gingee|Rajapalayam Colony,2024,42,70.0,2024-10-14
Tamil Nadu,Villupuram,Gingee,Rajapalayam Colony Gp,Rajapalayam Colony,Tamil Nadu|Villupuram|Gingee|Rajapalayam Colony,2024,43,71.0,2024-10-21
Tamil Nadu,Villupuram,Gingee,Rajapalayam Colony Gp,Rajapalayam Colony,Tamil Nadu|Villupuram|Gingee|Rajapalayam Colony,2024,44,86.0,2024-10-28
Tamil Nadu,Villupuram,Gingee,Rajapalayam Colony Gp,Rajapalayam Colony,Tamil Nadu|Villupuram|Gingee|Rajapalayam Colony,2024,45,78.0,2024-11-04
Tamil Nadu,Villupuram,Gingee,Rajapalayam Colony Gp,Rajapalayam Colony,Tamil Nadu|Villupuram|Gingee|Rajapalayam Colony,2024,46,80.0,2024-11-11
Tamil Nadu,Villupuram,Gingee,Rajapalayam Colony Gp,Rajapalayam Colony,Tamil Nadu|Villupuram|Gingee|Rajapalayam Colony,2024,47,85.0,2024-11-18
Tamil Nadu,Villupuram,Gingee,Rajapalayam Colony Gp,Rajapalayam Colony,Tamil Nadu|Villupuram|Gingee|Rajapalayam Colony,2024,48,83.0,2024-11-25
Tamil Nadu,Villupuram,Gingee,Rajapalayam Colony Gp,Rajapalayam Colony,Tamil Nadu|Villupuram|Gingee|Rajapalayam Colony,2024,49,82.0,2024-12-02
Tamil Nadu,Villupuram,Gingee,Rajapalayam Colony Gp,Rajapalayam Colony,Tamil Nadu|Villupuram|Gingee|Rajapalayam Colony,2024,50,85.0,2024-12-09
Tamil Nadu,Villupuram,Gingee,Rajapalayam Colony Gp,Rajapalayam Colony,Tamil Nadu|Villupuram|Gingee|Rajapalayam Colony,2024,51,89.0,2024-12-16
Tamil Nadu,Villupuram,Gingee,Rajapalayam Colony Gp,Rajapalayam Colony,Tamil Nadu|Villupuram|Gingee|Rajapalayam Colony,2024,52,92.0,2024-12-23
Tamil Nadu,Villupuram,Gingee,Rajapalayam Colony Gp,Rajapalayam Colony,Tamil Nadu|Villupuram|Gingee|Rajapalayam Colony,2025,1,99.0,2024-12-30
Tamil Nadu,Villupuram,Gingee,Rajapalayam Colony Gp,Rajapalayam Colony,Tamil Nadu|Villupuram|Gingee|Rajapalayam Colony,2025,2,98.0,2025-01-06
Tamil Nadu,Villupuram,Gingee,Rajapalayam Colony Gp,Rajapalayam Colony,Tamil Nadu|Villupuram|Gingee|Rajapalayam Colony,2025,3,105.0,2025-01-13
Tamil Nadu,Villupuram,Gingee,Rajapalayam Colony Gp,Rajapalayam Colony,Tamil Nadu|Villupuram|Gingee|Rajapalayam Colony,2025,4,103.0,2025-01-20
Tamil Nadu,Villupuram,Gingee,Rajapalayam Colony Gp,Rajapalayam Colony,Tamil Nadu|Villupuram|Gingee|Rajapalayam Colony,2025,5,106.0,2025-01-27
Tamil Nadu,Villupuram,Gingee,Rajapalayam Colony Gp,Rajapalayam Colony,Tamil Nadu|Villupuram|Gingee|Rajapalayam Colony,2025,6,97.0,2025-02-03
Tamil Nadu,Villupuram,Gingee,Rajapalayam Colony Gp,Rajapalayam Colony,Tamil Nadu|Villupuram|Gingee|Rajapalayam Colony,2025,7,116.0,2025-02-10
Tamil Nadu,Villupuram,Gingee,Rajapalayam Colony Gp,Rajapalayam Colony,Tamil Nadu|Villupuram|Gingee|Rajapalayam Colony,2025,8,115.0,2025-02-17
Tamil Nadu,Villupuram,Gingee,Rajapalayam Colony Gp,Rajapalayam Colony,Tamil Nadu|Villupuram|Gingee|Rajapalayam Colony,2025,9,107.5,2025-02-24
Tamil Nadu,Villupuram,Gingee,Rajapalayam Colony Gp,Rajapalayam Colony,Tamil Nadu|Villupuram|Gingee|Rajapalayam Colony,2025,10,100.0,2025-03-03
Tamil Nadu,Villupuram,Gingee,Rajapalayam Colony Gp,Rajapalayam Colony,Tamil Nadu|Villupuram|Gingee|Rajapalayam Colony,2025,11,129.0,2025-03-10
Tamil Nadu,Villupuram,Gingee,Rajapalayam Colony Gp,Rajapalayam Colony,Tamil Nadu|Villupuram|Gingee|Rajapalayam Colony,2025,12,117.0,2025-03-17
Tamil Nadu,Villupuram,Gingee,Rajapalayam Colony Gp,Rajapalayam Colony,Tamil Nadu|Villupuram|Gingee|Rajapalayam Colony,2025,13,125.0,2025-03-24
Tamil Nadu,Villupuram,Gingee,Rajapalayam Colony Gp,Rajapalayam Colony,Tamil Nadu|Villupuram|Gingee|Rajapalayam Colony,2025,14,113.0,2025-03-31
Tamil Nadu,Villupuram,Gingee,Rajapalayam Colony Gp,Rajapalayam Colony,Tamil Nadu|Villupuram|Gingee|Rajapalayam Colony,2025,15,122.0,2025-04-07
Tamil Nadu,Villupuram,Gingee,Rajapalayam Colony Gp,Rajapalayam Colony,Tamil Nadu|Villupuram|Gingee|Rajapalayam Colony,2025,16,112.0,2025-04-14
Tamil Nadu,Villupuram,Gingee,Rajapalayam Colony Gp,Rajapalayam Colony,Tamil Nadu|Villupuram|Gingee|Rajapalayam Colony,2025,17,114.0,2025-04-21
Tamil Nadu,Villupuram,Gingee,Rajapalayam Colony Gp,Rajapalayam Colony,Tamil Nadu|Villupuram|Gingee|Rajapalayam Colony,2025,18,127.0,2025-04-28
Tamil Nadu,Villupuram,Gingee,Rajapalayam Colony Gp,Rajapalayam Colony,Tamil Nadu|Villupuram|Gingee|Rajapalayam Colony,2025,19,113.0,2025-05-05
Tamil Nadu,Villupuram,Gingee,Rajapalayam Colony Gp,Rajapalayam Colony,Tamil Nadu|Villupuram|Gingee|Rajapalayam Colony,2025,20,114.0,2025-05-12
Tamil Nadu,Villupuram,Gingee,Rajapalayam Colony Gp,Rajapalayam Colony,Tamil Nadu|Villupuram|Gingee|Rajapalayam Colony,2025,21,116.0,2025-05-19
Tamil Nadu,Villupuram,Gingee,Rajapalayam Colony Gp,Rajapalayam Colony,Tamil Nadu|Villupuram|Gingee|Rajapalayam Colony,2025,22,111.0,2025-05-26
Tamil Nadu,Villupuram,Gingee,Rajapalayam Colony Gp,Rajapalayam Colony,Tamil Nadu|Villupuram|Gingee|Rajapalayam Colony,2025,23,107.0,2025-06-02
Tamil Nadu,Villupuram,Gingee,Rajapalayam Colony Gp,Rajapalayam Colony,Tamil Nadu|Villupuram|Gingee|Rajapalayam Colony,2025,24,106.0,2025-06-09
Tamil Nadu,Villupuram,Gingee,Rajapalayam Colony Gp,Rajapalayam Colony,Tamil Nadu|Villupuram|Gingee|Rajapalayam Colony,2025,25,114.0,2025-06-16
Tamil Nadu,Villupuram,Gingee,Rajapalayam Colony Gp,Rajapalayam Colony,Tamil Nadu|Villupuram|Gingee|Rajapalayam Colony,2025,26,98.0,2025-06-23
Tamil Nadu,Villupuram,Gingee,Rajapalayam Colony Gp,Rajapalayam Colony,Tamil Nadu|Villupuram|Gingee|Rajapalayam Colony,2025,27,96.0,2025-06-30
Tamil Nadu,Villupuram,Gingee,Rajapalayam Colony Gp,Rajapalayam Colony,Tamil Nadu|Villupuram|Gingee|Rajapalayam Colony,2025,28,98.0,2025-07-07
Tamil Nadu,Villupuram,Gingee,Rajapalayam Colony Gp,Rajapalayam Colony,Tamil Nadu|Villupuram|Gingee|Rajapalayam Colony,2025,29,96.0,2025-07-14
Tamil Nadu,Villupuram,Gingee,Rajapalayam Colony Gp,Rajapalayam Colony,Tamil Nadu|Villupuram|Gingee|Rajapalayam Colony,2025,30,93.0,2025-07-21
Tamil Nadu,Villupuram,Gingee,Rajapalayam Colony Gp,Rajapalayam Colony,Tamil Nadu|Villupuram|Gingee|Rajapalayam Colony,2025,31,88.0,2025-07-28
Tamil Nadu,Villupuram,Gingee,Rajapalayam Colony Gp,Rajapalayam Colony,Tamil Nadu|Villupuram|Gingee|Rajapalayam Colony,2025,32,75.0,2025-08-04
Tamil Nadu,Villupuram,Gingee,Rajapalayam Colony Gp,Rajapalayam Colony,Tamil Nadu|Villupuram|Gingee|Rajapalayam Colony,2025,33,89.0,2025-08-11
Tamil Nadu,Villupuram,Gingee,Rajapalayam Colony Gp,Rajapalayam Colony,Tamil Nadu|Villupuram|Gingee|Rajapalayam Colony,2025,34,71.0,2025-08-18
Tamil Nadu,Villupuram,Gingee,Rajapalayam Colony Gp,Rajapalayam Colony,Tamil Nadu|Villupuram|Gingee|Rajapalayam Colony,2025,35,77.0,2025-08-25
Tamil Nadu,Villupuram,Gingee,Rajapalayam Colony Gp,Rajapalayam Colony,Tamil Nadu|Villupuram|Gingee|Rajapalayam Colony,2025,36,70.0,2025-09-01
Tamil Nadu,Villupuram,Gingee,Rajapalayam Colony Gp,Rajapalayam Colony,Tamil Nadu|Villupuram|Gingee|Rajapalayam Colony,2025,37,72.0,2025-09-08
Tamil Nadu,Villupuram,Gingee,Rajapalayam Colony Gp,Rajapalayam Colony,Tamil Nadu|Villupuram|Gingee|Rajapalayam Colony,2025,38,74.0,2025-09-15
Tamil Nadu,Villupuram,Gingee,Rajapalayam Colony Gp,Rajapalayam Colony,Tamil Nadu|Villupuram|Gingee|Rajapalayam Colony,2025,39,73.0,2025-09-22
Tamil Nadu,Villupuram,Gingee,Rajapalayam Colony Gp,Rajapalayam Colony,Tamil Nadu|Villupuram|Gingee|Rajapalayam Colony,2025,40,74.0,2025-09-29
Tamil Nadu,Villupuram,Gingee,Rajapalayam Colony Gp,Rajapalayam Colony,Tamil Nadu|Villupuram|Gingee|Rajapalayam Colony,2025,41,81.0,2025-10-06
Tamil Nadu,Villupuram,Gingee,Rajapalayam Colony Gp,Rajapalayam Colony,Tamil Nadu|Villupuram|Gingee|Rajapalayam Colony,2025,42,75.0,2025-10-13
Tamil Nadu,Villupuram,Gingee,Rajapalayam Colony Gp,Rajapalayam Colony,Tamil Nadu|Villupuram|Gingee|Rajapalayam Colony,2025,43,71.0,2025-10-20
Tamil Nadu,Villupuram,Gingee,Rajapalayam Colony Gp,Rajapalayam Colony,Tamil Nadu|Villupuram|Gingee|Rajapalayam Colony,2025,44,79.0,2025-10-27
Tamil Nadu,Villupuram,Gingee,Rajapalayam Colony Gp,Rajapalayam Colony,Tamil Nadu|Villupuram|Gingee|Rajapalayam Colony,2025,45,82.0,2025-11-03
Tamil Nadu,Villupuram,Gingee,Rajapalayam Colony Gp,Rajapalayam Colony,Tamil Nadu|Villupuram|Gingee|Rajapalayam Colony,2025,46,70.0,2025-11-10
Tamil Nadu,Villupuram,Gingee,Rajapalayam Colony Gp,Rajapalayam Colony,Tamil Nadu|Villupuram|Gingee|Rajapalayam Colony,2025,47,83.0,2025-11-17
Tamil Nadu,Villupuram,Gingee,Rajapalayam Colony Gp,Rajapalayam Colony,Tamil Nadu|Villupuram|Gingee|Rajapalayam Colony,2025,48,86.0,2025-11-24
Tamil Nadu,Villupuram,Gingee,Rajapalayam Colony Gp,Rajapalayam Colony,Tamil Nadu|Villupuram|Gingee|Rajapalayam Colony,2025,49,82.0,2025-12-01
Tamil Nadu,Villupuram,Gingee,Rajapalayam Colony Gp,Rajapalayam Colony,Tamil Nadu|Villupuram|Gingee|Rajapalayam Colony,2025,50,85.0,2025-12-08
Tamil Nadu,Villupuram,Gingee,Rajapalayam Colony Gp,Rajapalayam Colony,Tamil Nadu|Villupuram|Gingee|Rajapalayam Colony,2025,51,88.0,2025-12-15
Tamil Nadu,Villupuram,Gingee,Rajapalayam Colony Gp,Rajapalayam Colony,Tamil Nadu|Villupuram|Gingee|Rajapalayam Colony,2025,52,93.0,2025-12-22
Tamil Nadu,Villupuram,Gingee,Vadakku Agraharam Gp,Vadakku Agraharam,Tamil Nadu|Villupuram|Gingee|Vadakku Agraharam,2024,1,62.0,2024-01-01
Tamil Nadu,Villupuram,Gingee,Vadakku Agraharam Gp,Vadakku Agraharam,Tamil Nadu|Villupuram|Gingee|Vadakku Agraharam,2024,2,62.0,2024-01-08
Tamil Nadu,Villupuram,Gingee,Vadakku Agraharam Gp,Vadakku Agraharam,Tamil Nadu|Villupuram|Gingee|Vadakku Agraharam,2024,3,68.0,2024-01-15
Tamil Nadu,Villupuram,Gingee,Vadakku Agraharam Gp,Vadakku Agraharam,Tamil Nadu|Villupuram|Gingee|Vadakku Agraharam,2024,4,66.0,2024-01-22
Tamil Nadu,Villupuram,Gingee,Vadakku Agraharam Gp,Vadakku Agraharam,Tamil Nadu|Villupuram|Gingee|Vadakku Agraharam,2024,5,74.0,2024-01-29
Tamil Nadu,Villupuram,Gingee,Vadakku Agraharam Gp,Vadakku Agraharam,Tamil Nadu|Villupuram|Gingee|Vadakku Agraharam,2024,6,75.0,2024-02-05
Tamil Nadu,Villupuram,Gingee,Vadakku Agraharam Gp,Vadakku Agraharam,Tamil Nadu|Villupuram|Gingee|Vadakku Agraharam,2024,7,69.0,2024-02-12
Tamil Nadu,Villupuram,Gingee,Vadakku Agraharam Gp,Vadakku Agraharam,Tamil Nadu|Villupuram|Gingee|Vadakku Agraharam,2024,8,75.0,2024-02-19
Tamil Nadu,Villupuram,Gingee,Vadakku Agraharam Gp,Vadakku Agraharam,Tamil Nadu|Villupuram|Gingee|Vadakku Agraharam,2024,9,75.0,2024-02-26
Tamil Nadu,Villupuram,Gingee,Vadakku Agraharam Gp,Vadakku Agraharam,Tamil Nadu|Villupuram|Gingee|Vadakku Agraharam,2024,10,78.0,2024-03-04
Tamil Nadu,Villupuram,Gingee,Vadakku Agraharam Gp,Vadakku Agraharam,Tamil Nadu|Villupuram|Gingee|Vadakku Agraharam,2024,11,71.0,2024-03-11
Tamil Nadu,Villupuram,Gingee,Vadakku Agraharam Gp,Vadakku Agraharam,Tamil Nadu|Villupuram|Gingee|Vadakku Agraharam,2024,12,77.0,2024-03-18
Tamil Nadu,Villupuram,Gingee,Vadakku Agraharam Gp,Vadakku Agraharam,Tamil Nadu|Villupuram|Gingee|Vadakku Agraharam,2024,13,79.0,2024-03-25
Tamil Nadu,Villupuram,Gingee,Vadakku Agraharam Gp,Vadakku Agraharam,Tamil Nadu|Villupuram|Gingee|Vadakku Agraharam,2024,14,69.0,2024-04-01
Tamil Nadu,Villupuram,Gingee,Vadakku Agraharam Gp,Vadakku Agraharam,Tamil Nadu|Villupuram|Gingee|Vadakku Agraharam,2024,15,71.0,2024-04-08
Tamil Nadu,Villupuram,Gingee,Vadakku Agraharam Gp,Vadakku Agraharam,Tamil Nadu|Villupuram|Gingee|Vadakku Agraharam,2024,16,67.0,2024-04-15
Tamil Nadu,Villupuram,Gingee,Vadakku Agraharam Gp,Vadakku Agraharam,Tamil Nadu|Villupuram|Gingee|Vadakku Agraharam,2024,17,73.0,2024-04-22
Tamil Nadu,Villupuram,Gingee,Vadakku Agraharam Gp,Vadakku Agraharam,Tamil Nadu|Villupuram|Gingee|Vadakku Agraharam,2024,18,76.0,2024-04-29
Tamil Nadu,Villupuram,Gingee,Vadakku Agraharam Gp,Vadakku Agraharam,Tamil Nadu|Villupuram|Gingee|Vadakku Agraharam,2024,19,78.0,2024-05-06
Tamil Nadu,Villupuram,Gingee,Vadakku Agraharam Gp,Vadakku Agraharam,Tamil Nadu|Villupuram|Gingee|Vadakku Agraharam,2024,20,71.0,2024-05-13
Tamil Nadu,Villupuram,Gingee,Vadakku Agraharam Gp,Vadakku Agraharam,Tamil Nadu|Villupuram|Gingee|Vadakku Agraharam,2024,21,76.0,2024-05-20
Tamil Nadu,Villupuram,Gingee,Vadakku Agraharam Gp,Vadakku Agraharam,Tamil Nadu|Villupuram|Gingee|Vadakku Agraharam,2024,22,68.5,2024-05-27
Tamil Nadu,Villupuram,Gingee,Vadakku Agraharam Gp,Vadakku Agraharam,Tamil Nadu|Villupuram|Gingee|Vadakku Agraharam,2024,23,61.0,2024-06-03
Tamil Nadu,Villupuram,Gingee,Vadakku Agraharam Gp,Vadakku Agraharam,Tamil Nadu|Villupuram|Gingee|Vadakku Agraharam,2024,24,65.0,2024-06-10
Tamil Nadu,Villupuram,Gingee,Vadakku Agraharam Gp,Vadakku Agraharam,Tamil Nadu|Villupuram|Gingee|Vadakku Agraharam,2024,25,65.0,2024-06-17
Tamil Nadu,Villupuram,Gingee,Vadakku Agraharam Gp,Vadakku Agraharam,Tamil Nadu|Villupuram|Gingee|Vadakku Agraharam,2024,26,62.0,2024-06-24
Tamil Nadu,Villupuram,Gingee,Vadakku Agraharam Gp,Vadakku Agraharam,Tamil Nadu|Villupuram|Gingee|Vadakku Agraharam,2024,27,53.0,2024-07-01
Tamil Nadu,Villupuram,Gingee,Vadakku Agraharam Gp,Vadakku Agraharam,Tamil Nadu|Villupuram|Gingee|Vadakku Agraharam,2024,28,58.0,2024-07-08
Tamil Nadu,Villupuram,Gingee,Vadakku Agraharam Gp,Vadakku Agraharam,Tamil Nadu|Villupuram|Gingee|Vadakku Agraharam,2024,29,52.0,2024-07-15
Tamil Nadu,Villupuram,Gingee,Vadakku Agraharam Gp,Vadakku Agraharam,Tamil Nadu|Villupuram|Gingee|Vadakku Agraharam,2024,30,57.0,2024-07-22
Tamil Nadu,Villupuram,Gingee,Vadakku Agraharam Gp,Vadakku Agraharam,Tamil Nadu|Villupuram|Gingee|Vadakku Agraharam,2024,31,54.0,2024-07-29
Tamil Nadu,Villupuram,Gingee,Vadakku Agraharam Gp,Vadakku Agraharam,Tamil Nadu|Villupuram|Gingee|Vadakku Agraharam,2024,32,48.0,2024-08-05
Tamil Nadu,Villupuram,Gingee,Vadakku Agraharam Gp,Vadakku Agraharam,Tamil Nadu|Villupuram|Gingee|Vadakku Agraharam,2024,33,48.0,2024-08-12
Tamil Nadu,Villupuram,Gingee,Vadakku Agraharam Gp,Vadakku Agraharam,Tamil Nadu|Villupuram|Gingee|Vadakku Agraharam,2024,34,45.0,2024-08-19
Tamil Nadu,Villupuram,Gingee,Vadakku Agraharam Gp,Vadakku Agraharam,Tamil Nadu|Villupuram|Gingee|Vadakku Agraharam,2024,35,47.0,2024-08-26
Tamil Nadu,Villupuram,Gingee,Vadakku Agraharam Gp,Vadakku Agraharam,Tamil Nadu|Villupuram|Gingee|Vadakku Agraharam,2024,36,50.0,2024-09-02
Tamil Nadu,Villupuram,Gingee,Vadakku Agraharam Gp,Vadakku Agraharam,Tamil Nadu|Villupuram|Gingee|Vadakku Agraharam,2024,37,42.0,2024-09-09
Tamil Nadu,Villupuram,Gingee,Vadakku Agraharam Gp,Vadakku Agraharam,Tamil Nadu|Villupuram|Gingee|Vadakku Agraharam,2024,38,47.0,2024-09-16
Tamil Nadu,Villupuram,Gingee,Vadakku Agraharam Gp,Vadakku Agraharam,Tamil Nadu|Villupuram|Gingee|Vadakku Agraharam,2024,39,43.0,2024-09-23
Tamil Nadu,Villupuram,Gingee,Vadakku Agraharam Gp,Vadakku Agraharam,Tamil Nadu|Villupuram|Gingee|Vadakku Agraharam,2024,40,42.0,2024-09-30
Tamil Nadu,Villupuram,Gingee,Vadakku Agraharam Gp,Vadakku Agraharam,Tamil Nadu|Villupuram|Gingee|Vadakku Agraharam,2024,41,45.0,2024-10-07
Tamil Nadu,Villupuram,Gingee,Vadakku Agraharam Gp,Vadakku Agraharam,Tamil Nadu|Villupuram|Gingee|Vadakku Agraharam,2024,42,42.0,2024-10-14
Tamil Nadu,Villupuram,Gingee,Vadakku Agraharam Gp,Vadakku Agraharam,Tamil Nadu|Villupuram|Gingee|Vadakku Agraharam,2024,43,44.0,2024-10-21
Tamil Nadu,Villupuram,Gingee,Vadakku Agraharam Gp,Vadakku Agraharam,Tamil Nadu|Villupuram|Gingee|Vadakku Agraharam,2024,44,42.0,2024-10-28
Tamil Nadu,Villupuram,Gingee,Vadakku Agraharam Gp,Vadakku Agraharam,Tamil Nadu|Villupuram|Gingee|Vadakku Agraharam,2024,45,55.0,2024-11-04
Tamil Nadu,Villupuram,Gingee,Vadakku Agraharam Gp,Vadakku Agraharam,Tamil Nadu|Villupuram|Gingee|Vadakku Agraharam,2024,46,49.0,2024-11-11
Tamil Nadu,Villupuram,Gingee,Vadakku Agraharam Gp,Vadakku Agraharam,Tamil Nadu|Villupuram|Gingee|Vadakku Agraharam,2024,47,48.0,2024-11-18
Tamil Nadu,Villupuram,Gingee,Vadakku Agraharam Gp,Vadakku Agraharam,Tamil Nadu|Villupuram|Gingee|Vadakku Agraharam,2024,48,52.0,2024-11-25
Tamil Nadu,Villupuram,Gingee,Vadakku Agraharam Gp,Vadakku Agraharam,Tamil Nadu|Villupuram|Gingee|Vadakku Agraharam,2024,49,53.0,2024-12-02
Tamil Nadu,Villupuram,Gingee,Vadakku Agraharam Gp,Vadakku Agraharam,Tamil Nadu|Villupuram|Gingee|Vadakku Agraharam,2024,50,54.0,2024-12-09
Tamil Nadu,Villupuram,Gingee,Vadakku Agraharam Gp,Vadakku Agraharam,Tamil Nadu|Villupuram|Gingee|Vadakku Agraharam,2024,51,59.0,2024-12-16
Tamil Nadu,Villupuram,Gingee,Vadakku Agraharam Gp,Vadakku Agraharam,Tamil Nadu|Villupuram|Gingee|Vadakku Agraharam,2024,52,61.0,2024-12-23
Tamil Nadu,Villupuram,Gingee,Vadakku Agraharam Gp,Vadakku Agraharam,Tamil Nadu|Villupuram|Gingee|Vadakku Agraharam,2025,1,58.0,2024-12-30
Tamil Nadu,Villupuram,Gingee,Vadakku Agraharam Gp,Vadakku Agraharam,Tamil Nadu|Villupuram|Gingee|Vadakku Agraharam,2025,2,60.0,2025-01-06
Tamil Nadu,Villupuram,Gingee,Vadakku Agraharam Gp,Vadakku Agraharam,Tamil Nadu|Villupuram|Gingee|Vadakku Agraharam,2025,3,63.0,2025-01-13
Tamil Nadu,Villupuram,Gingee,Vadakku Agraharam Gp,Vadakku Agraharam,Tamil Nadu|Villupuram|Gingee|Vadakku Agraharam,2025,4,57.0,2025-01-20
Tamil Nadu,Villupuram,Gingee,Vadakku Agraharam Gp,Vadakku Agraharam,Tamil Nadu|Villupuram|Gingee|Vadakku Agraharam,2025,5,62.0,2025-01-27
Tamil Nadu,Villupuram,Gingee,Vadakku Agraharam Gp,Vadakku Agraharam,Tamil Nadu|Villupuram|Gingee|Vadakku Agraharam,2025,6,73.0,2025-02-03
Tamil Nadu,Villupuram,Gingee,Vadakku Agraharam Gp,Vadakku Agraharam,Tamil Nadu|Villupuram|Gingee|Vadakku Agraharam,2025,7,76.0,2025-02-10
Tamil Nadu,Villupuram,Gingee,Vadakku Agraharam Gp,Vadakku Agraharam,Tamil Nadu|Villupuram|Gingee|Vadakku Agraharam,2025,8,70.0,2025-02-17
Tamil Nadu,Villupuram,Gingee,Vadakku Agraharam Gp,Vadakku Agraharam,Tamil Nadu|Villupuram|Gingee|Vadakku Agraharam,2025,9,74.0,2025-02-24
Tamil Nadu,Villupuram,Gingee,Vadakku Agraharam Gp,Vadakku Agraharam,Tamil Nadu|Villupuram|Gingee|Vadakku Agraharam,2025,10,74.0,2025-03-03
Tamil Nadu,Villupuram,Gingee,Vadakku Agraharam Gp,Vadakku Agraharam,Tamil Nadu|Villupuram|Gingee|Vadakku Agraharam,2025,11,85.0,2025-03-10
Tamil Nadu,Villupuram,Gingee,Vadakku Agraharam Gp,Vadakku Agraharam,Tamil Nadu|Villupuram|Gingee|Vadakku Agraharam,2025,12,79.0,2025-03-17
Tamil Nadu,Villupuram,Gingee,Vadakku Agraharam Gp,Vadakku Agraharam,Tamil Nadu|Villupuram|Gingee|Vadakku Agraharam,2025,13,74.0,2025-03-24
Tamil Nadu,Villupuram,Gingee,Vadakku Agraharam Gp,Vadakku Agraharam,Tamil Nadu|Villupuram|Gingee|Vadakku Agraharam,2025,14,72.0,2025-03-31
Tamil Nadu,Villupuram,Gingee,Vadakku Agraharam Gp,Vadakku Agraharam,Tamil Nadu|Villupuram|Gingee|Vadakku Agraharam,2025,15,69.0,2025-04-07
Tamil Nadu,Villupuram,Gingee,Vadakku Agraharam Gp,Vadakku Agraharam,Tamil Nadu|Villupuram|Gingee|Vadakku Agraharam,2025,16,75.0,2025-04-14
Tamil Nadu,Villupuram,Gingee,Vadakku Agraharam Gp,Vadakku Agraharam,Tamil Nadu|Villupuram|Gingee|Vadakku Agraharam,2025,17,71.0,2025-04-21
Tamil Nadu,Villupuram,Gingee,Vadakku Agraharam Gp,Vadakku Agraharam,Tamil Nadu|Villupuram|Gingee|Vadakku Agraharam,2025,18,68.0,2025-04-28
Tamil Nadu,Villupuram,Gingee,Vadakku Agraharam Gp,Vadakku Agraharam,Tamil Nadu|Villupuram|Gingee|Vadakku Agraharam,2025,19,70.0,2025-05-05
Tamil Nadu,Villupuram,Gingee,Vadakku Agraharam Gp,Vadakku Agraharam,Tamil Nadu|Villupuram|Gingee|Vadakku Agraharam,2025,20,67.0,2025-05-12
Tamil Nadu,Villupuram,Gingee,Vadakku Agraharam Gp,Vadakku Agraharam,Tamil Nadu|Villupuram|Gingee|Vadakku Agraharam,2025,21,76.0,2025-05-19
Tamil Nadu,Villupuram,Gingee,Vadakku Agraharam Gp,Vadakku Agraharam,Tamil Nadu|Villupuram|Gingee|Vadakku Agraharam,2025,22,72.0,2025-05-26
Tamil Nadu,Villupuram,Gingee,Vadakku Agraharam Gp,Vadakku Agraharam,Tamil Nadu|Villupuram|Gingee|Vadakku Agraharam,2025,23,67.0,2025-06-02
Tamil Nadu,Villupuram,Gingee,Vadakku Agraharam Gp,Vadakku Agraharam,Tamil Nadu|Villupuram|Gingee|Vadakku Agraharam,2025,24,71.0,2025-06-09
Tamil Nadu,Villupuram,Gingee,Vadakku Agraharam Gp,Vadakku Agraharam,Tamil Nadu|Villupuram|Gingee|Vadakku Agraharam,2025,25,64.0,2025-06-16
Tamil Nadu,Villupuram,Gingee,Vadakku Agraharam Gp,Vadakku Agraharam,Tamil Nadu|Villupuram|Gingee|Vadakku Agraharam,2025,26,59.0,2025-06-23
Tamil Nadu,Villupuram,Gingee,Vadakku Agraharam Gp,Vadakku Agraharam,Tamil Nadu|Villupuram|Gingee|Vadakku Agraharam,2025,27,65.0,2025-06-30
Tamil Nadu,Villupuram,Gingee,Vadakku Agraharam Gp,Vadakku Agraharam,Tamil Nadu|Villupuram|Gingee|Vadakku Agraharam,2025,28,60.0,2025-07-07
Tamil Nadu,Villupuram,Gingee,Vadakku Agraharam Gp,Vadakku Agraharam,Tamil Nadu|Villupuram|Gingee|Vadakku Agraharam,2025,29,53.0,2025-07-14
Tamil Nadu,Villupuram,Gingee,Vadakku Agraharam Gp,Vadakku Agraharam,Tamil Nadu|Villupuram|Gingee|Vadakku Agraharam,2025,30,54.0,2025-07-21
Tamil Nadu,Villupuram,Gingee,Vadakku Agraharam Gp,Vadakku Agraharam,Tamil Nadu|Villupuram|Gingee|Vadakku Agraharam,2025,31,50.0,2025-07-28
Tamil Nadu,Villupuram,Gingee,Vadakku Agraharam Gp,Vadakku Agraharam,Tamil Nadu|Villupuram|Gingee|Vadakku Agraharam,2025,32,47.0,2025-08-04
Tamil Nadu,Villupuram,Gingee,Vadakku Agraharam Gp,Vadakku Agraharam,Tamil Nadu|Villupuram|Gingee|Vadakku Agraharam,2025,33,53.0,2025-08-11
Tamil Nadu,Villupuram,Gingee,Vadakku Agraharam Gp,Vadakku Agraharam,Tamil Nadu|Villupuram|Gingee|Vadakku Agraharam,2025,34,56.0,2025-08-18
Tamil Nadu,Villupuram,Gingee,Vadakku Agraharam Gp,Vadakku Agraharam,Tamil Nadu|Villupuram|Gingee|Vadakku Agraharam,2025,35,43.0,2025-08-25
Tamil Nadu,Villupuram,Gingee,Vadakku Agraharam Gp,Vadakku Agraharam,Tamil Nadu|Villupuram|Gingee|Vadakku Agraharam,2025,36,49.0,2025-09-01
Tamil Nadu,Villupuram,Gingee,Vadakku Agraharam Gp,Vadakku Agraharam,Tamil Nadu|Villupuram|Gingee|Vadakku Agraharam,2025,37,44.0,2025-09-08
Tamil Nadu,Villupuram,Gingee,Vadakku Agraharam Gp,Vadakku Agraharam,Tamil Nadu|Villupuram|Gingee|Vadakku Agraharam,2025,38,44.0,2025-09-15
Tamil Nadu,Villupuram,Gingee,Vadakku Agraharam Gp,Vadakku Agraharam,Tamil Nadu|Villupuram|Gingee|Vadakku Agraharam,2025,39,43.0,2025-09-22
Tamil Nadu,Villupuram,Gingee,Vadakku Agraharam Gp,Vadakku Agraharam,Tamil Nadu|Villupuram|Gingee|Vadakku Agraharam,2025,40,42.0,2025-09-29
Tamil Nadu,Villupuram,Gingee,Vadakku Agraharam Gp,Vadakku Agraharam,Tamil Nadu|Villupuram|Gingee|Vadakku Agraharam,2025,41,45.0,2025-10-06
Tamil Nadu,Villupuram,Gingee,Vadakku Agraharam Gp,Vadakku Agraharam,Tamil Nadu|Villupuram|Gingee|Vadakku Agraharam,2025,42,42.0,2025-10-13
Tamil Nadu,Villupuram,Gingee,Vadakku Agraharam Gp,Vadakku Agraharam,Tamil Nadu|Villupuram|Gingee|Vadakku Agraharam,2025,43,47.0,2025-10-20
Tamil Nadu,Villupuram,Gingee,Vadakku Agraharam Gp,Vadakku Agraharam,Tamil Nadu|Villupuram|Gingee|Vadakku Agraharam,2025,44,47.0,2025-10-27
Tamil Nadu,Villupuram,Gingee,Vadakku Agraharam Gp,Vadakku Agraharam,Tamil Nadu|Villupuram|Gingee|Vadakku Agraharam,2025,45,47.0,2025-11-03
Tamil Nadu,Villupuram,Gingee,Vadakku Agraharam Gp,Vadakku Agraharam,Tamil Nadu|Villupuram|Gingee|Vadakku Agraharam,2025,46,46.0,2025-11-10
Tamil Nadu,Villupuram,Gingee,Vadakku Agraharam Gp,Vadakku Agraharam,Tamil Nadu|Villupuram|Gingee|Vadakku Agraharam,2025,47,48.0,2025-11-17
Tamil Nadu,Villupuram,Gingee,Vadakku Agraharam Gp,Vadakku Agraharam,Tamil Nadu|Villupuram|Gingee|Vadakku Agraharam,2025,48,54.0,2025-11-24
Tamil Nadu,Villupuram,Gingee,Vadakku Agraharam Gp,Vadakku Agraharam,Tamil Nadu|Villupuram|Gingee|Vadakku Agraharam,2025,49,55.0,2025-12-01
Tamil Nadu,Villupuram,Gingee,Vadakku Agraharam Gp,Vadakku Agraharam,Tamil Nadu|Villupuram|Gingee|Vadakku Agraharam,2025,50,51.0,2025-12-08
Tamil Nadu,Villupuram,Gingee,Vadakku Agraharam Gp,Vadakku Agraharam,Tamil Nadu|Villupuram|Gingee|Vadakku Agraharam,2025,51,57.0,2025-12-15
Tamil Nadu,Villupuram,Gingee,Vadakku Agraharam Gp,Vadakku Agraharam,Tamil Nadu|Villupuram|Gingee|Vadakku Agraharam,2025,52,61.0,2025-12-22
Tamil Nadu,Villupuram,Tindivanam,Alagapuram Gp,Alagapuram,Tamil Nadu|Villupuram|Tindivanam|Alagapuram,2024,1,70.0,2024-01-01
Tamil Nadu,Villupuram,Tindivanam,Alagapuram Gp,Alagapuram,Tamil Nadu|Villupuram|Tindivanam|Alagapuram,2024,2,74.0,2024-01-08
Tamil Nadu,Villupuram,Tindivanam,Alagapuram Gp,Alagapuram,Tamil Nadu|Villupuram|Tindivanam|Alagapuram,2024,3,80.0,2024-01-15
Tamil Nadu,Villupuram,Tindivanam,Alagapuram Gp,Alagapuram,Tamil Nadu|Villupuram|Tindivanam|Alagapuram,2024,4,84.0,2024-01-22
Tamil Nadu,Villupuram,Tindivanam,Alagapuram Gp,Alagapuram,Tamil Nadu|Villupuram|Tindivanam|Alagapuram,2024,5,93.0,2024-01-29
Tamil Nadu,Villupuram,Tindivanam,Alagapuram Gp,Alagapuram,Tamil Nadu|Villupuram|Tindivanam|Alagapuram,2024,6,84.0,2024-02-05
Tamil Nadu,Villupuram,Tindivanam,Alagapuram Gp,Alagapuram,Tamil Nadu|Villupuram|Tindivanam|Alagapuram,2024,7,95.0,2024-02-12
Tamil Nadu,Villupuram,Tindivanam,Alagapuram Gp,Alagapuram,Tamil Nadu|Villupuram|Tindivanam|Alagapuram,2024,8,92.0,2024-02-19
Tamil Nadu,Villupuram,Tindivanam,Alagapuram Gp,Alagapuram,Tamil Nadu|Villupuram|Tindivanam|Alagapuram,2024,9,95.0,2024-02-26
Tamil Nadu,Villupuram,Tindivanam,Alagapuram Gp,Alagapuram,Tamil Nadu|Villupuram|Tindivanam|Alagapuram,2024,10,100.0,2024-03-04
Tamil Nadu,Villupuram,Tindivanam,Alagapuram Gp,Alagapuram,Tamil Nadu|Villupuram|Tindivanam|Alagapuram,2024,11,93.0,2024-03-11
Tamil Nadu,Villupuram,Tindivanam,Alagapuram Gp,Alagapuram,Tamil Nadu|Villupuram|Tindivanam|Alagapuram,2024,12,101.0,2024-03-18
Tamil Nadu,Villupuram,Tindivanam,Alagapuram Gp,Alagapuram,Tamil Nadu|Villupuram|Tindivanam|Alagapuram,2024,13,101.0,2024-03-25
Tamil Nadu,Villupuram,Tindivanam,Alagapuram Gp,Alagapuram,Tamil Nadu|Villupuram|Tindivanam|Alagapuram,2024,14,103.0,2024-04-01
Tamil Nadu,Villupuram,Tindivanam,Alagapuram Gp,Alagapuram,Tamil Nadu|Villupuram|Tindivanam|Alagapuram,2024,15,103.0,2024-04-08
Tamil Nadu,Villupuram,Tindivanam,Alagapuram Gp,Alagapuram,Tamil Nadu|Villupuram|Tindivanam|Alagapuram,2024,16,113.0,2024-04-15
Tamil Nadu,Villupuram,Tindivanam,Alagapuram Gp,Alagapuram,Tamil Nadu|Villupuram|Tindivanam|Alagapuram,2024,17,99.0,2024-04-22
Tamil Nadu,Villupuram,Tindivanam,Alagapuram Gp,Alagapuram,Tamil Nadu|Villupuram|Tindivanam|Alagapuram,2024,18,99.0,2024-04-29
Tamil Nadu,Villupuram,Tindivanam,Alagapuram Gp,Alagapuram,Tamil Nadu|Villupuram|Tindivanam|Alagapuram,2024,19,97.0,2024-05-06
Tamil Nadu,Villupuram,Tindivanam,Alagapuram Gp,Alagapuram,Tamil Nadu|Villupuram|Tindivanam|Alagapuram,2024,20,97.0,2024-05-13
Tamil Nadu,Villupuram,Tindivanam,Alagapuram Gp,Alagapuram,Tamil Nadu|Villupuram|Tindivanam|Alagapuram,2024,21,95.0,2024-05-20
Tamil Nadu,Villupuram,Tindivanam,Alagapuram Gp,Alagapuram,Tamil Nadu|Villupuram|Tindivanam|Alagapuram,2024,22,102.0,2024-05-27
Tamil Nadu,Villupuram,Tindivanam,Alagapuram Gp,Alagapuram,Tamil Nadu|Villupuram|Tindivanam|Alagapuram,2024,23,101.0,2024-06-03
Tamil Nadu,Villupuram,Tindivanam,Alagapuram Gp,Alagapuram,Tamil Nadu|Villupuram|Tindivanam|Alagapuram,2024,24,90.0,2024-06-10
Tamil Nadu,Villupuram,Tindivanam,Alagapuram Gp,Alagapuram,Tamil Nadu|Villupuram|Tindivanam|Alagapuram,2024,25,87.0,2024-06-17
Tamil Nadu,Villupuram,Tindivanam,Alagapuram Gp,Alagapuram,Tamil Nadu|Villupuram|Tindivanam|Alagapuram,2024,26,91.0,2024-06-24
Tamil Nadu,Villupuram,Tindivanam,Alagapuram Gp,Alagapuram,Tamil Nadu|Villupuram|Tindivanam|Alagapuram,2024,27,84.0,2024-07-01
Tamil Nadu,Villupuram,Tindivanam,Alagapuram Gp,Alagapuram,Tamil Nadu|Villupuram|Tindivanam|Alagapuram,2024,28,87.0,2024-07-08
Tamil Nadu,Villupuram,Tindivanam,Alagapuram Gp,Alagapuram,Tamil Nadu|Villupuram|Tindivanam|Alagapuram,2024,29,83.0,2024-07-15
Tamil Nadu,Villupuram,Tindivanam,Alagapuram Gp,Alagapuram,Tamil Nadu|Villupuram|Tindivanam|Alagapuram,2024,30,73.0,2024-07-22
Tamil Nadu,Villupuram,Tindivanam,Alagapuram Gp,Alagapuram,Tamil Nadu|Villupuram|Tindivanam|Alagapuram,2024,31,85.0,2024-07-29
Tamil Nadu,Villupuram,Tindivanam,Alagapuram Gp,Alagapuram,Tamil Nadu|Villupuram|Tindivanam|Alagapuram,2024,32,84.0,2024-08-05
Tamil Nadu,Villupuram,Tindivanam,Alagapuram Gp,Alagapuram,Tamil Nadu|Villupuram|Tindivanam|Alagapuram,2024,33,72.0,2024-08-12
Tamil Nadu,Villupuram,Tindivanam,Alagapuram Gp,Alagapuram,Tamil Nadu|Villupuram|Tindivanam|Alagapuram,2024,34,71.0,2024-08-19
Tamil Nadu,Villupuram,Tindivanam,Alagapuram Gp,Alagapuram,Tamil Nadu|Villupuram|Tindivanam|Alagapuram,2024,35,73.0,2024-08-26
Tamil Nadu,Villupuram,Tindivanam,Alagapuram Gp,Alagapuram,Tamil Nadu|Villupuram|Tindivanam|Alagapuram,2024,36,72.0,2024-09-02
Tamil Nadu,Villupuram,Tindivanam,Alagapuram Gp,Alagapuram,Tamil Nadu|Villupuram|Tindivanam|Alagapuram,2024,37,73.0,2024-09-09
Tamil Nadu,Villupuram,Tindivanam,Alagapuram Gp,Alagapuram,Tamil Nadu|Villupuram|Tindivanam|Alagapuram,2024,38,78.0,2024-09-16
Tamil Nadu,Villupuram,Tindivanam,Alagapuram Gp,Alagapuram,Tamil Nadu|Villupuram|Tindivanam|Alagapuram,2024,39,68.0,2024-09-23
Tamil Nadu,Villupuram,Tindivanam,Alagapuram Gp,Alagapuram,Tamil Nadu|Villupuram|Tindivanam|Alagapuram,2024,40,66.0,2024-09-30
Tamil Nadu,Villupuram,Tindivanam,Alagapuram Gp,Alagapuram,Tamil Nadu|Villupuram|Tindivanam|Alagapuram,2024,41,64.0,2024-10-07
Tamil Nadu,Villupuram,Tindivanam,Alagapuram Gp,Alagapuram,Tamil Nadu|Villupuram|Tindivanam|Alagapuram,2024,42,67.0,2024-10-14
Tamil Nadu,Villupuram,Tindivanam,Alagapuram Gp,Alagapuram,Tamil Nadu|Villupuram|Tindivanam|Alagapuram,2024,43,72.0,2024-10-21
Tamil Nadu,Villupuram,Tindivanam,Alagapuram Gp,Alagapuram,Tamil Nadu|Villupuram|Tindivanam|Alagapuram,2024,44,82.0,2024-10-28
Tamil Nadu,Villupuram,Tindivanam,Alagapuram Gp,Alagapuram,Tamil Nadu|Villupuram|Tindivanam|Alagapuram,2024,45,73.0,2024-11-04
Tamil Nadu,Villupuram,Tindivanam,Alagapuram Gp,Alagapuram,Tamil Nadu|Villupuram|Tindivanam|Alagapuram,2024,46,78.0,2024-11-11
Tamil Nadu,Villupuram,Tindivanam,Alagapuram Gp,Alagapuram,Tamil Nadu|Villupuram|Tindivanam|Alagapuram,2024,47,80.0,2024-11-18
Tamil Nadu,Villupuram,Tindivanam,Alagapuram Gp,Alagapuram,Tamil Nadu|Villupuram|Tindivanam|Alagapuram,2024,48,88.0,2024-11-25
Tamil Nadu,Villupuram,Tindivanam,Alagapuram Gp,Alagapuram,Tamil Nadu|Villupuram|Tindivanam|Alagapuram,2024,49,97.0,2024-12-02
Tamil Nadu,Villupuram,Tindivanam,Alagapuram Gp,Alagapuram,Tamil Nadu|Villupuram|Tindivanam|Alagapuram,2024,50,86.0,2024-12-09
Tamil Nadu,Villupuram,Tindivanam,Alagapuram Gp,Alagapuram,Tamil Nadu|Villupuram|Tindivanam|Alagapuram,2024,51,89.0,2024-12-16
Tamil Nadu,Villupuram,Tindivanam,Alagapuram Gp,Alagapuram,Tamil Nadu|Villupuram|Tindivanam|Alagapuram,2024,52,100.0,2024-12-23
Tamil Nadu,Villupuram,Tindivanam,Alagapuram Gp,Alagapuram,Tamil Nadu|Villupuram|Tindivanam|Alagapuram,2025,1,101.0,2024-12-30
Tamil Nadu,Villupuram,Tindivanam,Alagapuram Gp,Alagapuram,Tamil Nadu|Villupuram|Tindivanam|Alagapuram,2025,2,110.0,2025-01-06
Tamil Nadu,Villupuram,Tindivanam,Alagapuram Gp,Alagapuram,Tamil Nadu|Villupuram|Tindivanam|Alagapuram,2025,3,108.0,2025-01-13
Tamil Nadu,Villupuram,Tindivanam,Alagapuram Gp,Alagapuram,Tamil Nadu|Villupuram|Tindivanam|Alagapuram,2025,4,107.0,2025-01-20
Tamil Nadu,Villupuram,Tindivanam,Alagapuram Gp,Alagapuram,Tamil Nadu|Villupuram|Tindivanam|Alagapuram,2025,5,114.0,2025-01-27
Tamil Nadu,Villupuram,Tindivanam,Alagapuram Gp,Alagapuram,Tamil Nadu|Villupuram|Tindivanam|Alagapuram,2025,6,120.0,2025-02-03
Tamil Nadu,Villupuram,Tindivanam,Alagapuram Gp,Alagapuram,Tamil Nadu|Villupuram|Tindivanam|Alagapuram,2025,7,122.0,2025-02-10
Tamil Nadu,Villupuram,Tindivanam,Alagapuram Gp,Alagapuram,Tamil Nadu|Villupuram|Tindivanam|Alagapuram,2025,8,123.0,2025-02-17
Tamil Nadu,Villupuram,Tindivanam,Alagapuram Gp,Alagapuram,Tamil Nadu|Villupuram|Tindivanam|Alagapuram,2025,9,128.0,2025-02-24
Tamil Nadu,Villupuram,Tindivanam,Alagapuram Gp,Alagapuram,Tamil Nadu|Villupuram|Tindivanam|Alagapuram,2025,10,130.0,2025-03-03
Tamil Nadu,Villupuram,Tindivanam,Alagapuram Gp,Alagapuram,Tamil Nadu|Villupuram|Tindivanam|Alagapuram,2025,11,133.0,2025-03-10
Tamil Nadu,Villupuram,Tindivanam,Alagapuram Gp,Alagapuram,Tamil Nadu|Villupuram|Tindivanam|Alagapuram,2025,12,131.0,2025-03-17
Tamil Nadu,Villupuram,Tindivanam,Alagapuram Gp,Alagapuram,Tamil Nadu|Villupuram|Tindivanam|Alagapuram,2025,13,129.0,2025-03-24
Tamil Nadu,Villupuram,Tindivanam,Alagapuram Gp,Alagapuram,Tamil Nadu|Villupuram|Tindivanam|Alagapuram,2025,14,131.0,2025-03-31
Tamil Nadu,Villupuram,Tindivanam,Alagapuram Gp,Alagapuram,Tamil Nadu|Villupuram|Tindivanam|Alagapuram,2025,15,136.0,2025-04-07
Tamil Nadu,Villupuram,Tindivanam,Alagapuram Gp,Alagapuram,Tamil Nadu|Villupuram|Tindivanam|Alagapuram,2025,16,127.0,2025-04-14
Tamil Nadu,Villupuram,Tindivanam,Alagapuram Gp,Alagapuram,Tamil Nadu|Villupuram|Tindivanam|Alagapuram,2025,17,132.0,2025-04-21
Tamil Nadu,Villupuram,Tindivanam,Alagapuram Gp,Alagapuram,Tamil Nadu|Villupuram|Tindivanam|Alagapuram,2025,18,128.0,2025-04-28
Tamil Nadu,Villupuram,Tindivanam,Alagapuram Gp,Alagapuram,Tamil Nadu|Villupuram|Tindivanam|Alagapuram,2025,19,129.0,2025-05-05
Tamil Nadu,Villupuram,Tindivanam,Alagapuram Gp,Alagapuram,Tamil Nadu|Villupuram|Tindivanam|Alagapuram,2025,20,133.0,2025-05-12
Tamil Nadu,Villupuram,Tindivanam,Alagapuram Gp,Alagapuram,Tamil Nadu|Villupuram|Tindivanam|Alagapuram,2025,21,126.0,2025-05-19
Tamil Nadu,Villupuram,Tindivanam,Alagapuram Gp,Alagapuram,Tamil Nadu|Villupuram|Tindivanam|Alagapuram,2025,22,123.0,2025-05-26
Tamil Nadu,Villupuram,Tindivanam,Alagapuram Gp,Alagapuram,Tamil Nadu|Villupuram|Tindivanam|Alagapuram,2025,23,115.0,2025-06-02
Tamil Nadu,Villupuram,Tindivanam,Alagapuram Gp,Alagapuram,Tamil Nadu|Villupuram|Tindivanam|Alagapuram,2025,24,122.0,2025-06-09
Tamil Nadu,Villupuram,Tindivanam,Alagapuram Gp,Alagapuram,Tamil Nadu|Villupuram|Tindivanam|Alagapuram,2025,25,119.0,2025-06-16
Tamil Nadu,Villupuram,Tindivanam,Alagapuram Gp,Alagapuram,Tamil Nadu|Villupuram|Tindivanam|Alagapuram,2025,26,123.0,2025-06-23
Tamil Nadu,Villupuram,Tindivanam,Alagapuram Gp,Alagapuram,Tamil Nadu|Villupuram|Tindivanam|Alagapuram,2025,27,109.0,2025-06-30
Tamil Nadu,Villupuram,Tindivanam,Alagapuram Gp,Alagapuram,Tamil Nadu|Villupuram|Tindivanam|Alagapuram,2025,28,108.0,2025-07-07
Tamil Nadu,Villupuram,Tindivanam,Alagapuram Gp,Alagapuram,Tamil Nadu|Villupuram|Tindivanam|Alagapuram,2025,29,105.0,2025-07-14
Tamil Nadu,Villupuram,Tindivanam,Alagapuram Gp,Alagapuram,Tamil Nadu|Villupuram|Tindivanam|Alagapuram,2025,30,109.0,2025-07-21
Tamil Nadu,Villupuram,Tindivanam,Alagapuram Gp,Alagapuram,Tamil Nadu|Villupuram|Tindivanam|Alagapuram,2025,31,98.0,2025-07-28
Tamil Nadu,Villupuram,Tindivanam,Alagapuram Gp,Alagapuram,Tamil Nadu|Villupuram|Tindivanam|Alagapuram,2025,32,98.0,2025-08-04
Tamil Nadu,Villupuram,Tindivanam,Alagapuram Gp,Alagapuram,Tamil Nadu|Villupuram|Tindivanam|Alagapuram,2025,33,97.0,2025-08-11
Tamil Nadu,Villupuram,Tindivanam,Alagapuram Gp,Alagapuram,Tamil Nadu|Villupuram|Tindivanam|Alagapuram,2025,34,93.0,2025-08-18
Tamil Nadu,Villupuram,Tindivanam,Alagapuram Gp,Alagapuram,Tamil Nadu|Villupuram|Tindivanam|Alagapuram,2025,35,88.0,2025-08-25
Tamil Nadu,Villupuram,Tindivanam,Alagapuram Gp,Alagapuram,Tamil Nadu|Villupuram|Tindivanam|Alagapuram,2025,36,90.0,2025-09-01
Tamil Nadu,Villupuram,Tindivanam,Alagapuram Gp,Alagapuram,Tamil Nadu|Villupuram|Tindivanam|Alagapuram,2025,37,93.0,2025-09-08
Tamil Nadu,Villupuram,Tindivanam,Alagapuram Gp,Alagapuram,Tamil Nadu|Villupuram|Tindivanam|Alagapuram,2025,38,83.0,2025-09-15
Tamil Nadu,Villupuram,Tindivanam,Alagapuram Gp,Alagapuram,Tamil Nadu|Villupuram|Tindivanam|Alagapuram,2025,39,87.0,2025-09-22
Tamil Nadu,Villupuram,Tindivanam,Alagapuram Gp,Alagapuram,Tamil Nadu|Villupuram|Tindivanam|Alagapuram,2025,40,84.0,2025-09-29
Tamil Nadu,Villupuram,Tindivanam,Alagapuram Gp,Alagapuram,Tamil Nadu|Villupuram|Tindivanam|Alagapuram,2025,41,93.0,2025-10-06
Tamil Nadu,Villupuram,Tindivanam,Alagapuram Gp,Alagapuram,Tamil Nadu|Villupuram|Tindivanam|Alagapuram,2025,42,82.0,2025-10-13
Tamil Nadu,Villupuram,Tindivanam,Alagapuram Gp,Alagapuram,Tamil Nadu|Villupuram|Tindivanam|Alagapuram,2025,43,87.0,2025-10-20
Tamil Nadu,Villupuram,Tindivanam,Alagapuram Gp,Alagapuram,Tamil Nadu|Villupuram|Tindivanam|Alagapuram,2025,44,93.0,2025-10-27
Tamil Nadu,Villupuram,Tindivanam,Alagapuram Gp,Alagapuram,Tamil Nadu|Villupuram|Tindivanam|Alagapuram,2025,45,101.0,2025-11-03
Tamil Nadu,Villupuram,Tindivanam,Alagapuram Gp,Alagapuram,Tamil Nadu|Villupuram|Tindivanam|Alagapuram,2025,46,96.0,2025-11-10
Tamil Nadu,Villupuram,Tindivanam,Alagapuram Gp,Alagapuram,Tamil Nadu|Villupuram|Tindivanam|Alagapuram,2025,47,97.0,2025-11-17
Tamil Nadu,Villupuram,Tindivanam,Alagapuram Gp,Alagapuram,Tamil Nadu|Villupuram|Tindivanam|Alagapuram,2025,48,111.0,2025-11-24
Tamil Nadu,Villupuram,Tindivanam,Alagapuram Gp,Alagapuram,Tamil Nadu|Villupuram|Tindivanam|Alagapuram,2025,49,100.0,2025-12-01
Tamil Nadu,Villupuram,Tindivanam,Alagapuram Gp,Alagapuram,Tamil Nadu|Villupuram|Tindivanam|Alagapuram,2025,50,100.0,2025-12-08
Tamil Nadu,Villupuram,Tindivanam,Alagapuram Gp,Alagapuram,Tamil Nadu|Villupuram|Tindivanam|Alagapuram,2025,51,116.0,2025-12-15
Tamil Nadu,Villupuram,Tindivanam,Alagapuram Gp,Alagapuram,Tamil Nadu|Villupuram|Tindivanam|Alagapuram,2025,52,115.0,2025-12-22
Tamil Nadu,Villupuram,Tindivanam,Thenmalai Gp,Thenmalai,Tamil Nadu|Villupuram|Tindivanam|Thenmalai,2024,1,126.0,2024-01-01
Tamil Nadu,Villupuram,Tindivanam,Thenmalai Gp,Thenmalai,Tamil Nadu|Villupuram|Tindivanam|Thenmalai,2024,2,128.0,2024-01-08
Tamil Nadu,Villupuram,Tindivanam,Thenmalai Gp,Thenmalai,Tamil Nadu|Villupuram|Tindivanam|Thenmalai,2024,3,139.0,2024-01-15
Tamil Nadu,Villupuram,Tindivanam,Thenmalai Gp,Thenmalai,Tamil Nadu|Villupuram|Tindivanam|Thenmalai,2024,4,134.0,2024-01-22
Tamil Nadu,Villupuram,Tindivanam,Thenmalai Gp,Thenmalai,Tamil Nadu|Villupuram|Tindivanam|Thenmalai,2024,5,148.0,2024-01-29
Tamil Nadu,Villupuram,Tindivanam,Thenmalai Gp,Thenmalai,Tamil Nadu|Villupuram|Tindivanam|Thenmalai,2024,6,135.0,2024-02-05
Tamil Nadu,Villupuram,Tindivanam,Thenmalai Gp,Thenmalai,Tamil Nadu|Villupuram|Tindivanam|Thenmalai,2024,7,160.0,2024-02-12
Tamil Nadu,Villupuram,Tindivanam,Thenmalai Gp,Thenmalai,Tamil Nadu|Villupuram|Tindivanam|Thenmalai,2024,8,158.0,2024-02-19
Tamil Nadu,Villupuram,Tindivanam,Thenmalai Gp,Thenmalai,Tamil Nadu|Villupuram|Tindivanam|Thenmalai,2024,9,159.0,2024-02-26
Tamil Nadu,Villupuram,Tindivanam,Thenmalai Gp,Thenmalai,Tamil Nadu|Villupuram|Tindivanam|Thenmalai,2024,10,166.0,2024-03-04
Tamil Nadu,Villupuram,Tindivanam,Thenmalai Gp,Thenmalai,Tamil Nadu|Villupuram|Tindivanam|Thenmalai,2024,11,173.0,2024-03-11
Tamil Nadu,Villupuram,Tindivanam,Thenmalai Gp,Thenmalai,Tamil Nadu|Villupuram|Tindivanam|Thenmalai,2024,12,169.0,2024-03-18
Tamil Nadu,Villupuram,Tindivanam,Thenmalai Gp,Thenmalai,Tamil Nadu|Villupuram|Tindivanam|Thenmalai,2024,13,148.0,2024-03-25
Tamil Nadu,Villupuram,Tindivanam,Thenmalai Gp,Thenmalai,Tamil Nadu|Villupuram|Tindivanam|Thenmalai,2024,14,153.0,2024-04-01
Tamil Nadu,Villupuram,Tindivanam,Thenmalai Gp,Thenmalai,Tamil Nadu|Villupuram|Tindivanam|Thenmalai,2024,15,157.0,2024-04-08
Tamil Nadu,Villupuram,Tindivanam,Thenmalai Gp,Thenmalai,Tamil Nadu|Villupuram|Tindivanam|Thenmalai,2024,16,162.0,2024-04-15
Tamil Nadu,Villupuram,Tindivanam,Thenmalai Gp,Thenmalai,Tamil Nadu|Villupuram|Tindivanam|Thenmalai,2024,17,164.0,2024-04-22
Tamil Nadu,Villupuram,Tindivanam,Thenmalai Gp,Thenmalai,Tamil Nadu|Villupuram|Tindivanam|Thenmalai,2024,18,153.0,2024-04-29
Tamil Nadu,Villupuram,Tindivanam,Thenmalai Gp,Thenmalai,Tamil Nadu|Villupuram|Tindivanam|Thenmalai,2024,19,158.0,2024-05-06
Tamil Nadu,Villupuram,Tindivanam,Thenmalai Gp,Thenmalai,Tamil Nadu|Villupuram|Tindivanam|Thenmalai,2024,20,148.0,2024-05-13
Tamil Nadu,Villupuram,Tindivanam,Thenmalai Gp,Thenmalai,Tamil Nadu|Villupuram|Tindivanam|Thenmalai,2024,21,147.0,2024-05-20
Tamil Nadu,Villupuram,Tindivanam,Thenmalai Gp,Thenmalai,Tamil Nadu|Villupuram|Tindivanam|Thenmalai,2024,22,137.0,2024-05-27
Tamil Nadu,Villupuram,Tindivanam,Thenmalai Gp,Thenmalai,Tamil Nadu|Villupuram|Tindivanam|Thenmalai,2024,23,138.0,2024-06-03
Tamil Nadu,Villupuram,Tindivanam,Thenmalai Gp,Thenmalai,Tamil Nadu|Villupuram|Tindivanam|Thenmalai,2024,24,131.0,2024-06-10
Tamil Nadu,Villupuram,Tindivanam,Thenmalai Gp,Thenmalai,Tamil Nadu|Villupuram|Tindivanam|Thenmalai,2024,25,130.0,2024-06-17
Tamil Nadu,Villupuram,Tindivanam,Thenmalai Gp,Thenmalai,Tamil Nadu|Villupuram|Tindivanam|Thenmalai,2024,26,142.0,2024-06-24
Tamil Nadu,Villupuram,Tindivanam,Thenmalai Gp,Thenmalai,Tamil Nadu|Villupuram|Tindivanam|Thenmalai,2024,27,123.0,2024-07-01
Tamil Nadu,Villupuram,Tindivanam,Thenmalai Gp,Thenmalai,Tamil Nadu|Villupuram|Tindivanam|Thenmalai,2024,28,147.0,2024-07-08
Tamil Nadu,Villupuram,Tindivanam,Thenmalai Gp,Thenmalai,Tamil Nadu|Villupuram|Tindivanam|Thenmalai,2024,29,126.0,2024-07-15
Tamil Nadu,Villupuram,Tindivanam,Thenmalai Gp,Thenmalai,Tamil Nadu|Villupuram|Tindivanam|Thenmalai,2024,30,120.0,2024-07-22
Tamil Nadu,Villupuram,Tindivanam,Thenmalai Gp,Thenmalai,Tamil Nadu|Villupuram|Tindivanam|Thenmalai,2024,31,108.0,2024-07-29
Tamil Nadu,Villupuram,Tindivanam,Thenmalai Gp,Thenmalai,Tamil Nadu|Villupuram|Tindivanam|Thenmalai,2024,32,117.0,2024-08-05
Tamil Nadu,Villupuram,Tindivanam,Thenmalai Gp,Thenmalai,Tamil Nadu|Villupuram|Tindivanam|Thenmalai,2024,33,104.0,2024-08-12
Tamil Nadu,Villupuram,Tindivanam,Thenmalai Gp,Thenmalai,Tamil Nadu|Villupuram|Tindivanam|Thenmalai,2024,34,107.0,2024-08-19
Tamil Nadu,Villupuram,Tindivanam,Thenmalai Gp,Thenmalai,Tamil Nadu|Villupuram|Tindivanam|Thenmalai,2024,35,123.0,2024-08-26
Tamil Nadu,Villupuram,Tindivanam,Thenmalai Gp,Thenmalai,Tamil Nadu|Villupuram|Tindivanam|Thenmalai,2024,36,100.0,2024-09-02
Tamil Nadu,Villupuram,Tindivanam,Thenmalai Gp,Thenmalai,Tamil Nadu|Villupuram|Tindivanam|Thenmalai,2024,37,109.0,2024-09-09
Tamil Nadu,Villupuram,Tindivanam,Thenmalai Gp,Thenmalai,Tamil Nadu|Villupuram|Tindivanam|Thenmalai,2024,38,93.0,2024-09-16
Tamil Nadu,Villupuram,Tindivanam,Thenmalai Gp,Thenmalai,Tamil Nadu|Villupuram|Tindivanam|Thenmalai,2024,39,97.0,2024-09-23
Tamil Nadu,Villupuram,Tindivanam,Thenmalai Gp,Thenmalai,Tamil Nadu|Villupuram|Tindivanam|Thenmalai,2024,40,111.0,2024-09-30
Tamil Nadu,Villupuram,Tindivanam,Thenmalai Gp,Thenmalai,Tamil Nadu|Villupuram|Tindivanam|Thenmalai,2024,41,93.0,2024-10-07
Tamil Nadu,Villupuram,Tindivanam,Thenmalai Gp,Thenmalai,Tamil Nadu|Villupuram|Tindivanam|Thenmalai,2024,42,113.0,2024-10-14
Tamil Nadu,Villupuram,Tindivanam,Thenmalai Gp,Thenmalai,Tamil Nadu|Villupuram|Tindivanam|Thenmalai,2024,43,105.0,2024-10-21
Tamil Nadu,Villupuram,Tindivanam,Thenmalai Gp,Thenmalai,Tamil Nadu|Villupuram|Tindivanam|Thenmalai,2024,44,97.0,2024-10-28
Tamil Nadu,Villupuram,Tindivanam,Thenmalai Gp,Thenmalai,Tamil Nadu|Villupuram|Tindivanam|Thenmalai,2024,45,108.0,2024-11-04
Tamil Nadu,Villupuram,Tindivanam,Thenmalai Gp,Thenmalai,Tamil Nadu|Villupuram|Tindivanam|Thenmalai,2024,46,113.0,2024-11-11
Tamil Nadu,Villupuram,Tindivanam,Thenmalai Gp,Thenmalai,Tamil Nadu|Villupuram|Tindivanam|Thenmalai,2024,47,113.0,2024-11-18
Tamil Nadu,Villupuram,Tindivanam,Thenmalai Gp,Thenmalai,Tamil Nadu|Villupuram|Tindivanam|Thenmalai,2024,48,99.0,2024-11-25
Tamil Nadu,Villupuram,Tindivanam,Thenmalai Gp,Thenmalai,Tamil Nadu|Villupuram|Tindivanam|Thenmalai,2024,49,109.0,2024-12-02
Tamil Nadu,Villupuram,Tindivanam,Thenmalai Gp,Thenmalai,Tamil Nadu|Villupuram|Tindivanam|Thenmalai,2024,50,117.0,2024-12-09
Tamil Nadu,Villupuram,Tindivanam,Thenmalai Gp,Thenmalai,Tamil Nadu|Villupuram|Tindivanam|Thenmalai,2024,51,122.0,2024-12-16
Tamil Nadu,Villupuram,Tindivanam,Thenmalai Gp,Thenmalai,Tamil Nadu|Villupuram|Tindivanam|Thenmalai,2024,52,131.0,2024-12-23
Tamil Nadu,Villupuram,Tindivanam,Thenmalai Gp,Thenmalai,Tamil Nadu|Villupuram|Tindivanam|Thenmalai,2025,1,131.0,2024-12-30
Tamil Nadu,Villupuram,Tindivanam,Thenmalai Gp,Thenmalai,Tamil Nadu|Villupuram|Tindivanam|Thenmalai,2025,2,124.0,2025-01-06
Tamil Nadu,Villupuram,Tindivanam,Thenmalai Gp,Thenmalai,Tamil Nadu|Villupuram|Tindivanam|Thenmalai,2025,3,141.0,2025-01-13
Tamil Nadu,Villupuram,Tindivanam,Thenmalai Gp,Thenmalai,Tamil Nadu|Villupuram|Tindivanam|Thenmalai,2025,4,146.0,2025-01-20
Tamil Nadu,Villupuram,Tindivanam,Thenmalai Gp,Thenmalai,Tamil Nadu|Villupuram|Tindivanam|Thenmalai,2025,5,149.0,2025-01-27
Tamil Nadu,Villupuram,Tindivanam,Thenmalai Gp,Thenmalai,Tamil Nadu|Villupuram|Tindivanam|Thenmalai,2025,6,157.0,2025-02-03
Tamil Nadu,Villupuram,Tindivanam,Thenmalai Gp,Thenmalai,Tamil Nadu|Villupuram|Tindivanam|Thenmalai,2025,7,158.0,2025-02-10
Tamil Nadu,Villupuram,Tindivanam,Thenmalai Gp,Thenmalai,Tamil Nadu|Villupuram|Tindivanam|Thenmalai,2025,8,158.0,2025-02-17
Tamil Nadu,Villupuram,Tindivanam,Thenmalai Gp,Thenmalai,Tamil Nadu|Villupuram|Tindivanam|Thenmalai,2025,9,156.0,2025-02-24
Tamil Nadu,Villupuram,Tindivanam,Thenmalai Gp,Thenmalai,Tamil Nadu|Villupuram|Tindivanam|Thenmalai,2025,10,146.0,2025-03-03
Tamil Nadu,Villupuram,Tindivanam,Thenmalai Gp,Thenmalai,Tamil Nadu|Villupuram|Tindivanam|Thenmalai,2025,11,164.0,2025-03-10
Tamil Nadu,Villupuram,Tindivanam,Thenmalai Gp,Thenmalai,Tamil Nadu|Villupuram|Tindivanam|Thenmalai,2025,12,163.0,2025-03-17
Tamil Nadu,Villupuram,Tindivanam,Thenmalai Gp,Thenmalai,Tamil Nadu|Villupuram|Tindivanam|Thenmalai,2025,13,164.0,2025-03-24
Tamil Nadu,Villupuram,Tindivanam,Thenmalai Gp,Thenmalai,Tamil Nadu|Villupuram|Tindivanam|Thenmalai,2025,14,153.0,2025-03-31
Tamil Nadu,Villupuram,Tindivanam,Thenmalai Gp,Thenmalai,Tamil Nadu|Villupuram|Tindivanam|Thenmalai,2025,15,154.0,2025-04-07
Tamil Nadu,Villupuram,Tindivanam,Thenmalai Gp,Thenmalai,Tamil Nadu|Villupuram|Tindivanam|Thenmalai,2025,16,170.0,2025-04-14
Tamil Nadu,Villupuram,Tindivanam,Thenmalai Gp,Thenmalai,Tamil Nadu|Villupuram|Tindivanam|Thenmalai,2025,17,160.0,2025-04-21
Tamil Nadu,Villupuram,Tindivanam,Thenmalai Gp,Thenmalai,Tamil Nadu|Villupuram|Tindivanam|Thenmalai,2025,18,164.0,2025-04-28
Tamil Nadu,Villupuram,Tindivanam,Thenmalai Gp,Thenmalai,Tamil Nadu|Villupuram|Tindivanam|Thenmalai,2025,19,157.0,2025-05-05
Tamil Nadu,Villupuram,Tindivanam,Thenmalai Gp,Thenmalai,Tamil Nadu|Villupuram|Tindivanam|Thenmalai,2025,20,155.0,2025-05-12
Tamil Nadu,Villupuram,Tindivanam,Thenmalai Gp,Thenmalai,Tamil Nadu|Villupuram|Tindivanam|Thenmalai,2025,21,159.0,2025-05-19
Tamil Nadu,Villupuram,Tindivanam,Thenmalai Gp,Thenmalai,Tamil Nadu|Villupuram|Tindivanam|Thenmalai,2025,22,144.0,2025-05-26
Tamil Nadu,Villupuram,Tindivanam,Thenmalai Gp,Thenmalai,Tamil Nadu|Villupuram|Tindivanam|Thenmalai,2025,23,146.0,2025-06-02
Tamil Nadu,Villupuram,Tindivanam,Thenmalai Gp,Thenmalai,Tamil Nadu|Villupuram|Tindivanam|Thenmalai,2025,24,138.0,2025-06-09
Tamil Nadu,Villupuram,Tindivanam,Thenmalai Gp,Thenmalai,Tamil Nadu|Villupuram|Tindivanam|Thenmalai,2025,25,134.0,2025-06-16
Tamil Nadu,Villupuram,Tindivanam,Thenmalai Gp,Thenmalai,Tamil Nadu|Villupuram|Tindivanam|Thenmalai,2025,26,132.0,2025-06-23
Tamil Nadu,Villupuram,Tindivanam,Thenmalai Gp,Thenmalai,Tamil Nadu|Villupuram|Tindivanam|Thenmalai,2025,27,132.0,2025-06-30
Tamil Nadu,Villupuram,Tindivanam,Thenmalai Gp,Thenmalai,Tamil Nadu|Villupuram|Tindivanam|Thenmalai,2025,28,122.0,2025-07-07
Tamil Nadu,Villupuram,Tindivanam,Thenmalai Gp,Thenmalai,Tamil Nadu|Villupuram|Tindivanam|Thenmalai,2025,29,132.0,2025-07-14
Tamil Nadu,Villupuram,Tindivanam,Thenmalai Gp,Thenmalai,Tamil Nadu|Villupuram|Tindivanam|Thenmalai,2025,30,111.0,2025-07-21
Tamil Nadu,Villupuram,Tindivanam,Thenmalai Gp,Thenmalai,Tamil Nadu|Villupuram|Tindivanam|Thenmalai,2025,31,113.0,2025-07-28
Tamil Nadu,Villupuram,Tindivanam,Thenmalai Gp,Thenmalai,Tamil Nadu|Villupuram|Tindivanam|Thenmalai,2025,32,108.0,2025-08-04
Tamil Nadu,Villupuram,Tindivanam,Thenmalai Gp,Thenmalai,Tamil Nadu|Villupuram|Tindivanam|Thenmalai,2025,33,120.0,2025-08-11
Tamil Nadu,Villupuram,Tindivanam,Thenmalai Gp,Thenmalai,Tamil Nadu|Villupuram|Tindivanam|Thenmalai,2025,34,107.0,2025-08-18
Tamil Nadu,Villupuram,Tindivanam,Thenmalai Gp,Thenmalai,Tamil Nadu|Villupuram|Tindivanam|Thenmalai,2025,35,111.0,2025-08-25
Tamil Nadu,Villupuram,Tindivanam,Thenmalai Gp,Thenmalai,Tamil Nadu|Villupuram|Tindivanam|Thenmalai,2025,36,90.0,2025-09-01
Tamil Nadu,Villupuram,Tindivanam,Thenmalai Gp,Thenmalai,Tamil Nadu|Villupuram|Tindivanam|Thenmalai,2025,37,102.0,2025-09-08
Tamil Nadu,Villupuram,Tindivanam,Thenmalai Gp,Thenmalai,Tamil Nadu|Villupuram|Tindivanam|Thenmalai,2025,38,105.0,2025-09-15
Tamil Nadu,Villupuram,Tindivanam,Thenmalai Gp,Thenmalai,Tamil Nadu|Villupuram|Tindivanam|Thenmalai,2025,39,98.0,2025-09-22
Tamil Nadu,Villupuram,Tindivanam,Thenmalai Gp,Thenmalai,Tamil Nadu|Villupuram|Tindivanam|Thenmalai,2025,40,106.0,2025-09-29
Tamil Nadu,Villupuram,Tindivanam,Thenmalai Gp,Thenmalai,Tamil Nadu|Villupuram|Tindivanam|Thenmalai,2025,41,94.0,2025-10-06
Tamil Nadu,Villupuram,Tindivanam,Thenmalai Gp,Thenmalai,Tamil Nadu|Villupuram|Tindivanam|Thenmalai,2025,42,109.0,2025-10-13
Tamil Nadu,Villupuram,Tindivanam,Thenmalai Gp,Thenmalai,Tamil Nadu|Villupuram|Tindivanam|Thenmalai,2025,43,118.0,2025-10-20
Tamil Nadu,Villupuram,Tindivanam,Thenmalai Gp,Thenmalai,Tamil Nadu|Villupuram|Tindivanam|Thenmalai,2025,44,98.0,2025-10-27
Tamil Nadu,Villupuram,Tindivanam,Thenmalai Gp,Thenmalai,Tamil Nadu|Villupuram|Tindivanam|Thenmalai,2025,45,100.0,2025-11-03
Tamil Nadu,Villupuram,Tindivanam,Thenmalai Gp,Thenmalai,Tamil Nadu|Villupuram|Tindivanam|Thenmalai,2025,46,117.0,2025-11-10
Tamil Nadu,Villupuram,Tindivanam,Thenmalai Gp,Thenmalai,Tamil Nadu|Villupuram|Tindivanam|Thenmalai,2025,47,207.0,2025-11-17
Tamil Nadu,Villupuram,Tindivanam,Thenmalai Gp,Thenmalai,Tamil Nadu|Villupuram|Tindivanam|Thenmalai,2025,48,236.0,2025-11-24
Tamil Nadu,Villupuram,Tindivanam,Thenmalai Gp,Thenmalai,Tamil Nadu|Villupuram|Tindivanam|Thenmalai,2025,49,283.0,2025-12-01
Tamil Nadu,Villupuram,Tindivanam,Thenmalai Gp,Thenmalai,Tamil Nadu|Villupuram|Tindivanam|Thenmalai,2025,50,329.0,2025-12-08
Tamil Nadu,Villupuram,Tindivanam,Thenmalai Gp,Thenmalai,Tamil Nadu|Villupuram|Tindivanam|Thenmalai,2025,51,367.0,2025-12-15
Tamil Nadu,Villupuram,Tindivanam,Thenmalai Gp,Thenmalai,Tamil Nadu|Villupuram|Tindivanam|Thenmalai,2025,52,415.0,2025-12-22
